[2026-04-02 15:38:12] [32minfo[39m: 🚀 Server running on port 5000
[2026-04-02 15:38:13] [32minfo[39m: 📦 Connected to PostgreSQL using Prisma 7 adapter
[2026-04-02 15:38:25] [32minfo[39m: 🚀 Server running on port 5000
[2026-04-02 15:38:25] [32minfo[39m: 📦 Connected to PostgreSQL using Prisma 7 adapter
[2026-04-02 15:38:47] [32minfo[39m: 🚀 Server running on port 5000
[2026-04-02 15:38:47] [32minfo[39m: 📦 Connected to PostgreSQL using Prisma 7 adapter
[2026-04-02 15:38:47] [32minfo[39m: 🚀 Server running on port 5000
[2026-04-02 15:38:47] [32minfo[39m: 📦 Connected to PostgreSQL using Prisma 7 adapter
[2026-04-02 15:43:39] [32minfo[39m: 🚀 Server running on port 5000
[2026-04-02 15:43:39] [32minfo[39m: 📦 Connected to PostgreSQL using Prisma 7 adapter
[2026-04-02 15:49:34] [32minfo[39m: 🚀 Server running on port 5000
[2026-04-02 15:49:34] [32minfo[39m: 🚀 Server running on port 5000
[2026-04-02 15:49:34] [32minfo[39m: 📦 Connected to PostgreSQL using Prisma 7 adapter
[2026-04-02 15:49:34] [32minfo[39m: 📦 Connected to PostgreSQL using Prisma 7 adapter
[2026-04-02 15:49:38] [32minfo[39m: 🚀 Server running on port 5000
[2026-04-02 15:49:38] [32minfo[39m: 📦 Connected to PostgreSQL using Prisma 7 adapter
[2026-04-02 15:49:38] [32minfo[39m: 🚀 Server running on port 5000
[2026-04-02 15:49:38] [32minfo[39m: 📦 Connected to PostgreSQL using Prisma 7 adapter
[2026-04-02 16:00:05] [32minfo[39m: 🚀 Server running on port 5000
[2026-04-02 16:00:05] [32minfo[39m: 🚀 Server running on port 5000
[2026-04-02 16:00:06] [32minfo[39m: 📦 Connected to PostgreSQL using Prisma 7 adapter
[2026-04-02 16:00:06] [32minfo[39m: 📦 Connected to PostgreSQL using Prisma 7 adapter
[2026-04-02 16:01:53] [32minfo[39m: 🚀 Server running on port 5000
[2026-04-02 16:01:53] [32minfo[39m: 📦 Connected to PostgreSQL using Prisma 7 adapter
[2026-04-02 16:01:53] [32minfo[39m: 🚀 Server running on port 5000
[2026-04-02 16:01:53] [32minfo[39m: 📦 Connected to PostgreSQL using Prisma 7 adapter
[2026-04-02 16:02:30] [32minfo[39m: 🚀 Server running on port 5000
[2026-04-02 16:02:30] [32minfo[39m: 📦 Connected to PostgreSQL using Prisma 7 adapter
[2026-04-02 16:05:03] [32minfo[39m: 🚀 Server running on port 5000
[2026-04-02 16:05:03] [32minfo[39m: 📦 Connected to PostgreSQL using Prisma 7 adapter
[2026-04-02 16:06:26] [32minfo[39m: 🚀 Server running on port 5000
[2026-04-02 16:06:26] [32minfo[39m: 🚀 Server running on port 5000
[2026-04-02 16:06:26] [32minfo[39m: 📦 Connected to PostgreSQL using Prisma 7 adapter
[2026-04-02 16:06:26] [32minfo[39m: 📦 Connected to PostgreSQL using Prisma 7 adapter
[2026-04-02 16:06:51] [32minfo[39m: 🚀 Server running on port 5000
[2026-04-02 16:06:51] [32minfo[39m: 📦 Connected to PostgreSQL using Prisma 7 adapter
[2026-04-02 16:08:06] [32minfo[39m: 🚀 Server running on port 5000
[2026-04-02 16:08:06] [32minfo[39m: 🚀 Server running on port 5000
[2026-04-02 16:08:06] [32minfo[39m: 📦 Connected to PostgreSQL using Prisma 7 adapter
[2026-04-02 16:08:06] [32minfo[39m: 📦 Connected to PostgreSQL using Prisma 7 adapter
[2026-04-02 16:08:33] [32minfo[39m: 🚀 Server running on port 5000
[2026-04-02 16:08:34] [32minfo[39m: 📦 Connected to PostgreSQL using Prisma 7 adapter
[2026-04-02 16:08:34] [32minfo[39m: 🚀 Server running on port 5000
[2026-04-02 16:08:34] [32minfo[39m: 📦 Connected to PostgreSQL using Prisma 7 adapter
[2026-04-02 16:09:02] [32minfo[39m: 📧 Attempting to send email to kirankatti550@gmail.com with subject: "Verify Email"
[2026-04-02 16:09:04] [32minfo[39m: ✅ Email sent successfully: <6115dd3f-ca85-2f9b-3eea-94aa6854291e@myapp.com>
[2026-04-02 16:24:52] [32minfo[39m: 📧 Attempting to send email to kirankatti550@gmail.com with subject: "Verify Email"
[2026-04-02 16:24:53] [32minfo[39m: ✅ Email sent successfully: <86faf96f-00b6-2bb1-cadb-4b1e5fba9a39@myapp.com>
[2026-04-02 16:26:26] [32minfo[39m: 🚀 Server running on port 5000
[2026-04-02 16:26:26] [32minfo[39m: 📦 Connected to PostgreSQL using Prisma 7 adapter
[2026-04-02 16:41:55] [32minfo[39m: 📧 Attempting to send email to kirankatti550@gmail.com with subject: "Verify Email"
[2026-04-02 16:41:58] [31merror[39m: ❌ Email sending failed: Invalid login: 535 Authentication failed
Error: Invalid login: 535 Authentication failed
    at SMTPConnection._formatError (E:\green-peddle\server\node_modules\nodemailer\lib\smtp-connection\index.js:865:19)
    at SMTPConnection._actionAUTHComplete (E:\green-peddle\server\node_modules\nodemailer\lib\smtp-connection\index.js:1673:34)
    at SMTPConnection.<anonymous> (E:\green-peddle\server\node_modules\nodemailer\lib\smtp-connection\index.js:604:26)
    at SMTPConnection._processResponse (E:\green-peddle\server\node_modules\nodemailer\lib\smtp-connection\index.js:1050:20)
    at SMTPConnection._onData (E:\green-peddle\server\node_modules\nodemailer\lib\smtp-connection\index.js:825:14)
    at TLSSocket.SMTPConnection._onSocketData (E:\green-peddle\server\node_modules\nodemailer\lib\smtp-connection\index.js:195:44)
    at TLSSocket.emit (node:events:518:28)
    at addChunk (node:internal/streams/readable:561:12)
    at readableAddChunkPushByteMode (node:internal/streams/readable:512:3)
    at TLSSocket.Readable.push (node:internal/streams/readable:392:5)
[2026-04-02 16:43:45] [32minfo[39m: 📧 Attempting to send email to kirankatti550@gmail.com with subject: "Verify Email"
[2026-04-02 16:43:47] [31merror[39m: ❌ Email sending failed: Invalid login: 535 Authentication failed
Error: Invalid login: 535 Authentication failed
    at SMTPConnection._formatError (E:\green-peddle\server\node_modules\nodemailer\lib\smtp-connection\index.js:865:19)
    at SMTPConnection._actionAUTHComplete (E:\green-peddle\server\node_modules\nodemailer\lib\smtp-connection\index.js:1673:34)
    at SMTPConnection.<anonymous> (E:\green-peddle\server\node_modules\nodemailer\lib\smtp-connection\index.js:604:26)
    at SMTPConnection._processResponse (E:\green-peddle\server\node_modules\nodemailer\lib\smtp-connection\index.js:1050:20)
    at SMTPConnection._onData (E:\green-peddle\server\node_modules\nodemailer\lib\smtp-connection\index.js:825:14)
    at TLSSocket.SMTPConnection._onSocketData (E:\green-peddle\server\node_modules\nodemailer\lib\smtp-connection\index.js:195:44)
    at TLSSocket.emit (node:events:518:28)
    at addChunk (node:internal/streams/readable:561:12)
    at readableAddChunkPushByteMode (node:internal/streams/readable:512:3)
    at TLSSocket.Readable.push (node:internal/streams/readable:392:5)
[2026-04-02 16:43:57] [32minfo[39m: 🚀 Server running on port 5000
[2026-04-02 16:43:57] [32minfo[39m: 📦 Connected to PostgreSQL using Prisma 7 adapter
[2026-04-02 16:45:05] [32minfo[39m: 📧 Attempting to send email to kirankatti550@gmail.com with subject: "Verify Email"
[2026-04-02 16:45:07] [31merror[39m: ❌ Email sending failed: Invalid login: 535 Authentication failed
Error: Invalid login: 535 Authentication failed
    at SMTPConnection._formatError (E:\green-peddle\server\node_modules\nodemailer\lib\smtp-connection\index.js:865:19)
    at SMTPConnection._actionAUTHComplete (E:\green-peddle\server\node_modules\nodemailer\lib\smtp-connection\index.js:1673:34)
    at SMTPConnection.<anonymous> (E:\green-peddle\server\node_modules\nodemailer\lib\smtp-connection\index.js:604:26)
    at SMTPConnection._processResponse (E:\green-peddle\server\node_modules\nodemailer\lib\smtp-connection\index.js:1050:20)
    at SMTPConnection._onData (E:\green-peddle\server\node_modules\nodemailer\lib\smtp-connection\index.js:825:14)
    at TLSSocket.SMTPConnection._onSocketData (E:\green-peddle\server\node_modules\nodemailer\lib\smtp-connection\index.js:195:44)
    at TLSSocket.emit (node:events:518:28)
    at addChunk (node:internal/streams/readable:561:12)
    at readableAddChunkPushByteMode (node:internal/streams/readable:512:3)
    at TLSSocket.Readable.push (node:internal/streams/readable:392:5)
[2026-04-02 16:47:33] [32minfo[39m: 🚀 Server running on port 5000
[2026-04-02 16:47:33] [32minfo[39m: 📦 Connected to PostgreSQL using Prisma 7 adapter
[2026-04-02 16:47:36] [32minfo[39m: 📧 Attempting to send email to kirankatti550@gmail.com with subject: "Verify Email"
[2026-04-02 16:47:39] [31merror[39m: ❌ Email sending failed: Invalid login: 535 Authentication failed
Error: Invalid login: 535 Authentication failed
    at SMTPConnection._formatError (E:\green-peddle\server\node_modules\nodemailer\lib\smtp-connection\index.js:865:19)
    at SMTPConnection._actionAUTHComplete (E:\green-peddle\server\node_modules\nodemailer\lib\smtp-connection\index.js:1673:34)
    at SMTPConnection.<anonymous> (E:\green-peddle\server\node_modules\nodemailer\lib\smtp-connection\index.js:604:26)
    at SMTPConnection._processResponse (E:\green-peddle\server\node_modules\nodemailer\lib\smtp-connection\index.js:1050:20)
    at SMTPConnection._onData (E:\green-peddle\server\node_modules\nodemailer\lib\smtp-connection\index.js:825:14)
    at TLSSocket.SMTPConnection._onSocketData (E:\green-peddle\server\node_modules\nodemailer\lib\smtp-connection\index.js:195:44)
    at TLSSocket.emit (node:events:518:28)
    at addChunk (node:internal/streams/readable:561:12)
    at readableAddChunkPushByteMode (node:internal/streams/readable:512:3)
    at TLSSocket.Readable.push (node:internal/streams/readable:392:5)
[2026-04-02 17:07:26] [32minfo[39m: 📧 Attempting to send email to kirankatti550@gmail.com with subject: "Verify Email"
[2026-04-02 17:07:30] [31merror[39m: ❌ Email sending failed: Invalid login: 535 Authentication failed
Error: Invalid login: 535 Authentication failed
    at SMTPConnection._formatError (E:\green-peddle\server\node_modules\nodemailer\lib\smtp-connection\index.js:865:19)
    at SMTPConnection._actionAUTHComplete (E:\green-peddle\server\node_modules\nodemailer\lib\smtp-connection\index.js:1673:34)
    at SMTPConnection.<anonymous> (E:\green-peddle\server\node_modules\nodemailer\lib\smtp-connection\index.js:604:26)
    at SMTPConnection._processResponse (E:\green-peddle\server\node_modules\nodemailer\lib\smtp-connection\index.js:1050:20)
    at SMTPConnection._onData (E:\green-peddle\server\node_modules\nodemailer\lib\smtp-connection\index.js:825:14)
    at TLSSocket.SMTPConnection._onSocketData (E:\green-peddle\server\node_modules\nodemailer\lib\smtp-connection\index.js:195:44)
    at TLSSocket.emit (node:events:518:28)
    at addChunk (node:internal/streams/readable:561:12)
    at readableAddChunkPushByteMode (node:internal/streams/readable:512:3)
    at TLSSocket.Readable.push (node:internal/streams/readable:392:5)
[2026-04-02 17:10:05] [32minfo[39m: 🚀 Server running on port 5000
[2026-04-02 17:10:06] [32minfo[39m: 📦 Connected to PostgreSQL using Prisma 7 adapter
[2026-04-02 17:10:36] [32minfo[39m: 📧 Attempting to send email to kirankatti550@gmail.com with subject: "Verify Email"
[2026-04-02 17:10:37] [32minfo[39m: ✅ Email sent successfully: <115b65fc-08e3-beb4-a75c-73292a8fa093@myapp.com>
[2026-04-02 17:13:09] [32minfo[39m: 📧 Attempting to send email to newwongamer@gmail.com with subject: "Verify Email"
[2026-04-02 17:13:10] [32minfo[39m: ✅ Email sent successfully: <8c02c292-c722-26a1-a7ce-d8fc1bf42e0c@myapp.com>
[2026-04-02 17:20:27] [32minfo[39m: 🚀 Server running on port 5000
[2026-04-02 17:20:27] [32minfo[39m: 📦 Connected to PostgreSQL using Prisma 7 adapter
[2026-04-02 17:21:51] [32minfo[39m: 📧 Attempting to send email to kirankatti550@gmail.com with subject: "Verify Email"
[2026-04-02 17:21:52] [32minfo[39m: ✅ Email sent successfully: <fba80bb7-cac6-2c0b-4922-26e05ab16a33@myapp.com>
[2026-04-02 17:22:16] [32minfo[39m: 🚀 Server running on port 5000
[2026-04-02 17:22:16] [32minfo[39m: 📦 Connected to PostgreSQL using Prisma 7 adapter
[2026-04-02 17:22:28] [32minfo[39m: 📧 Attempting to send email to kirankatti550@gmail.com with subject: "Verify Email"
[2026-04-02 17:22:29] [32minfo[39m: ✅ Email sent successfully: <755674ba-e64c-529e-246e-b19da8f611f8@myapp.com>
[2026-04-02 17:42:34] [32minfo[39m: 🚀 Server running on port 5000
[2026-04-02 17:42:34] [32minfo[39m: 🚀 Server running on port 5000
[2026-04-02 17:42:34] [32minfo[39m: 📦 Connected to PostgreSQL using Prisma 7 adapter
[2026-04-02 17:42:34] [32minfo[39m: 📦 Connected to PostgreSQL using Prisma 7 adapter
[2026-04-02 17:43:24] [32minfo[39m: 🚀 Server running on port 5000
[2026-04-02 17:43:24] [32minfo[39m: 📦 Connected to PostgreSQL using Prisma 7 adapter
[2026-04-02 17:43:24] [32minfo[39m: 🚀 Server running on port 5000
[2026-04-02 17:43:24] [32minfo[39m: 📦 Connected to PostgreSQL using Prisma 7 adapter
[2026-04-02 17:43:42] [32minfo[39m: 🚀 Server running on port 5000
[2026-04-02 17:43:42] [32minfo[39m: 📦 Connected to PostgreSQL using Prisma 7 adapter
[2026-04-02 17:43:42] [32minfo[39m: 🚀 Server running on port 5000
[2026-04-02 17:43:42] [32minfo[39m: 📦 Connected to PostgreSQL using Prisma 7 adapter
[2026-04-02 17:44:00] [32minfo[39m: 🚀 Server running on port 5000
[2026-04-02 17:44:01] [32minfo[39m: 📦 Connected to PostgreSQL using Prisma 7 adapter
[2026-04-02 17:44:00] [32minfo[39m: 🚀 Server running on port 5000
[2026-04-02 17:44:01] [32minfo[39m: 📦 Connected to PostgreSQL using Prisma 7 adapter
[2026-04-03 08:57:54] [32minfo[39m: 🚀 Server running on port 5000
[2026-04-03 08:57:54] [32minfo[39m: 📦 Connected to PostgreSQL using Prisma 7 adapter
[2026-04-03 08:57:57] [32minfo[39m: ✅ Email sent successfully: <f24500bd-0c72-b8e0-1c22-75f79e84a0c8@smtp-brevo.com>
[2026-04-03 09:08:08] [32minfo[39m: 🚀 Server running on port 5000
[2026-04-03 09:08:08] [32minfo[39m: 📦 Connected to PostgreSQL using Prisma 7 adapter
[2026-04-03 09:08:09] [32minfo[39m: 🚀 Server running on port 5000
[2026-04-03 09:08:09] [32minfo[39m: 📦 Connected to PostgreSQL using Prisma 7 adapter
[2026-04-03 09:08:53] [32minfo[39m: 📧 Attempting to send email to test@example.com with subject: "Verify Email"
[2026-04-03 09:08:53] [31merror[39m: ❌ Email sending failed: Email configuration missing: EMAIL_FROM
Error: Email configuration missing: EMAIL_FROM
    at getEmailTransporter (E:\green-peddle\server\src\utils\email.ts:17:11)
    at sendEmail (E:\green-peddle\server\src\utils\email.ts:43:25)
    at Object.register (E:\green-peddle\server\src\modules\auth\auth.service.ts:53:18)
    at processTicksAndRejections (node:internal/process/task_queues:105:5)
    at register (E:\green-peddle\server\src\modules\auth\auth.controller.ts:16:18)
[2026-04-03 09:09:10] [32minfo[39m: 🚀 Server running on port 5000
[2026-04-03 09:09:10] [32minfo[39m: 📦 Connected to PostgreSQL using Prisma 7 adapter
[2026-04-03 09:09:18] [32minfo[39m: 📧 Attempting to send email to test@example.com with subject: "Verify Email"
[2026-04-03 09:09:18] [31merror[39m: ❌ Email sending failed: Email configuration missing: EMAIL_FROM
Error: Email configuration missing: EMAIL_FROM
    at getEmailTransporter (E:\green-peddle\server\src\utils\email.ts:17:11)
    at sendEmail (E:\green-peddle\server\src\utils\email.ts:43:25)
    at Object.register (E:\green-peddle\server\src\modules\auth\auth.service.ts:53:18)
    at processTicksAndRejections (node:internal/process/task_queues:105:5)
    at register (E:\green-peddle\server\src\modules\auth\auth.controller.ts:16:18)
[2026-04-03 09:10:39] [32minfo[39m: 🚀 Server running on port 5000
[2026-04-03 09:10:39] [32minfo[39m: 📦 Connected to PostgreSQL using Prisma 7 adapter
[2026-04-03 09:10:45] [32minfo[39m: 📧 Attempting to send email to test@example.com with subject: "Verify Email"
[2026-04-03 09:10:50] [32minfo[39m: ✅ Email sent successfully: <5b5712cc-6e14-3cea-163a-704187d2458d@localhost>
[2026-04-03 09:12:27] [32minfo[39m: 🚀 Server running on port 5000
[2026-04-03 09:12:27] [32minfo[39m: 📦 Connected to PostgreSQL using Prisma 7 adapter
[2026-04-03 09:12:31] [32minfo[39m: 📧 Attempting to send email to test@example.com with subject: "Verify Email"
[2026-04-03 09:12:36] [32minfo[39m: ✅ Email sent successfully: <e6cfb3dc-1a50-d08a-3f5b-2c254ff11742@localhost>
[2026-04-03 09:14:23] [32minfo[39m: 🚀 Server running on port 5000
[2026-04-03 09:14:23] [32minfo[39m: 📦 Connected to PostgreSQL using Prisma 7 adapter
[2026-04-03 09:14:34] [32minfo[39m: 📧 Attempting to send email to test@example.com with subject: "Verify Email"
[2026-04-03 09:14:38] [32minfo[39m: ✅ Email sent successfully: <974db64e-02a3-be86-adfa-e232e144e05f@localhost>
[2026-04-03 09:15:36] [32minfo[39m: 🚀 Server running on port 5000
[2026-04-03 09:15:36] [32minfo[39m: 📦 Connected to PostgreSQL using Prisma 7 adapter
[2026-04-03 09:15:39] [32minfo[39m: 🚀 Server running on port 5000
[2026-04-03 09:15:39] [32minfo[39m: 📦 Connected to PostgreSQL using Prisma 7 adapter
[2026-04-03 09:15:44] [32minfo[39m: 📧 Attempting to send email to test@example.com with subject: "Verify Email"
[2026-04-03 09:15:48] [32minfo[39m: ✅ Email sent successfully: <261a7dfb-c0f8-055e-f22b-8156c154872e@localhost>
[2026-04-03 09:27:12] [32minfo[39m: 📧 Attempting to send email to test@example.com with subject: "Verify Email"
[2026-04-03 09:27:16] [32minfo[39m: ✅ Email sent successfully: <b7e45830-e40f-53cb-c600-e622277e90e0@localhost>
[2026-04-03 09:35:24] [32minfo[39m: 🚀 Server running on port 5000
[2026-04-03 09:35:24] [32minfo[39m: 📦 Connected to PostgreSQL using Prisma 7 adapter
[2026-04-03 09:44:52] [32minfo[39m: 🚀 Server running on port 5000
[2026-04-03 09:44:52] [32minfo[39m: 📦 Connected to PostgreSQL using Prisma 7 adapter
[2026-04-03 09:45:17] [32minfo[39m: 🚀 Server running on port 5000
[2026-04-03 09:45:17] [32minfo[39m: 📦 Connected to PostgreSQL using Prisma 7 adapter
[2026-04-03 09:46:25] [32minfo[39m: 🚀 Server running on port 5000
[2026-04-03 09:46:25] [32minfo[39m: 📦 Connected to PostgreSQL using Prisma 7 adapter
[2026-04-03 09:47:11] [32minfo[39m: 🚀 Server running on port 5000
[2026-04-03 09:47:11] [32minfo[39m: 📦 Connected to PostgreSQL using Prisma 7 adapter
[2026-04-03 09:48:09] [32minfo[39m: 🚀 Server running on port 5000
[2026-04-03 09:48:09] [32minfo[39m: 📦 Connected to PostgreSQL using Prisma 7 adapter
[2026-04-03 09:48:14] [32minfo[39m: 🚀 Server running on port 5000
[2026-04-03 09:48:14] [32minfo[39m: 📦 Connected to PostgreSQL using Prisma 7 adapter
[2026-04-03 14:44:27] [32minfo[39m: 🚀 Server running on port 5000
[2026-04-03 14:44:27] [32minfo[39m: 📦 Connected to PostgreSQL using Prisma 7 adapter
[2026-04-03 14:44:45] [32minfo[39m: 🚀 Server running on port 5000
[2026-04-03 14:44:45] [32minfo[39m: 📦 Connected to PostgreSQL using Prisma 7 adapter
[2026-04-03 14:44:53] [32minfo[39m: 🚀 Server running on port 5000
[2026-04-03 14:44:53] [32minfo[39m: 📦 Connected to PostgreSQL using Prisma 7 adapter
[2026-04-03 14:46:00] [32minfo[39m: 🚀 Server running on port 5000
[2026-04-03 14:46:00] [32minfo[39m: 📦 Connected to PostgreSQL using Prisma 7 adapter
[2026-04-03 14:46:03] [32minfo[39m: 🚀 Server running on port 5000
[2026-04-03 14:46:03] [32minfo[39m: 📦 Connected to PostgreSQL using Prisma 7 adapter
[2026-04-03 14:46:48] [32minfo[39m: 🚀 Server running on port 5000
[2026-04-03 14:46:48] [32minfo[39m: 📦 Connected to PostgreSQL using Prisma 7 adapter
[2026-04-03 14:46:49] [32minfo[39m: 🚀 Server running on port 5000
[2026-04-03 14:46:49] [32minfo[39m: 📦 Connected to PostgreSQL using Prisma 7 adapter
[2026-04-03 14:47:31] [32minfo[39m: 🚀 Server running on port 5000
[2026-04-03 14:47:31] [32minfo[39m: 📦 Connected to PostgreSQL using Prisma 7 adapter
[2026-04-03 14:47:44] [32minfo[39m: 🚀 Server running on port 5000
[2026-04-03 14:47:44] [32minfo[39m: 📦 Connected to PostgreSQL using Prisma 7 adapter
[2026-04-03 14:47:47] [32minfo[39m: 🚀 Server running on port 5000
[2026-04-03 14:47:47] [32minfo[39m: 📦 Connected to PostgreSQL using Prisma 7 adapter
[2026-04-03 14:55:11] [32minfo[39m: 🚀 Server running on port 5000
[2026-04-03 14:55:11] [32minfo[39m: 📦 Connected to PostgreSQL using Prisma 7 adapter
[2026-04-03 14:56:28] [32minfo[39m: 🚀 Server running on port 5000
[2026-04-03 14:56:28] [32minfo[39m: 📦 Connected to PostgreSQL using Prisma 7 adapter
[2026-04-03 15:20:28] [32minfo[39m: 🚀 Server running on port 5000
[2026-04-03 15:20:28] [32minfo[39m: 📦 Connected to PostgreSQL using Prisma 7 adapter
[2026-04-03 15:25:35] [32minfo[39m: 🚀 Server running on port 5000
[2026-04-03 15:25:35] [32minfo[39m: 📦 Connected to PostgreSQL using Prisma 7 adapter
[2026-04-03 15:26:50] [32minfo[39m: 🚀 Server running on port 5000
[2026-04-03 15:26:50] [32minfo[39m: 📦 Connected to PostgreSQL using Prisma 7 adapter
[2026-04-03 15:28:04] [32minfo[39m: 🚀 Server running on port 5000
[2026-04-03 15:28:04] [32minfo[39m: 📦 Connected to PostgreSQL using Prisma 7 adapter
[2026-04-03 15:29:55] [32minfo[39m: 🚀 Server running on port 5000
[2026-04-03 15:29:55] [32minfo[39m: 📦 Connected to PostgreSQL using Prisma 7 adapter
[2026-04-03 15:30:37] [32minfo[39m: 🚀 Server running on port 5000
[2026-04-03 15:30:38] [32minfo[39m: 📦 Connected to PostgreSQL using Prisma 7 adapter
[2026-04-03 15:31:06] [32minfo[39m: 🚀 Server running on port 5000
[2026-04-03 15:31:06] [32minfo[39m: 📦 Connected to PostgreSQL using Prisma 7 adapter
[2026-04-03 15:31:41] [32minfo[39m: 🚀 Server running on port 5000
[2026-04-03 15:31:41] [32minfo[39m: 📦 Connected to PostgreSQL using Prisma 7 adapter
[2026-04-03 15:32:27] [32minfo[39m: 🚀 Server running on port 5000
[2026-04-03 15:32:27] [32minfo[39m: 📦 Connected to PostgreSQL using Prisma 7 adapter
[2026-04-03 15:32:35] [32minfo[39m: 🚀 Server running on port 5000
[2026-04-03 15:32:35] [32minfo[39m: 📦 Connected to PostgreSQL using Prisma 7 adapter
[2026-04-03 15:32:46] [32minfo[39m: 🚀 Server running on port 5000
[2026-04-03 15:32:46] [32minfo[39m: 📦 Connected to PostgreSQL using Prisma 7 adapter
[2026-04-05 16:14:35] [32minfo[39m: 🚀 Server running on port 5000
[2026-04-05 16:14:36] [32minfo[39m: 📦 Connected to PostgreSQL using Prisma 7 adapter
[2026-04-05 23:50:17] [32minfo[39m: 📧 Attempting to send email to kirankatti550@gmail.com with subject: "Reset Password"
[2026-04-05 23:50:17] [31merror[39m: ❌ Email sending failed: Email configuration missing: EMAIL_FROM
Error: Email configuration missing: EMAIL_FROM
    at getEmailTransporter (E:\green-peddle\server\src\utils\email.ts:18:11)
    at sendEmail (E:\green-peddle\server\src\utils\email.ts:44:25)
    at Object.forgotPassword (E:\green-peddle\server\src\modules\auth\auth.service.ts:189:18)
    at processTicksAndRejections (node:internal/process/task_queues:105:5)
    at forgotPassword (E:\green-peddle\server\src\modules\auth\auth.controller.ts:54:18)
[2026-04-05 23:50:58] [32minfo[39m: 📧 Attempting to send email to kirankatti550@gmail.com with subject: "Reset Password"
[2026-04-05 23:50:58] [31merror[39m: ❌ Email sending failed: Email configuration missing: EMAIL_FROM
Error: Email configuration missing: EMAIL_FROM
    at getEmailTransporter (E:\green-peddle\server\src\utils\email.ts:18:11)
    at sendEmail (E:\green-peddle\server\src\utils\email.ts:44:25)
    at Object.forgotPassword (E:\green-peddle\server\src\modules\auth\auth.service.ts:189:18)
    at processTicksAndRejections (node:internal/process/task_queues:105:5)
    at forgotPassword (E:\green-peddle\server\src\modules\auth\auth.controller.ts:54:18)
[2026-04-05 23:54:50] [32minfo[39m: 📧 Attempting to send email to om@gmail.com with subject: "Verify Email"
[2026-04-05 23:54:50] [31merror[39m: ❌ Email sending failed: Email configuration missing: EMAIL_FROM
Error: Email configuration missing: EMAIL_FROM
    at getEmailTransporter (E:\green-peddle\server\src\utils\email.ts:18:11)
    at sendEmail (E:\green-peddle\server\src\utils\email.ts:44:25)
    at Object.register (E:\green-peddle\server\src\modules\auth\auth.service.ts:53:18)
    at processTicksAndRejections (node:internal/process/task_queues:105:5)
    at register (E:\green-peddle\server\src\modules\auth\auth.controller.ts:16:18)
[2026-04-06 00:01:30] [32minfo[39m: 🚀 Server running on port 5000
[2026-04-06 00:01:31] [32minfo[39m: 📦 Connected to PostgreSQL using Prisma 7 adapter
[2026-04-06 00:02:02] [32minfo[39m: 📧 Attempting to send email to sham@gmail.com with subject: "Verify Email"
[2026-04-06 00:02:06] [32minfo[39m: ✅ Email sent successfully: <655292a2-16e5-346c-872b-c89e51b8ab6d@myapp.com>
[2026-04-06 00:03:01] [32minfo[39m: 🚀 Server running on port 5000
[2026-04-06 00:03:01] [32minfo[39m: 📦 Connected to PostgreSQL using Prisma 7 adapter
[2026-04-06 00:03:58] [32minfo[39m: 📧 Attempting to send email to swati@gmail.com with subject: "Verify Email"
[2026-04-06 00:04:02] [32minfo[39m: ✅ Email sent successfully: <951788cc-4f2e-060a-d80e-5cd1db0e7acf@myapp.com>
[2026-04-06 00:06:55] [32minfo[39m: 📧 Attempting to send email to kirankatti550@gmail.com with subject: "Reset Password"
[2026-04-06 00:06:59] [32minfo[39m: ✅ Email sent successfully: <adad1771-3a05-ae5b-5b5d-71bf65c420c5@myapp.com>
[2026-04-06 00:07:25] [32minfo[39m: 🚀 Server running on port 5000
[2026-04-06 00:07:25] [32minfo[39m: 📦 Connected to PostgreSQL using Prisma 7 adapter
[2026-04-06 00:07:31] [32minfo[39m: 📧 Attempting to send email to kirankatti550@gmail.com with subject: "Reset Password"
[2026-04-06 00:07:36] [32minfo[39m: ✅ Email sent successfully: <ec3eee55-00ac-9fd4-b3de-dec093a321c6@myapp.com>
[2026-04-06 00:07:46] [32minfo[39m: 🚀 Server running on port 5000
[2026-04-06 00:07:46] [32minfo[39m: 📦 Connected to PostgreSQL using Prisma 7 adapter
[2026-04-06 00:07:51] [32minfo[39m: 📧 Attempting to send email to kirankatti550@gmail.com with subject: "Reset Password"
[2026-04-06 00:07:55] [32minfo[39m: ✅ Email sent successfully: <1b7bf611-f000-d454-92be-91bb67441d14@myapp.com>
[2026-04-06 00:10:23] [32minfo[39m: 🚀 Server running on port 5000
[2026-04-06 00:10:23] [32minfo[39m: 📦 Connected to PostgreSQL using Prisma 7 adapter
[2026-04-06 00:10:28] [32minfo[39m: 🚀 Server running on port 5000
[2026-04-06 00:10:28] [32minfo[39m: 📦 Connected to PostgreSQL using Prisma 7 adapter
[2026-04-06 00:10:34] [32minfo[39m: 🚀 Server running on port 5000
[2026-04-06 00:10:34] [32minfo[39m: 📦 Connected to PostgreSQL using Prisma 7 adapter
[2026-04-06 00:12:24] [32minfo[39m: 📧 Attempting to send email to swa@gmail.com with subject: "Verify Email"
[2026-04-06 00:12:28] [32minfo[39m: ✅ Email sent successfully: <0438685d-cc2d-8f98-0fff-ec2958ac3a1e@myapp.com>
[2026-04-06 00:18:45] [32minfo[39m: 🚀 Server running on port 5000
[2026-04-06 00:18:45] [32minfo[39m: 📦 Connected to PostgreSQL using Prisma 7 adapter
[2026-04-06 00:21:01] [32minfo[39m: 🚀 Server running on port 5000
[2026-04-06 00:21:01] [32minfo[39m: 📦 Connected to PostgreSQL using Prisma 7 adapter
[2026-04-06 00:21:21] [32minfo[39m: 🚀 Server running on port 5000
[2026-04-06 00:21:21] [32minfo[39m: 📦 Connected to PostgreSQL using Prisma 7 adapter
[2026-04-06 00:22:54] [32minfo[39m: 🚀 Server running on port 5000
[2026-04-06 00:22:54] [32minfo[39m: 📦 Connected to PostgreSQL using Prisma 7 adapter
[2026-04-06 00:28:23] [32minfo[39m: 📧 Attempting to send email to kirankatti550@gmail.com with subject: "Reset Password"
[2026-04-06 00:28:27] [32minfo[39m: ✅ Email sent successfully: <598a7652-7e8d-e9ed-381b-8a3c84457740@myapp.com>
[2026-04-06 00:29:43] [32minfo[39m: 🚀 Server running on port 5000
[2026-04-06 00:29:43] [32minfo[39m: 📦 Connected to PostgreSQL using Prisma 7 adapter
[2026-04-06 00:29:58] [32minfo[39m: 🚀 Server running on port 5000
[2026-04-06 00:29:58] [32minfo[39m: 📦 Connected to PostgreSQL using Prisma 7 adapter
[2026-04-06 00:30:19] [32minfo[39m: 📧 Attempting to send email to kirankatti550@gmail.com with subject: "Reset Password"
[2026-04-06 00:30:23] [32minfo[39m: ✅ Email sent successfully: <e9d93ab4-7de5-879e-d0e4-78feec9041c5@myapp.com>
[2026-04-06 00:33:54] [32minfo[39m: 🚀 Server running on port 5000
[2026-04-06 00:33:54] [32minfo[39m: 📦 Connected to PostgreSQL using Prisma 7 adapter
[2026-04-06 00:34:32] [32minfo[39m: 📧 Attempting to send email to kirankatti550@gmail.com with subject: "Reset Password"
[2026-04-06 00:34:37] [32minfo[39m: ✅ Email sent successfully: <b51c1102-5491-108b-9ba6-e2518219dbf4@myapp.com>
[2026-04-06 10:53:54] [32minfo[39m: 🚀 Server running on port 5000
[2026-04-06 10:53:54] [32minfo[39m: 📦 Connected to PostgreSQL using Prisma 7 adapter
[2026-04-06 11:50:41] [32minfo[39m: 🚀 Server running on port 5000
[2026-04-06 11:50:41] [32minfo[39m: 📦 Connected to PostgreSQL using Prisma 7 adapter
[2026-04-06 11:51:01] [32minfo[39m: 🚀 Server running on port 5000
[2026-04-06 11:51:01] [32minfo[39m: 📦 Connected to PostgreSQL using Prisma 7 adapter
[2026-04-06 11:51:07] [32minfo[39m: 🚀 Server running on port 5000
[2026-04-06 11:51:07] [32minfo[39m: 📦 Connected to PostgreSQL using Prisma 7 adapter
[2026-04-06 11:51:12] [32minfo[39m: 🚀 Server running on port 5000
[2026-04-06 11:51:12] [32minfo[39m: 📦 Connected to PostgreSQL using Prisma 7 adapter
[2026-04-06 11:51:19] [32minfo[39m: 🚀 Server running on port 5000
[2026-04-06 11:51:19] [32minfo[39m: 📦 Connected to PostgreSQL using Prisma 7 adapter
[2026-04-06 11:51:26] [32minfo[39m: 🚀 Server running on port 5000
[2026-04-06 11:51:26] [32minfo[39m: 📦 Connected to PostgreSQL using Prisma 7 adapter
[2026-04-06 11:51:46] [32minfo[39m: 🚀 Server running on port 5000
[2026-04-06 11:51:46] [32minfo[39m: 📦 Connected to PostgreSQL using Prisma 7 adapter
[2026-04-06 11:55:58] [32minfo[39m: 🚀 Server running on port 5000
[2026-04-06 11:55:58] [32minfo[39m: 📦 Connected to PostgreSQL using Prisma 7 adapter
[2026-04-06 11:56:17] [32minfo[39m: 🚀 Server running on port 5000
[2026-04-06 11:56:17] [32minfo[39m: 📦 Connected to PostgreSQL using Prisma 7 adapter
[2026-04-06 11:56:19] [32minfo[39m: 🚀 Server running on port 5000
[2026-04-06 11:56:19] [32minfo[39m: 📦 Connected to PostgreSQL using Prisma 7 adapter
[2026-04-06 12:24:45] [32minfo[39m: 🚀 Server running on port 5000
[2026-04-06 12:24:46] [32minfo[39m: 📦 Connected to PostgreSQL using Prisma 7 adapter
[2026-04-06 13:02:30] [32minfo[39m: 🚀 Server running on port 5000
[2026-04-06 13:02:30] [32minfo[39m: 📦 Connected to PostgreSQL using Prisma 7 adapter
[2026-04-06 13:02:34] [32minfo[39m: 🚀 Server running on port 5000
[2026-04-06 13:02:34] [32minfo[39m: 📦 Connected to PostgreSQL using Prisma 7 adapter
[2026-04-06 13:03:38] [32minfo[39m: 🚀 Server running on port 5000
[2026-04-06 13:03:38] [32minfo[39m: 📦 Connected to PostgreSQL using Prisma 7 adapter
[2026-04-06 17:59:23] [32minfo[39m: 🚀 Server running on port 5000
[2026-04-06 17:59:23] [32minfo[39m: 📦 Connected to PostgreSQL using Prisma 7 adapter
[2026-04-06 17:59:48] [32minfo[39m: 🚀 Server running on port 5000
[2026-04-06 17:59:48] [32minfo[39m: 📦 Connected to PostgreSQL using Prisma 7 adapter
[2026-04-06 18:00:09] [32minfo[39m: 🚀 Server running on port 5000
[2026-04-06 18:00:09] [32minfo[39m: 📦 Connected to PostgreSQL using Prisma 7 adapter
[2026-04-06 18:00:17] [32minfo[39m: 🚀 Server running on port 5000
[2026-04-06 18:00:17] [32minfo[39m: 📦 Connected to PostgreSQL using Prisma 7 adapter
[2026-04-06 18:00:24] [32minfo[39m: 🚀 Server running on port 5000
[2026-04-06 18:00:24] [32minfo[39m: 📦 Connected to PostgreSQL using Prisma 7 adapter
[2026-04-06 18:00:30] [32minfo[39m: 🚀 Server running on port 5000
[2026-04-06 18:00:30] [32minfo[39m: 📦 Connected to PostgreSQL using Prisma 7 adapter
[2026-04-06 18:00:36] [32minfo[39m: 🚀 Server running on port 5000
[2026-04-06 18:00:36] [32minfo[39m: 📦 Connected to PostgreSQL using Prisma 7 adapter
[2026-04-06 18:02:57] [32minfo[39m: 🚀 Server running on port 5000
[2026-04-06 18:02:58] [32minfo[39m: 📦 Connected to PostgreSQL using Prisma 7 adapter
[2026-04-06 18:03:05] [32minfo[39m: 🚀 Server running on port 5000
[2026-04-06 18:03:05] [32minfo[39m: 📦 Connected to PostgreSQL using Prisma 7 adapter
[2026-04-06 18:25:44] [32minfo[39m: 🚀 Server running on port 5000
[2026-04-06 18:25:44] [32minfo[39m: 📦 Connected to PostgreSQL using Prisma 7 adapter
[2026-04-06 18:25:53] [32minfo[39m: 🚀 Server running on port 5000
[2026-04-06 18:25:53] [32minfo[39m: 📦 Connected to PostgreSQL using Prisma 7 adapter
[2026-04-06 18:26:08] [32minfo[39m: 🚀 Server running on port 5000
[2026-04-06 18:26:08] [32minfo[39m: 📦 Connected to PostgreSQL using Prisma 7 adapter
[2026-04-06 18:26:17] [32minfo[39m: 🚀 Server running on port 5000
[2026-04-06 18:26:17] [32minfo[39m: 📦 Connected to PostgreSQL using Prisma 7 adapter
[2026-04-06 18:26:25] [32minfo[39m: 🚀 Server running on port 5000
[2026-04-06 18:26:25] [32minfo[39m: 📦 Connected to PostgreSQL using Prisma 7 adapter
[2026-04-08 18:30:43] [32minfo[39m: 🚀 Server running on port 5000
[2026-04-08 18:30:43] [32minfo[39m: 📦 Connected to PostgreSQL using Prisma 7 adapter
[2026-04-08 21:43:58] [32minfo[39m: 🚀 Server running on port 5000
[2026-04-08 21:43:58] [32minfo[39m: 📦 Connected to PostgreSQL using Prisma 7 adapter
[2026-04-08 21:45:02] [32minfo[39m: 🚀 Server running on port 5000
[2026-04-08 21:45:02] [32minfo[39m: 📦 Connected to PostgreSQL using Prisma 7 adapter
[2026-04-08 21:46:58] [32minfo[39m: 🚀 Server running on port 5000
[2026-04-08 21:46:58] [32minfo[39m: 📦 Connected to PostgreSQL using Prisma 7 adapter
[2026-04-08 21:47:48] [32minfo[39m: 📧 Attempting to send email to love@gmail.com with subject: "Verify Email"
[2026-04-08 21:47:52] [32minfo[39m: ✅ Email sent successfully: <8743e211-b07e-4653-85b3-9acfc994f745@myapp.com>
[2026-04-08 21:52:16] [32minfo[39m: 🚀 Server running on port 5000
[2026-04-08 21:52:16] [32minfo[39m: 📦 Connected to PostgreSQL using Prisma 7 adapter
[2026-04-08 21:52:23] [32minfo[39m: 🚀 Server running on port 5000
[2026-04-08 21:52:23] [32minfo[39m: 📦 Connected to PostgreSQL using Prisma 7 adapter
[2026-04-08 21:52:29] [32minfo[39m: 🚀 Server running on port 5000
[2026-04-08 21:52:29] [32minfo[39m: 📦 Connected to PostgreSQL using Prisma 7 adapter
[2026-04-08 21:52:34] [32minfo[39m: 🚀 Server running on port 5000
[2026-04-08 21:52:34] [32minfo[39m: 📦 Connected to PostgreSQL using Prisma 7 adapter
[2026-04-08 21:57:22] [32minfo[39m: 🚀 Server running on port 5000
[2026-04-08 21:57:22] [32minfo[39m: 📦 Connected to PostgreSQL using Prisma 7 adapter
[2026-04-08 22:12:36] [32minfo[39m: 🚀 Server running on port 5000
[2026-04-08 22:12:37] [32minfo[39m: 📦 Connected to PostgreSQL using Prisma 7 adapter
[2026-04-08 22:13:09] [32minfo[39m: 🚀 Server running on port 5000
[2026-04-08 22:13:09] [32minfo[39m: 📦 Connected to PostgreSQL using Prisma 7 adapter
[2026-04-08 22:13:24] [32minfo[39m: 🚀 Server running on port 5000
[2026-04-08 22:13:24] [32minfo[39m: 📦 Connected to PostgreSQL using Prisma 7 adapter
[2026-04-08 23:11:25] [32minfo[39m: 🚀 Server running on port 5000
[2026-04-08 23:11:25] [32minfo[39m: 📦 Connected to PostgreSQL using Prisma 7 adapter
[2026-04-08 23:11:31] [32minfo[39m: 🚀 Server running on port 5000
[2026-04-08 23:11:31] [32minfo[39m: 📦 Connected to PostgreSQL using Prisma 7 adapter
[2026-04-08 23:11:38] [32minfo[39m: 🚀 Server running on port 5000
[2026-04-08 23:11:38] [32minfo[39m: 📦 Connected to PostgreSQL using Prisma 7 adapter
[2026-04-08 23:11:44] [32minfo[39m: 🚀 Server running on port 5000
[2026-04-08 23:11:44] [32minfo[39m: 📦 Connected to PostgreSQL using Prisma 7 adapter
[2026-04-09 16:23:19] [32minfo[39m: 🚀 Server running on port 5000
[2026-04-09 16:23:19] [32minfo[39m: 📦 Connected to PostgreSQL using Prisma 7 adapter
[2026-04-09 16:29:16] [32minfo[39m: 🚀 Server running on port 5000
[2026-04-09 16:29:16] [32minfo[39m: 📦 Connected to PostgreSQL using Prisma 7 adapter
[2026-04-09 16:29:26] [32minfo[39m: 🚀 Server running on port 5000
[2026-04-09 16:29:26] [32minfo[39m: 📦 Connected to PostgreSQL using Prisma 7 adapter
{"level":"info","message":"Completing onboarding for user: fde079a5-9355-4043-be58-a03565432042","timestamp":"2026-04-09T11:20:28.768Z"}
[2026-04-09 17:22:57] [32minfo[39m: 🚀 Server running on port 5000
[2026-04-09 17:22:57] [32minfo[39m: 📦 Connected to PostgreSQL using Prisma 7 adapter
[2026-04-09 17:23:17] [32minfo[39m: 🚀 Server running on port 5000
[2026-04-09 17:23:17] [32minfo[39m: 📦 Connected to PostgreSQL using Prisma 7 adapter
[2026-04-09 17:23:28] [32minfo[39m: 🚀 Server running on port 5000
[2026-04-09 17:23:28] [32minfo[39m: 📦 Connected to PostgreSQL using Prisma 7 adapter
[2026-04-09 17:32:08] [32minfo[39m: 🚀 Server running on port 5000
[2026-04-09 17:32:08] [32minfo[39m: 📦 Connected to PostgreSQL using Prisma 7 adapter
[2026-04-09 17:32:15] [32minfo[39m: 🚀 Server running on port 5000
[2026-04-09 17:32:15] [32minfo[39m: 📦 Connected to PostgreSQL using Prisma 7 adapter
[2026-04-09 17:32:20] [32minfo[39m: 🚀 Server running on port 5000
[2026-04-09 17:32:20] [32minfo[39m: 📦 Connected to PostgreSQL using Prisma 7 adapter
[2026-04-09 17:39:21] [32minfo[39m: 🚀 Server running on port 5000
[2026-04-09 17:39:21] [32minfo[39m: 📦 Connected to PostgreSQL using Prisma 7 adapter
[2026-04-09 17:39:28] [32minfo[39m: 🚀 Server running on port 5000
[2026-04-09 17:39:28] [32minfo[39m: 📦 Connected to PostgreSQL using Prisma 7 adapter
{"level":"info","limit":"20","message":"Admin fetching all users with filters","page":"1","role":"All","search":"","status":"All","timestamp":"2026-04-09T12:18:59.082Z"}
{"level":"info","limit":"20","message":"Admin fetching all users with filters","page":"1","role":"All","search":"","status":"All","timestamp":"2026-04-09T12:18:59.119Z"}
{"level":"info","limit":"20","message":"Admin fetching all users with filters","page":"1","role":"All","search":"","status":"All","timestamp":"2026-04-09T12:19:12.641Z"}
{"level":"info","limit":"20","message":"Admin fetching all users with filters","page":"1","role":"All","search":"","status":"All","timestamp":"2026-04-09T12:19:12.686Z"}
{"level":"info","limit":"20","message":"Admin fetching all users with filters","page":"1","role":"BUYER","search":"","status":"All","timestamp":"2026-04-09T12:19:23.210Z"}
{"level":"info","limit":"20","message":"Admin fetching all users with filters","page":"1","role":"All","search":"","status":"All","timestamp":"2026-04-09T12:19:28.531Z"}
{"level":"info","limit":"20","message":"Admin fetching all users with filters","page":"1","role":"All","search":"","status":"All","timestamp":"2026-04-09T12:19:28.537Z"}
[2026-04-09 17:58:00] [32minfo[39m: 🚀 Server running on port 5000
[2026-04-09 17:58:00] [32minfo[39m: 📦 Connected to PostgreSQL using Prisma 7 adapter
{"level":"info","limit":"20","message":"Admin fetching all users with filters","page":"1","role":"All","search":"","status":"All","timestamp":"2026-04-09T12:28:09.617Z"}
{"alpha":"","level":"info","limit":"20","message":"Admin fetching all users with filters","page":"1","timestamp":"2026-04-09T12:28:43.598Z"}
{"alpha":"","endDate":"null","level":"info","limit":"20","message":"Admin fetching all users with filters","page":"1","role":"All","search":"","startDate":"null","status":"All","timestamp":"2026-04-09T12:28:43.605Z"}
{"clientVersion":"7.6.0","level":"error","message":"Error fetching users \nInvalid `prisma.user.findMany()` invocation in\nE:\\green-peddle\\gp-app\\server\\src\\modules\\admin\\admin.service.ts:97:17\n\n  94 const take = Number(limit);\n  95 \n  96 const [users, totalRecords] = await Promise.all([\n→ 97   prisma.user.findMany({\n         where: {\n           createdAt: {\n             gte: new Date(\"Invalid Date\"),\n                  ~~~~~~~~~~~~~~~~~~~~~~~~\n             lte: new Date(\"Invalid Date\")\n           }\n         },\n         select: {\n           id: true,\n           name: true,\n           email: true,\n           role: true,\n           isEmailVerified: true,\n           createdAt: true\n         },\n         orderBy: {\n           createdAt: \"desc\"\n         },\n         skip: 0,\n         take: 20\n       })\n\nInvalid value for argument `gte`: Provided Date object is invalid. Expected Date.","name":"PrismaClientValidationError","stack":"PrismaClientValidationError: \nInvalid `prisma.user.findMany()` invocation in\nE:\\green-peddle\\gp-app\\server\\src\\modules\\admin\\admin.service.ts:97:17\n\n  94 const take = Number(limit);\n  95 \n  96 const [users, totalRecords] = await Promise.all([\n→ 97   prisma.user.findMany({\n         where: {\n           createdAt: {\n             gte: new Date(\"Invalid Date\"),\n                  ~~~~~~~~~~~~~~~~~~~~~~~~\n             lte: new Date(\"Invalid Date\")\n           }\n         },\n         select: {\n           id: true,\n           name: true,\n           email: true,\n           role: true,\n           isEmailVerified: true,\n           createdAt: true\n         },\n         orderBy: {\n           createdAt: \"desc\"\n         },\n         skip: 0,\n         take: 20\n       })\n\nInvalid value for argument `gte`: Provided Date object is invalid. Expected Date.\n    at ar (E:\\green-peddle\\gp-app\\server\\generated\\prisma\\runtime\\client.js:14:1374)\n    at e.throwValidationError (E:\\green-peddle\\gp-app\\server\\generated\\prisma\\runtime\\client.js:14:10216)\n    at Ao (E:\\green-peddle\\gp-app\\server\\generated\\prisma\\runtime\\client.js:14:7548)\n    at Co (E:\\green-peddle\\gp-app\\server\\generated\\prisma\\runtime\\client.js:14:8907)\n    at Ao (E:\\green-peddle\\gp-app\\server\\generated\\prisma\\runtime\\client.js:14:8414)\n    at Co (E:\\green-peddle\\gp-app\\server\\generated\\prisma\\runtime\\client.js:14:8907)\n    at Ao (E:\\green-peddle\\gp-app\\server\\generated\\prisma\\runtime\\client.js:14:8414)\n    at Co (E:\\green-peddle\\gp-app\\server\\generated\\prisma\\runtime\\client.js:14:8907)\n    at Et (E:\\green-peddle\\gp-app\\server\\generated\\prisma\\runtime\\client.js:14:5909)\n    at pr (E:\\green-peddle\\gp-app\\server\\generated\\prisma\\runtime\\client.js:14:5811)","timestamp":"2026-04-09T12:28:43.623Z"}
{"alpha":"","level":"info","limit":"20","message":"Admin fetching all users with filters","page":"1","timestamp":"2026-04-09T12:28:50.108Z"}
{"alpha":"","endDate":"null","level":"info","limit":"20","message":"Admin fetching all users with filters","page":"1","role":"All","search":"","startDate":"null","status":"All","timestamp":"2026-04-09T12:28:50.112Z"}
{"clientVersion":"7.6.0","level":"error","message":"Error fetching users \nInvalid `prisma.user.findMany()` invocation in\nE:\\green-peddle\\gp-app\\server\\src\\modules\\admin\\admin.service.ts:97:17\n\n  94 const take = Number(limit);\n  95 \n  96 const [users, totalRecords] = await Promise.all([\n→ 97   prisma.user.findMany({\n         where: {\n           createdAt: {\n             gte: new Date(\"Invalid Date\"),\n                  ~~~~~~~~~~~~~~~~~~~~~~~~\n             lte: new Date(\"Invalid Date\")\n           }\n         },\n         select: {\n           id: true,\n           name: true,\n           email: true,\n           role: true,\n           isEmailVerified: true,\n           createdAt: true\n         },\n         orderBy: {\n           createdAt: \"desc\"\n         },\n         skip: 0,\n         take: 20\n       })\n\nInvalid value for argument `gte`: Provided Date object is invalid. Expected Date.","name":"PrismaClientValidationError","stack":"PrismaClientValidationError: \nInvalid `prisma.user.findMany()` invocation in\nE:\\green-peddle\\gp-app\\server\\src\\modules\\admin\\admin.service.ts:97:17\n\n  94 const take = Number(limit);\n  95 \n  96 const [users, totalRecords] = await Promise.all([\n→ 97   prisma.user.findMany({\n         where: {\n           createdAt: {\n             gte: new Date(\"Invalid Date\"),\n                  ~~~~~~~~~~~~~~~~~~~~~~~~\n             lte: new Date(\"Invalid Date\")\n           }\n         },\n         select: {\n           id: true,\n           name: true,\n           email: true,\n           role: true,\n           isEmailVerified: true,\n           createdAt: true\n         },\n         orderBy: {\n           createdAt: \"desc\"\n         },\n         skip: 0,\n         take: 20\n       })\n\nInvalid value for argument `gte`: Provided Date object is invalid. Expected Date.\n    at ar (E:\\green-peddle\\gp-app\\server\\generated\\prisma\\runtime\\client.js:14:1374)\n    at e.throwValidationError (E:\\green-peddle\\gp-app\\server\\generated\\prisma\\runtime\\client.js:14:10216)\n    at Ao (E:\\green-peddle\\gp-app\\server\\generated\\prisma\\runtime\\client.js:14:7548)\n    at Co (E:\\green-peddle\\gp-app\\server\\generated\\prisma\\runtime\\client.js:14:8907)\n    at Ao (E:\\green-peddle\\gp-app\\server\\generated\\prisma\\runtime\\client.js:14:8414)\n    at Co (E:\\green-peddle\\gp-app\\server\\generated\\prisma\\runtime\\client.js:14:8907)\n    at Ao (E:\\green-peddle\\gp-app\\server\\generated\\prisma\\runtime\\client.js:14:8414)\n    at Co (E:\\green-peddle\\gp-app\\server\\generated\\prisma\\runtime\\client.js:14:8907)\n    at Et (E:\\green-peddle\\gp-app\\server\\generated\\prisma\\runtime\\client.js:14:5909)\n    at pr (E:\\green-peddle\\gp-app\\server\\generated\\prisma\\runtime\\client.js:14:5811)","timestamp":"2026-04-09T12:28:50.115Z"}
{"alpha":"","endDate":"null","level":"info","limit":"20","message":"Admin fetching all users with filters","page":"1","role":"All","search":"","startDate":"null","status":"All","timestamp":"2026-04-09T12:28:50.149Z"}
{"clientVersion":"7.6.0","level":"error","message":"Error fetching users \nInvalid `prisma.user.findMany()` invocation in\nE:\\green-peddle\\gp-app\\server\\src\\modules\\admin\\admin.service.ts:97:17\n\n  94 const take = Number(limit);\n  95 \n  96 const [users, totalRecords] = await Promise.all([\n→ 97   prisma.user.findMany({\n         where: {\n           createdAt: {\n             gte: new Date(\"Invalid Date\"),\n                  ~~~~~~~~~~~~~~~~~~~~~~~~\n             lte: new Date(\"Invalid Date\")\n           }\n         },\n         select: {\n           id: true,\n           name: true,\n           email: true,\n           role: true,\n           isEmailVerified: true,\n           createdAt: true\n         },\n         orderBy: {\n           createdAt: \"desc\"\n         },\n         skip: 0,\n         take: 20\n       })\n\nInvalid value for argument `gte`: Provided Date object is invalid. Expected Date.","name":"PrismaClientValidationError","stack":"PrismaClientValidationError: \nInvalid `prisma.user.findMany()` invocation in\nE:\\green-peddle\\gp-app\\server\\src\\modules\\admin\\admin.service.ts:97:17\n\n  94 const take = Number(limit);\n  95 \n  96 const [users, totalRecords] = await Promise.all([\n→ 97   prisma.user.findMany({\n         where: {\n           createdAt: {\n             gte: new Date(\"Invalid Date\"),\n                  ~~~~~~~~~~~~~~~~~~~~~~~~\n             lte: new Date(\"Invalid Date\")\n           }\n         },\n         select: {\n           id: true,\n           name: true,\n           email: true,\n           role: true,\n           isEmailVerified: true,\n           createdAt: true\n         },\n         orderBy: {\n           createdAt: \"desc\"\n         },\n         skip: 0,\n         take: 20\n       })\n\nInvalid value for argument `gte`: Provided Date object is invalid. Expected Date.\n    at ar (E:\\green-peddle\\gp-app\\server\\generated\\prisma\\runtime\\client.js:14:1374)\n    at e.throwValidationError (E:\\green-peddle\\gp-app\\server\\generated\\prisma\\runtime\\client.js:14:10216)\n    at Ao (E:\\green-peddle\\gp-app\\server\\generated\\prisma\\runtime\\client.js:14:7548)\n    at Co (E:\\green-peddle\\gp-app\\server\\generated\\prisma\\runtime\\client.js:14:8907)\n    at Ao (E:\\green-peddle\\gp-app\\server\\generated\\prisma\\runtime\\client.js:14:8414)\n    at Co (E:\\green-peddle\\gp-app\\server\\generated\\prisma\\runtime\\client.js:14:8907)\n    at Ao (E:\\green-peddle\\gp-app\\server\\generated\\prisma\\runtime\\client.js:14:8414)\n    at Co (E:\\green-peddle\\gp-app\\server\\generated\\prisma\\runtime\\client.js:14:8907)\n    at Et (E:\\green-peddle\\gp-app\\server\\generated\\prisma\\runtime\\client.js:14:5909)\n    at pr (E:\\green-peddle\\gp-app\\server\\generated\\prisma\\runtime\\client.js:14:5811)","timestamp":"2026-04-09T12:28:50.151Z"}
{"alpha":"","endDate":"null","level":"info","limit":"20","message":"Admin fetching all users with filters","page":"1","role":"All","search":"","startDate":"null","status":"All","timestamp":"2026-04-09T12:28:50.155Z"}
{"clientVersion":"7.6.0","level":"error","message":"Error fetching users \nInvalid `prisma.user.findMany()` invocation in\nE:\\green-peddle\\gp-app\\server\\src\\modules\\admin\\admin.service.ts:97:17\n\n  94 const take = Number(limit);\n  95 \n  96 const [users, totalRecords] = await Promise.all([\n→ 97   prisma.user.findMany({\n         where: {\n           createdAt: {\n             gte: new Date(\"Invalid Date\"),\n                  ~~~~~~~~~~~~~~~~~~~~~~~~\n             lte: new Date(\"Invalid Date\")\n           }\n         },\n         select: {\n           id: true,\n           name: true,\n           email: true,\n           role: true,\n           isEmailVerified: true,\n           createdAt: true\n         },\n         orderBy: {\n           createdAt: \"desc\"\n         },\n         skip: 0,\n         take: 20\n       })\n\nInvalid value for argument `gte`: Provided Date object is invalid. Expected Date.","name":"PrismaClientValidationError","stack":"PrismaClientValidationError: \nInvalid `prisma.user.findMany()` invocation in\nE:\\green-peddle\\gp-app\\server\\src\\modules\\admin\\admin.service.ts:97:17\n\n  94 const take = Number(limit);\n  95 \n  96 const [users, totalRecords] = await Promise.all([\n→ 97   prisma.user.findMany({\n         where: {\n           createdAt: {\n             gte: new Date(\"Invalid Date\"),\n                  ~~~~~~~~~~~~~~~~~~~~~~~~\n             lte: new Date(\"Invalid Date\")\n           }\n         },\n         select: {\n           id: true,\n           name: true,\n           email: true,\n           role: true,\n           isEmailVerified: true,\n           createdAt: true\n         },\n         orderBy: {\n           createdAt: \"desc\"\n         },\n         skip: 0,\n         take: 20\n       })\n\nInvalid value for argument `gte`: Provided Date object is invalid. Expected Date.\n    at ar (E:\\green-peddle\\gp-app\\server\\generated\\prisma\\runtime\\client.js:14:1374)\n    at e.throwValidationError (E:\\green-peddle\\gp-app\\server\\generated\\prisma\\runtime\\client.js:14:10216)\n    at Ao (E:\\green-peddle\\gp-app\\server\\generated\\prisma\\runtime\\client.js:14:7548)\n    at Co (E:\\green-peddle\\gp-app\\server\\generated\\prisma\\runtime\\client.js:14:8907)\n    at Ao (E:\\green-peddle\\gp-app\\server\\generated\\prisma\\runtime\\client.js:14:8414)\n    at Co (E:\\green-peddle\\gp-app\\server\\generated\\prisma\\runtime\\client.js:14:8907)\n    at Ao (E:\\green-peddle\\gp-app\\server\\generated\\prisma\\runtime\\client.js:14:8414)\n    at Co (E:\\green-peddle\\gp-app\\server\\generated\\prisma\\runtime\\client.js:14:8907)\n    at Et (E:\\green-peddle\\gp-app\\server\\generated\\prisma\\runtime\\client.js:14:5909)\n    at pr (E:\\green-peddle\\gp-app\\server\\generated\\prisma\\runtime\\client.js:14:5811)","timestamp":"2026-04-09T12:28:50.156Z"}
{"alpha":"","level":"info","limit":"20","message":"Admin fetching all users with filters","page":"1","timestamp":"2026-04-09T12:29:12.129Z"}
{"alpha":"","endDate":"null","level":"info","limit":"20","message":"Admin fetching all users with filters","page":"1","role":"All","search":"","startDate":"null","status":"All","timestamp":"2026-04-09T12:29:12.133Z"}
{"clientVersion":"7.6.0","level":"error","message":"Error fetching users \nInvalid `prisma.user.findMany()` invocation in\nE:\\green-peddle\\gp-app\\server\\src\\modules\\admin\\admin.service.ts:97:17\n\n  94 const take = Number(limit);\n  95 \n  96 const [users, totalRecords] = await Promise.all([\n→ 97   prisma.user.findMany({\n         where: {\n           createdAt: {\n             gte: new Date(\"Invalid Date\"),\n                  ~~~~~~~~~~~~~~~~~~~~~~~~\n             lte: new Date(\"Invalid Date\")\n           }\n         },\n         select: {\n           id: true,\n           name: true,\n           email: true,\n           role: true,\n           isEmailVerified: true,\n           createdAt: true\n         },\n         orderBy: {\n           createdAt: \"desc\"\n         },\n         skip: 0,\n         take: 20\n       })\n\nInvalid value for argument `gte`: Provided Date object is invalid. Expected Date.","name":"PrismaClientValidationError","stack":"PrismaClientValidationError: \nInvalid `prisma.user.findMany()` invocation in\nE:\\green-peddle\\gp-app\\server\\src\\modules\\admin\\admin.service.ts:97:17\n\n  94 const take = Number(limit);\n  95 \n  96 const [users, totalRecords] = await Promise.all([\n→ 97   prisma.user.findMany({\n         where: {\n           createdAt: {\n             gte: new Date(\"Invalid Date\"),\n                  ~~~~~~~~~~~~~~~~~~~~~~~~\n             lte: new Date(\"Invalid Date\")\n           }\n         },\n         select: {\n           id: true,\n           name: true,\n           email: true,\n           role: true,\n           isEmailVerified: true,\n           createdAt: true\n         },\n         orderBy: {\n           createdAt: \"desc\"\n         },\n         skip: 0,\n         take: 20\n       })\n\nInvalid value for argument `gte`: Provided Date object is invalid. Expected Date.\n    at ar (E:\\green-peddle\\gp-app\\server\\generated\\prisma\\runtime\\client.js:14:1374)\n    at e.throwValidationError (E:\\green-peddle\\gp-app\\server\\generated\\prisma\\runtime\\client.js:14:10216)\n    at Ao (E:\\green-peddle\\gp-app\\server\\generated\\prisma\\runtime\\client.js:14:7548)\n    at Co (E:\\green-peddle\\gp-app\\server\\generated\\prisma\\runtime\\client.js:14:8907)\n    at Ao (E:\\green-peddle\\gp-app\\server\\generated\\prisma\\runtime\\client.js:14:8414)\n    at Co (E:\\green-peddle\\gp-app\\server\\generated\\prisma\\runtime\\client.js:14:8907)\n    at Ao (E:\\green-peddle\\gp-app\\server\\generated\\prisma\\runtime\\client.js:14:8414)\n    at Co (E:\\green-peddle\\gp-app\\server\\generated\\prisma\\runtime\\client.js:14:8907)\n    at Et (E:\\green-peddle\\gp-app\\server\\generated\\prisma\\runtime\\client.js:14:5909)\n    at pr (E:\\green-peddle\\gp-app\\server\\generated\\prisma\\runtime\\client.js:14:5811)","timestamp":"2026-04-09T12:29:12.137Z"}
{"alpha":"","endDate":"null","level":"info","limit":"20","message":"Admin fetching all users with filters","page":"1","role":"All","search":"","startDate":"null","status":"All","timestamp":"2026-04-09T12:29:12.142Z"}
{"clientVersion":"7.6.0","level":"error","message":"Error fetching users \nInvalid `prisma.user.findMany()` invocation in\nE:\\green-peddle\\gp-app\\server\\src\\modules\\admin\\admin.service.ts:97:17\n\n  94 const take = Number(limit);\n  95 \n  96 const [users, totalRecords] = await Promise.all([\n→ 97   prisma.user.findMany({\n         where: {\n           createdAt: {\n             gte: new Date(\"Invalid Date\"),\n                  ~~~~~~~~~~~~~~~~~~~~~~~~\n             lte: new Date(\"Invalid Date\")\n           }\n         },\n         select: {\n           id: true,\n           name: true,\n           email: true,\n           role: true,\n           isEmailVerified: true,\n           createdAt: true\n         },\n         orderBy: {\n           createdAt: \"desc\"\n         },\n         skip: 0,\n         take: 20\n       })\n\nInvalid value for argument `gte`: Provided Date object is invalid. Expected Date.","name":"PrismaClientValidationError","stack":"PrismaClientValidationError: \nInvalid `prisma.user.findMany()` invocation in\nE:\\green-peddle\\gp-app\\server\\src\\modules\\admin\\admin.service.ts:97:17\n\n  94 const take = Number(limit);\n  95 \n  96 const [users, totalRecords] = await Promise.all([\n→ 97   prisma.user.findMany({\n         where: {\n           createdAt: {\n             gte: new Date(\"Invalid Date\"),\n                  ~~~~~~~~~~~~~~~~~~~~~~~~\n             lte: new Date(\"Invalid Date\")\n           }\n         },\n         select: {\n           id: true,\n           name: true,\n           email: true,\n           role: true,\n           isEmailVerified: true,\n           createdAt: true\n         },\n         orderBy: {\n           createdAt: \"desc\"\n         },\n         skip: 0,\n         take: 20\n       })\n\nInvalid value for argument `gte`: Provided Date object is invalid. Expected Date.\n    at ar (E:\\green-peddle\\gp-app\\server\\generated\\prisma\\runtime\\client.js:14:1374)\n    at e.throwValidationError (E:\\green-peddle\\gp-app\\server\\generated\\prisma\\runtime\\client.js:14:10216)\n    at Ao (E:\\green-peddle\\gp-app\\server\\generated\\prisma\\runtime\\client.js:14:7548)\n    at Co (E:\\green-peddle\\gp-app\\server\\generated\\prisma\\runtime\\client.js:14:8907)\n    at Ao (E:\\green-peddle\\gp-app\\server\\generated\\prisma\\runtime\\client.js:14:8414)\n    at Co (E:\\green-peddle\\gp-app\\server\\generated\\prisma\\runtime\\client.js:14:8907)\n    at Ao (E:\\green-peddle\\gp-app\\server\\generated\\prisma\\runtime\\client.js:14:8414)\n    at Co (E:\\green-peddle\\gp-app\\server\\generated\\prisma\\runtime\\client.js:14:8907)\n    at Et (E:\\green-peddle\\gp-app\\server\\generated\\prisma\\runtime\\client.js:14:5909)\n    at pr (E:\\green-peddle\\gp-app\\server\\generated\\prisma\\runtime\\client.js:14:5811)","timestamp":"2026-04-09T12:29:12.144Z"}
{"alpha":"","endDate":"null","level":"info","limit":"20","message":"Admin fetching all users with filters","page":"1","role":"All","search":"","startDate":"null","status":"All","timestamp":"2026-04-09T12:29:12.150Z"}
{"clientVersion":"7.6.0","level":"error","message":"Error fetching users \nInvalid `prisma.user.findMany()` invocation in\nE:\\green-peddle\\gp-app\\server\\src\\modules\\admin\\admin.service.ts:97:17\n\n  94 const take = Number(limit);\n  95 \n  96 const [users, totalRecords] = await Promise.all([\n→ 97   prisma.user.findMany({\n         where: {\n           createdAt: {\n             gte: new Date(\"Invalid Date\"),\n                  ~~~~~~~~~~~~~~~~~~~~~~~~\n             lte: new Date(\"Invalid Date\")\n           }\n         },\n         select: {\n           id: true,\n           name: true,\n           email: true,\n           role: true,\n           isEmailVerified: true,\n           createdAt: true\n         },\n         orderBy: {\n           createdAt: \"desc\"\n         },\n         skip: 0,\n         take: 20\n       })\n\nInvalid value for argument `gte`: Provided Date object is invalid. Expected Date.","name":"PrismaClientValidationError","stack":"PrismaClientValidationError: \nInvalid `prisma.user.findMany()` invocation in\nE:\\green-peddle\\gp-app\\server\\src\\modules\\admin\\admin.service.ts:97:17\n\n  94 const take = Number(limit);\n  95 \n  96 const [users, totalRecords] = await Promise.all([\n→ 97   prisma.user.findMany({\n         where: {\n           createdAt: {\n             gte: new Date(\"Invalid Date\"),\n                  ~~~~~~~~~~~~~~~~~~~~~~~~\n             lte: new Date(\"Invalid Date\")\n           }\n         },\n         select: {\n           id: true,\n           name: true,\n           email: true,\n           role: true,\n           isEmailVerified: true,\n           createdAt: true\n         },\n         orderBy: {\n           createdAt: \"desc\"\n         },\n         skip: 0,\n         take: 20\n       })\n\nInvalid value for argument `gte`: Provided Date object is invalid. Expected Date.\n    at ar (E:\\green-peddle\\gp-app\\server\\generated\\prisma\\runtime\\client.js:14:1374)\n    at e.throwValidationError (E:\\green-peddle\\gp-app\\server\\generated\\prisma\\runtime\\client.js:14:10216)\n    at Ao (E:\\green-peddle\\gp-app\\server\\generated\\prisma\\runtime\\client.js:14:7548)\n    at Co (E:\\green-peddle\\gp-app\\server\\generated\\prisma\\runtime\\client.js:14:8907)\n    at Ao (E:\\green-peddle\\gp-app\\server\\generated\\prisma\\runtime\\client.js:14:8414)\n    at Co (E:\\green-peddle\\gp-app\\server\\generated\\prisma\\runtime\\client.js:14:8907)\n    at Ao (E:\\green-peddle\\gp-app\\server\\generated\\prisma\\runtime\\client.js:14:8414)\n    at Co (E:\\green-peddle\\gp-app\\server\\generated\\prisma\\runtime\\client.js:14:8907)\n    at Et (E:\\green-peddle\\gp-app\\server\\generated\\prisma\\runtime\\client.js:14:5909)\n    at pr (E:\\green-peddle\\gp-app\\server\\generated\\prisma\\runtime\\client.js:14:5811)","timestamp":"2026-04-09T12:29:12.152Z"}
{"alpha":"","endDate":"null","level":"info","limit":"20","message":"Admin fetching all users with filters","page":"1","role":"All","search":"","startDate":"null","status":"All","timestamp":"2026-04-09T12:32:27.550Z"}
{"clientVersion":"7.6.0","level":"error","message":"Error fetching users \nInvalid `prisma.user.findMany()` invocation in\nE:\\green-peddle\\gp-app\\server\\src\\modules\\admin\\admin.service.ts:97:17\n\n  94 const take = Number(limit);\n  95 \n  96 const [users, totalRecords] = await Promise.all([\n→ 97   prisma.user.findMany({\n         where: {\n           createdAt: {\n             gte: new Date(\"Invalid Date\"),\n                  ~~~~~~~~~~~~~~~~~~~~~~~~\n             lte: new Date(\"Invalid Date\")\n           }\n         },\n         select: {\n           id: true,\n           name: true,\n           email: true,\n           role: true,\n           isEmailVerified: true,\n           createdAt: true\n         },\n         orderBy: {\n           createdAt: \"desc\"\n         },\n         skip: 0,\n         take: 20\n       })\n\nInvalid value for argument `gte`: Provided Date object is invalid. Expected Date.","name":"PrismaClientValidationError","stack":"PrismaClientValidationError: \nInvalid `prisma.user.findMany()` invocation in\nE:\\green-peddle\\gp-app\\server\\src\\modules\\admin\\admin.service.ts:97:17\n\n  94 const take = Number(limit);\n  95 \n  96 const [users, totalRecords] = await Promise.all([\n→ 97   prisma.user.findMany({\n         where: {\n           createdAt: {\n             gte: new Date(\"Invalid Date\"),\n                  ~~~~~~~~~~~~~~~~~~~~~~~~\n             lte: new Date(\"Invalid Date\")\n           }\n         },\n         select: {\n           id: true,\n           name: true,\n           email: true,\n           role: true,\n           isEmailVerified: true,\n           createdAt: true\n         },\n         orderBy: {\n           createdAt: \"desc\"\n         },\n         skip: 0,\n         take: 20\n       })\n\nInvalid value for argument `gte`: Provided Date object is invalid. Expected Date.\n    at ar (E:\\green-peddle\\gp-app\\server\\generated\\prisma\\runtime\\client.js:14:1374)\n    at e.throwValidationError (E:\\green-peddle\\gp-app\\server\\generated\\prisma\\runtime\\client.js:14:10216)\n    at Ao (E:\\green-peddle\\gp-app\\server\\generated\\prisma\\runtime\\client.js:14:7548)\n    at Co (E:\\green-peddle\\gp-app\\server\\generated\\prisma\\runtime\\client.js:14:8907)\n    at Ao (E:\\green-peddle\\gp-app\\server\\generated\\prisma\\runtime\\client.js:14:8414)\n    at Co (E:\\green-peddle\\gp-app\\server\\generated\\prisma\\runtime\\client.js:14:8907)\n    at Ao (E:\\green-peddle\\gp-app\\server\\generated\\prisma\\runtime\\client.js:14:8414)\n    at Co (E:\\green-peddle\\gp-app\\server\\generated\\prisma\\runtime\\client.js:14:8907)\n    at Et (E:\\green-peddle\\gp-app\\server\\generated\\prisma\\runtime\\client.js:14:5909)\n    at pr (E:\\green-peddle\\gp-app\\server\\generated\\prisma\\runtime\\client.js:14:5811)","timestamp":"2026-04-09T12:32:27.552Z"}
{"alpha":"","level":"info","limit":"20","message":"Admin fetching all users with filters","page":"1","timestamp":"2026-04-09T12:32:40.654Z"}
{"alpha":"","endDate":"null","level":"info","limit":"20","message":"Admin fetching all users with filters","page":"1","role":"All","search":"","startDate":"null","status":"All","timestamp":"2026-04-09T12:32:40.668Z"}
{"clientVersion":"7.6.0","level":"error","message":"Error fetching users \nInvalid `prisma.user.findMany()` invocation in\nE:\\green-peddle\\gp-app\\server\\src\\modules\\admin\\admin.service.ts:97:17\n\n  94 const take = Number(limit);\n  95 \n  96 const [users, totalRecords] = await Promise.all([\n→ 97   prisma.user.findMany({\n         where: {\n           createdAt: {\n             gte: new Date(\"Invalid Date\"),\n                  ~~~~~~~~~~~~~~~~~~~~~~~~\n             lte: new Date(\"Invalid Date\")\n           }\n         },\n         select: {\n           id: true,\n           name: true,\n           email: true,\n           role: true,\n           isEmailVerified: true,\n           createdAt: true\n         },\n         orderBy: {\n           createdAt: \"desc\"\n         },\n         skip: 0,\n         take: 20\n       })\n\nInvalid value for argument `gte`: Provided Date object is invalid. Expected Date.","name":"PrismaClientValidationError","stack":"PrismaClientValidationError: \nInvalid `prisma.user.findMany()` invocation in\nE:\\green-peddle\\gp-app\\server\\src\\modules\\admin\\admin.service.ts:97:17\n\n  94 const take = Number(limit);\n  95 \n  96 const [users, totalRecords] = await Promise.all([\n→ 97   prisma.user.findMany({\n         where: {\n           createdAt: {\n             gte: new Date(\"Invalid Date\"),\n                  ~~~~~~~~~~~~~~~~~~~~~~~~\n             lte: new Date(\"Invalid Date\")\n           }\n         },\n         select: {\n           id: true,\n           name: true,\n           email: true,\n           role: true,\n           isEmailVerified: true,\n           createdAt: true\n         },\n         orderBy: {\n           createdAt: \"desc\"\n         },\n         skip: 0,\n         take: 20\n       })\n\nInvalid value for argument `gte`: Provided Date object is invalid. Expected Date.\n    at ar (E:\\green-peddle\\gp-app\\server\\generated\\prisma\\runtime\\client.js:14:1374)\n    at e.throwValidationError (E:\\green-peddle\\gp-app\\server\\generated\\prisma\\runtime\\client.js:14:10216)\n    at Ao (E:\\green-peddle\\gp-app\\server\\generated\\prisma\\runtime\\client.js:14:7548)\n    at Co (E:\\green-peddle\\gp-app\\server\\generated\\prisma\\runtime\\client.js:14:8907)\n    at Ao (E:\\green-peddle\\gp-app\\server\\generated\\prisma\\runtime\\client.js:14:8414)\n    at Co (E:\\green-peddle\\gp-app\\server\\generated\\prisma\\runtime\\client.js:14:8907)\n    at Ao (E:\\green-peddle\\gp-app\\server\\generated\\prisma\\runtime\\client.js:14:8414)\n    at Co (E:\\green-peddle\\gp-app\\server\\generated\\prisma\\runtime\\client.js:14:8907)\n    at Et (E:\\green-peddle\\gp-app\\server\\generated\\prisma\\runtime\\client.js:14:5909)\n    at pr (E:\\green-peddle\\gp-app\\server\\generated\\prisma\\runtime\\client.js:14:5811)","timestamp":"2026-04-09T12:32:40.675Z"}
{"alpha":"","level":"info","limit":"20","message":"Admin fetching all users with filters","page":"1","timestamp":"2026-04-09T12:32:53.548Z"}
{"alpha":"","endDate":"null","level":"info","limit":"20","message":"Admin fetching all users with filters","page":"1","role":"All","search":"","startDate":"null","status":"All","timestamp":"2026-04-09T12:32:53.559Z"}
{"clientVersion":"7.6.0","level":"error","message":"Error fetching users \nInvalid `prisma.user.findMany()` invocation in\nE:\\green-peddle\\gp-app\\server\\src\\modules\\admin\\admin.service.ts:97:17\n\n  94 const take = Number(limit);\n  95 \n  96 const [users, totalRecords] = await Promise.all([\n→ 97   prisma.user.findMany({\n         where: {\n           createdAt: {\n             gte: new Date(\"Invalid Date\"),\n                  ~~~~~~~~~~~~~~~~~~~~~~~~\n             lte: new Date(\"Invalid Date\")\n           }\n         },\n         select: {\n           id: true,\n           name: true,\n           email: true,\n           role: true,\n           isEmailVerified: true,\n           createdAt: true\n         },\n         orderBy: {\n           createdAt: \"desc\"\n         },\n         skip: 0,\n         take: 20\n       })\n\nInvalid value for argument `gte`: Provided Date object is invalid. Expected Date.","name":"PrismaClientValidationError","stack":"PrismaClientValidationError: \nInvalid `prisma.user.findMany()` invocation in\nE:\\green-peddle\\gp-app\\server\\src\\modules\\admin\\admin.service.ts:97:17\n\n  94 const take = Number(limit);\n  95 \n  96 const [users, totalRecords] = await Promise.all([\n→ 97   prisma.user.findMany({\n         where: {\n           createdAt: {\n             gte: new Date(\"Invalid Date\"),\n                  ~~~~~~~~~~~~~~~~~~~~~~~~\n             lte: new Date(\"Invalid Date\")\n           }\n         },\n         select: {\n           id: true,\n           name: true,\n           email: true,\n           role: true,\n           isEmailVerified: true,\n           createdAt: true\n         },\n         orderBy: {\n           createdAt: \"desc\"\n         },\n         skip: 0,\n         take: 20\n       })\n\nInvalid value for argument `gte`: Provided Date object is invalid. Expected Date.\n    at ar (E:\\green-peddle\\gp-app\\server\\generated\\prisma\\runtime\\client.js:14:1374)\n    at e.throwValidationError (E:\\green-peddle\\gp-app\\server\\generated\\prisma\\runtime\\client.js:14:10216)\n    at Ao (E:\\green-peddle\\gp-app\\server\\generated\\prisma\\runtime\\client.js:14:7548)\n    at Co (E:\\green-peddle\\gp-app\\server\\generated\\prisma\\runtime\\client.js:14:8907)\n    at Ao (E:\\green-peddle\\gp-app\\server\\generated\\prisma\\runtime\\client.js:14:8414)\n    at Co (E:\\green-peddle\\gp-app\\server\\generated\\prisma\\runtime\\client.js:14:8907)\n    at Ao (E:\\green-peddle\\gp-app\\server\\generated\\prisma\\runtime\\client.js:14:8414)\n    at Co (E:\\green-peddle\\gp-app\\server\\generated\\prisma\\runtime\\client.js:14:8907)\n    at Et (E:\\green-peddle\\gp-app\\server\\generated\\prisma\\runtime\\client.js:14:5909)\n    at pr (E:\\green-peddle\\gp-app\\server\\generated\\prisma\\runtime\\client.js:14:5811)","timestamp":"2026-04-09T12:32:53.562Z"}
{"alpha":"","level":"info","limit":"20","message":"Admin fetching all users with filters","page":"1","timestamp":"2026-04-09T12:37:18.344Z"}
{"alpha":"","endDate":"null","level":"info","limit":"20","message":"Admin fetching all users with filters","page":"1","role":"All","search":"","startDate":"null","status":"All","timestamp":"2026-04-09T12:37:18.349Z"}
{"clientVersion":"7.6.0","level":"error","message":"Error fetching users \nInvalid `prisma.user.findMany()` invocation in\nE:\\green-peddle\\gp-app\\server\\src\\modules\\admin\\admin.service.ts:97:17\n\n  94 const take = Number(limit);\n  95 \n  96 const [users, totalRecords] = await Promise.all([\n→ 97   prisma.user.findMany({\n         where: {\n           createdAt: {\n             gte: new Date(\"Invalid Date\"),\n                  ~~~~~~~~~~~~~~~~~~~~~~~~\n             lte: new Date(\"Invalid Date\")\n           }\n         },\n         select: {\n           id: true,\n           name: true,\n           email: true,\n           role: true,\n           isEmailVerified: true,\n           createdAt: true\n         },\n         orderBy: {\n           createdAt: \"desc\"\n         },\n         skip: 0,\n         take: 20\n       })\n\nInvalid value for argument `gte`: Provided Date object is invalid. Expected Date.","name":"PrismaClientValidationError","stack":"PrismaClientValidationError: \nInvalid `prisma.user.findMany()` invocation in\nE:\\green-peddle\\gp-app\\server\\src\\modules\\admin\\admin.service.ts:97:17\n\n  94 const take = Number(limit);\n  95 \n  96 const [users, totalRecords] = await Promise.all([\n→ 97   prisma.user.findMany({\n         where: {\n           createdAt: {\n             gte: new Date(\"Invalid Date\"),\n                  ~~~~~~~~~~~~~~~~~~~~~~~~\n             lte: new Date(\"Invalid Date\")\n           }\n         },\n         select: {\n           id: true,\n           name: true,\n           email: true,\n           role: true,\n           isEmailVerified: true,\n           createdAt: true\n         },\n         orderBy: {\n           createdAt: \"desc\"\n         },\n         skip: 0,\n         take: 20\n       })\n\nInvalid value for argument `gte`: Provided Date object is invalid. Expected Date.\n    at ar (E:\\green-peddle\\gp-app\\server\\generated\\prisma\\runtime\\client.js:14:1374)\n    at e.throwValidationError (E:\\green-peddle\\gp-app\\server\\generated\\prisma\\runtime\\client.js:14:10216)\n    at Ao (E:\\green-peddle\\gp-app\\server\\generated\\prisma\\runtime\\client.js:14:7548)\n    at Co (E:\\green-peddle\\gp-app\\server\\generated\\prisma\\runtime\\client.js:14:8907)\n    at Ao (E:\\green-peddle\\gp-app\\server\\generated\\prisma\\runtime\\client.js:14:8414)\n    at Co (E:\\green-peddle\\gp-app\\server\\generated\\prisma\\runtime\\client.js:14:8907)\n    at Ao (E:\\green-peddle\\gp-app\\server\\generated\\prisma\\runtime\\client.js:14:8414)\n    at Co (E:\\green-peddle\\gp-app\\server\\generated\\prisma\\runtime\\client.js:14:8907)\n    at Et (E:\\green-peddle\\gp-app\\server\\generated\\prisma\\runtime\\client.js:14:5909)\n    at pr (E:\\green-peddle\\gp-app\\server\\generated\\prisma\\runtime\\client.js:14:5811)","timestamp":"2026-04-09T12:37:18.353Z"}
{"alpha":"","endDate":"null","level":"info","limit":"20","message":"Admin fetching all users with filters","page":"1","role":"All","search":"","startDate":"null","status":"All","timestamp":"2026-04-09T12:37:18.360Z"}
{"clientVersion":"7.6.0","level":"error","message":"Error fetching users \nInvalid `prisma.user.findMany()` invocation in\nE:\\green-peddle\\gp-app\\server\\src\\modules\\admin\\admin.service.ts:97:17\n\n  94 const take = Number(limit);\n  95 \n  96 const [users, totalRecords] = await Promise.all([\n→ 97   prisma.user.findMany({\n         where: {\n           createdAt: {\n             gte: new Date(\"Invalid Date\"),\n                  ~~~~~~~~~~~~~~~~~~~~~~~~\n             lte: new Date(\"Invalid Date\")\n           }\n         },\n         select: {\n           id: true,\n           name: true,\n           email: true,\n           role: true,\n           isEmailVerified: true,\n           createdAt: true\n         },\n         orderBy: {\n           createdAt: \"desc\"\n         },\n         skip: 0,\n         take: 20\n       })\n\nInvalid value for argument `gte`: Provided Date object is invalid. Expected Date.","name":"PrismaClientValidationError","stack":"PrismaClientValidationError: \nInvalid `prisma.user.findMany()` invocation in\nE:\\green-peddle\\gp-app\\server\\src\\modules\\admin\\admin.service.ts:97:17\n\n  94 const take = Number(limit);\n  95 \n  96 const [users, totalRecords] = await Promise.all([\n→ 97   prisma.user.findMany({\n         where: {\n           createdAt: {\n             gte: new Date(\"Invalid Date\"),\n                  ~~~~~~~~~~~~~~~~~~~~~~~~\n             lte: new Date(\"Invalid Date\")\n           }\n         },\n         select: {\n           id: true,\n           name: true,\n           email: true,\n           role: true,\n           isEmailVerified: true,\n           createdAt: true\n         },\n         orderBy: {\n           createdAt: \"desc\"\n         },\n         skip: 0,\n         take: 20\n       })\n\nInvalid value for argument `gte`: Provided Date object is invalid. Expected Date.\n    at ar (E:\\green-peddle\\gp-app\\server\\generated\\prisma\\runtime\\client.js:14:1374)\n    at e.throwValidationError (E:\\green-peddle\\gp-app\\server\\generated\\prisma\\runtime\\client.js:14:10216)\n    at Ao (E:\\green-peddle\\gp-app\\server\\generated\\prisma\\runtime\\client.js:14:7548)\n    at Co (E:\\green-peddle\\gp-app\\server\\generated\\prisma\\runtime\\client.js:14:8907)\n    at Ao (E:\\green-peddle\\gp-app\\server\\generated\\prisma\\runtime\\client.js:14:8414)\n    at Co (E:\\green-peddle\\gp-app\\server\\generated\\prisma\\runtime\\client.js:14:8907)\n    at Ao (E:\\green-peddle\\gp-app\\server\\generated\\prisma\\runtime\\client.js:14:8414)\n    at Co (E:\\green-peddle\\gp-app\\server\\generated\\prisma\\runtime\\client.js:14:8907)\n    at Et (E:\\green-peddle\\gp-app\\server\\generated\\prisma\\runtime\\client.js:14:5909)\n    at pr (E:\\green-peddle\\gp-app\\server\\generated\\prisma\\runtime\\client.js:14:5811)","timestamp":"2026-04-09T12:37:18.366Z"}
{"alpha":"","endDate":"null","level":"info","limit":"20","message":"Admin fetching all users with filters","page":"1","role":"All","search":"","startDate":"null","status":"All","timestamp":"2026-04-09T12:37:18.374Z"}
{"clientVersion":"7.6.0","level":"error","message":"Error fetching users \nInvalid `prisma.user.findMany()` invocation in\nE:\\green-peddle\\gp-app\\server\\src\\modules\\admin\\admin.service.ts:97:17\n\n  94 const take = Number(limit);\n  95 \n  96 const [users, totalRecords] = await Promise.all([\n→ 97   prisma.user.findMany({\n         where: {\n           createdAt: {\n             gte: new Date(\"Invalid Date\"),\n                  ~~~~~~~~~~~~~~~~~~~~~~~~\n             lte: new Date(\"Invalid Date\")\n           }\n         },\n         select: {\n           id: true,\n           name: true,\n           email: true,\n           role: true,\n           isEmailVerified: true,\n           createdAt: true\n         },\n         orderBy: {\n           createdAt: \"desc\"\n         },\n         skip: 0,\n         take: 20\n       })\n\nInvalid value for argument `gte`: Provided Date object is invalid. Expected Date.","name":"PrismaClientValidationError","stack":"PrismaClientValidationError: \nInvalid `prisma.user.findMany()` invocation in\nE:\\green-peddle\\gp-app\\server\\src\\modules\\admin\\admin.service.ts:97:17\n\n  94 const take = Number(limit);\n  95 \n  96 const [users, totalRecords] = await Promise.all([\n→ 97   prisma.user.findMany({\n         where: {\n           createdAt: {\n             gte: new Date(\"Invalid Date\"),\n                  ~~~~~~~~~~~~~~~~~~~~~~~~\n             lte: new Date(\"Invalid Date\")\n           }\n         },\n         select: {\n           id: true,\n           name: true,\n           email: true,\n           role: true,\n           isEmailVerified: true,\n           createdAt: true\n         },\n         orderBy: {\n           createdAt: \"desc\"\n         },\n         skip: 0,\n         take: 20\n       })\n\nInvalid value for argument `gte`: Provided Date object is invalid. Expected Date.\n    at ar (E:\\green-peddle\\gp-app\\server\\generated\\prisma\\runtime\\client.js:14:1374)\n    at e.throwValidationError (E:\\green-peddle\\gp-app\\server\\generated\\prisma\\runtime\\client.js:14:10216)\n    at Ao (E:\\green-peddle\\gp-app\\server\\generated\\prisma\\runtime\\client.js:14:7548)\n    at Co (E:\\green-peddle\\gp-app\\server\\generated\\prisma\\runtime\\client.js:14:8907)\n    at Ao (E:\\green-peddle\\gp-app\\server\\generated\\prisma\\runtime\\client.js:14:8414)\n    at Co (E:\\green-peddle\\gp-app\\server\\generated\\prisma\\runtime\\client.js:14:8907)\n    at Ao (E:\\green-peddle\\gp-app\\server\\generated\\prisma\\runtime\\client.js:14:8414)\n    at Co (E:\\green-peddle\\gp-app\\server\\generated\\prisma\\runtime\\client.js:14:8907)\n    at Et (E:\\green-peddle\\gp-app\\server\\generated\\prisma\\runtime\\client.js:14:5909)\n    at pr (E:\\green-peddle\\gp-app\\server\\generated\\prisma\\runtime\\client.js:14:5811)","timestamp":"2026-04-09T12:37:18.378Z"}
{"alpha":"","endDate":"null","level":"info","limit":"20","message":"Admin fetching all users with filters","page":"1","role":"All","search":"","startDate":"null","status":"All","timestamp":"2026-04-09T12:37:18.387Z"}
{"clientVersion":"7.6.0","level":"error","message":"Error fetching users \nInvalid `prisma.user.findMany()` invocation in\nE:\\green-peddle\\gp-app\\server\\src\\modules\\admin\\admin.service.ts:97:17\n\n  94 const take = Number(limit);\n  95 \n  96 const [users, totalRecords] = await Promise.all([\n→ 97   prisma.user.findMany({\n         where: {\n           createdAt: {\n             gte: new Date(\"Invalid Date\"),\n                  ~~~~~~~~~~~~~~~~~~~~~~~~\n             lte: new Date(\"Invalid Date\")\n           }\n         },\n         select: {\n           id: true,\n           name: true,\n           email: true,\n           role: true,\n           isEmailVerified: true,\n           createdAt: true\n         },\n         orderBy: {\n           createdAt: \"desc\"\n         },\n         skip: 0,\n         take: 20\n       })\n\nInvalid value for argument `gte`: Provided Date object is invalid. Expected Date.","name":"PrismaClientValidationError","stack":"PrismaClientValidationError: \nInvalid `prisma.user.findMany()` invocation in\nE:\\green-peddle\\gp-app\\server\\src\\modules\\admin\\admin.service.ts:97:17\n\n  94 const take = Number(limit);\n  95 \n  96 const [users, totalRecords] = await Promise.all([\n→ 97   prisma.user.findMany({\n         where: {\n           createdAt: {\n             gte: new Date(\"Invalid Date\"),\n                  ~~~~~~~~~~~~~~~~~~~~~~~~\n             lte: new Date(\"Invalid Date\")\n           }\n         },\n         select: {\n           id: true,\n           name: true,\n           email: true,\n           role: true,\n           isEmailVerified: true,\n           createdAt: true\n         },\n         orderBy: {\n           createdAt: \"desc\"\n         },\n         skip: 0,\n         take: 20\n       })\n\nInvalid value for argument `gte`: Provided Date object is invalid. Expected Date.\n    at ar (E:\\green-peddle\\gp-app\\server\\generated\\prisma\\runtime\\client.js:14:1374)\n    at e.throwValidationError (E:\\green-peddle\\gp-app\\server\\generated\\prisma\\runtime\\client.js:14:10216)\n    at Ao (E:\\green-peddle\\gp-app\\server\\generated\\prisma\\runtime\\client.js:14:7548)\n    at Co (E:\\green-peddle\\gp-app\\server\\generated\\prisma\\runtime\\client.js:14:8907)\n    at Ao (E:\\green-peddle\\gp-app\\server\\generated\\prisma\\runtime\\client.js:14:8414)\n    at Co (E:\\green-peddle\\gp-app\\server\\generated\\prisma\\runtime\\client.js:14:8907)\n    at Ao (E:\\green-peddle\\gp-app\\server\\generated\\prisma\\runtime\\client.js:14:8414)\n    at Co (E:\\green-peddle\\gp-app\\server\\generated\\prisma\\runtime\\client.js:14:8907)\n    at Et (E:\\green-peddle\\gp-app\\server\\generated\\prisma\\runtime\\client.js:14:5909)\n    at pr (E:\\green-peddle\\gp-app\\server\\generated\\prisma\\runtime\\client.js:14:5811)","timestamp":"2026-04-09T12:37:18.392Z"}
{"alpha":"","endDate":"null","level":"info","message":"Admin fetching all users with filters","role":"All","search":"","startDate":"null","status":"All","timestamp":"2026-04-09T12:37:18.397Z"}
{"clientVersion":"7.6.0","level":"error","message":"Error fetching users \nInvalid `prisma.user.findMany()` invocation in\nE:\\green-peddle\\gp-app\\server\\src\\modules\\admin\\admin.service.ts:97:17\n\n  94 const take = Number(limit);\n  95 \n  96 const [users, totalRecords] = await Promise.all([\n→ 97   prisma.user.findMany({\n         where: {\n           createdAt: {\n             gte: new Date(\"Invalid Date\"),\n                  ~~~~~~~~~~~~~~~~~~~~~~~~\n             lte: new Date(\"Invalid Date\")\n           }\n         },\n         select: {\n           id: true,\n           name: true,\n           email: true,\n           role: true,\n           isEmailVerified: true,\n           createdAt: true\n         },\n         orderBy: {\n           createdAt: \"desc\"\n         },\n         skip: 0,\n         take: 20\n       })\n\nInvalid value for argument `gte`: Provided Date object is invalid. Expected Date.","name":"PrismaClientValidationError","stack":"PrismaClientValidationError: \nInvalid `prisma.user.findMany()` invocation in\nE:\\green-peddle\\gp-app\\server\\src\\modules\\admin\\admin.service.ts:97:17\n\n  94 const take = Number(limit);\n  95 \n  96 const [users, totalRecords] = await Promise.all([\n→ 97   prisma.user.findMany({\n         where: {\n           createdAt: {\n             gte: new Date(\"Invalid Date\"),\n                  ~~~~~~~~~~~~~~~~~~~~~~~~\n             lte: new Date(\"Invalid Date\")\n           }\n         },\n         select: {\n           id: true,\n           name: true,\n           email: true,\n           role: true,\n           isEmailVerified: true,\n           createdAt: true\n         },\n         orderBy: {\n           createdAt: \"desc\"\n         },\n         skip: 0,\n         take: 20\n       })\n\nInvalid value for argument `gte`: Provided Date object is invalid. Expected Date.\n    at ar (E:\\green-peddle\\gp-app\\server\\generated\\prisma\\runtime\\client.js:14:1374)\n    at e.throwValidationError (E:\\green-peddle\\gp-app\\server\\generated\\prisma\\runtime\\client.js:14:10216)\n    at Ao (E:\\green-peddle\\gp-app\\server\\generated\\prisma\\runtime\\client.js:14:7548)\n    at Co (E:\\green-peddle\\gp-app\\server\\generated\\prisma\\runtime\\client.js:14:8907)\n    at Ao (E:\\green-peddle\\gp-app\\server\\generated\\prisma\\runtime\\client.js:14:8414)\n    at Co (E:\\green-peddle\\gp-app\\server\\generated\\prisma\\runtime\\client.js:14:8907)\n    at Ao (E:\\green-peddle\\gp-app\\server\\generated\\prisma\\runtime\\client.js:14:8414)\n    at Co (E:\\green-peddle\\gp-app\\server\\generated\\prisma\\runtime\\client.js:14:8907)\n    at Et (E:\\green-peddle\\gp-app\\server\\generated\\prisma\\runtime\\client.js:14:5909)\n    at pr (E:\\green-peddle\\gp-app\\server\\generated\\prisma\\runtime\\client.js:14:5811)","timestamp":"2026-04-09T12:37:18.402Z"}
{"alpha":"","endDate":"null","level":"info","limit":"20","message":"Admin fetching all users with filters","page":"1","role":"All","search":"","startDate":"null","status":"All","timestamp":"2026-04-09T12:37:18.406Z"}
{"clientVersion":"7.6.0","level":"error","message":"Error fetching users \nInvalid `prisma.user.findMany()` invocation in\nE:\\green-peddle\\gp-app\\server\\src\\modules\\admin\\admin.service.ts:97:17\n\n  94 const take = Number(limit);\n  95 \n  96 const [users, totalRecords] = await Promise.all([\n→ 97   prisma.user.findMany({\n         where: {\n           createdAt: {\n             gte: new Date(\"Invalid Date\"),\n                  ~~~~~~~~~~~~~~~~~~~~~~~~\n             lte: new Date(\"Invalid Date\")\n           }\n         },\n         select: {\n           id: true,\n           name: true,\n           email: true,\n           role: true,\n           isEmailVerified: true,\n           createdAt: true\n         },\n         orderBy: {\n           createdAt: \"desc\"\n         },\n         skip: 0,\n         take: 20\n       })\n\nInvalid value for argument `gte`: Provided Date object is invalid. Expected Date.","name":"PrismaClientValidationError","stack":"PrismaClientValidationError: \nInvalid `prisma.user.findMany()` invocation in\nE:\\green-peddle\\gp-app\\server\\src\\modules\\admin\\admin.service.ts:97:17\n\n  94 const take = Number(limit);\n  95 \n  96 const [users, totalRecords] = await Promise.all([\n→ 97   prisma.user.findMany({\n         where: {\n           createdAt: {\n             gte: new Date(\"Invalid Date\"),\n                  ~~~~~~~~~~~~~~~~~~~~~~~~\n             lte: new Date(\"Invalid Date\")\n           }\n         },\n         select: {\n           id: true,\n           name: true,\n           email: true,\n           role: true,\n           isEmailVerified: true,\n           createdAt: true\n         },\n         orderBy: {\n           createdAt: \"desc\"\n         },\n         skip: 0,\n         take: 20\n       })\n\nInvalid value for argument `gte`: Provided Date object is invalid. Expected Date.\n    at ar (E:\\green-peddle\\gp-app\\server\\generated\\prisma\\runtime\\client.js:14:1374)\n    at e.throwValidationError (E:\\green-peddle\\gp-app\\server\\generated\\prisma\\runtime\\client.js:14:10216)\n    at Ao (E:\\green-peddle\\gp-app\\server\\generated\\prisma\\runtime\\client.js:14:7548)\n    at Co (E:\\green-peddle\\gp-app\\server\\generated\\prisma\\runtime\\client.js:14:8907)\n    at Ao (E:\\green-peddle\\gp-app\\server\\generated\\prisma\\runtime\\client.js:14:8414)\n    at Co (E:\\green-peddle\\gp-app\\server\\generated\\prisma\\runtime\\client.js:14:8907)\n    at Ao (E:\\green-peddle\\gp-app\\server\\generated\\prisma\\runtime\\client.js:14:8414)\n    at Co (E:\\green-peddle\\gp-app\\server\\generated\\prisma\\runtime\\client.js:14:8907)\n    at Et (E:\\green-peddle\\gp-app\\server\\generated\\prisma\\runtime\\client.js:14:5909)\n    at pr (E:\\green-peddle\\gp-app\\server\\generated\\prisma\\runtime\\client.js:14:5811)","timestamp":"2026-04-09T12:37:18.410Z"}
{"alpha":"","endDate":"null","level":"info","message":"Admin fetching all users with filters","role":"All","search":"","startDate":"null","status":"All","timestamp":"2026-04-09T12:37:18.413Z"}
{"clientVersion":"7.6.0","level":"error","message":"Error fetching users \nInvalid `prisma.user.findMany()` invocation in\nE:\\green-peddle\\gp-app\\server\\src\\modules\\admin\\admin.service.ts:97:17\n\n  94 const take = Number(limit);\n  95 \n  96 const [users, totalRecords] = await Promise.all([\n→ 97   prisma.user.findMany({\n         where: {\n           createdAt: {\n             gte: new Date(\"Invalid Date\"),\n                  ~~~~~~~~~~~~~~~~~~~~~~~~\n             lte: new Date(\"Invalid Date\")\n           }\n         },\n         select: {\n           id: true,\n           name: true,\n           email: true,\n           role: true,\n           isEmailVerified: true,\n           createdAt: true\n         },\n         orderBy: {\n           createdAt: \"desc\"\n         },\n         skip: 0,\n         take: 20\n       })\n\nInvalid value for argument `gte`: Provided Date object is invalid. Expected Date.","name":"PrismaClientValidationError","stack":"PrismaClientValidationError: \nInvalid `prisma.user.findMany()` invocation in\nE:\\green-peddle\\gp-app\\server\\src\\modules\\admin\\admin.service.ts:97:17\n\n  94 const take = Number(limit);\n  95 \n  96 const [users, totalRecords] = await Promise.all([\n→ 97   prisma.user.findMany({\n         where: {\n           createdAt: {\n             gte: new Date(\"Invalid Date\"),\n                  ~~~~~~~~~~~~~~~~~~~~~~~~\n             lte: new Date(\"Invalid Date\")\n           }\n         },\n         select: {\n           id: true,\n           name: true,\n           email: true,\n           role: true,\n           isEmailVerified: true,\n           createdAt: true\n         },\n         orderBy: {\n           createdAt: \"desc\"\n         },\n         skip: 0,\n         take: 20\n       })\n\nInvalid value for argument `gte`: Provided Date object is invalid. Expected Date.\n    at ar (E:\\green-peddle\\gp-app\\server\\generated\\prisma\\runtime\\client.js:14:1374)\n    at e.throwValidationError (E:\\green-peddle\\gp-app\\server\\generated\\prisma\\runtime\\client.js:14:10216)\n    at Ao (E:\\green-peddle\\gp-app\\server\\generated\\prisma\\runtime\\client.js:14:7548)\n    at Co (E:\\green-peddle\\gp-app\\server\\generated\\prisma\\runtime\\client.js:14:8907)\n    at Ao (E:\\green-peddle\\gp-app\\server\\generated\\prisma\\runtime\\client.js:14:8414)\n    at Co (E:\\green-peddle\\gp-app\\server\\generated\\prisma\\runtime\\client.js:14:8907)\n    at Ao (E:\\green-peddle\\gp-app\\server\\generated\\prisma\\runtime\\client.js:14:8414)\n    at Co (E:\\green-peddle\\gp-app\\server\\generated\\prisma\\runtime\\client.js:14:8907)\n    at Et (E:\\green-peddle\\gp-app\\server\\generated\\prisma\\runtime\\client.js:14:5909)\n    at pr (E:\\green-peddle\\gp-app\\server\\generated\\prisma\\runtime\\client.js:14:5811)","timestamp":"2026-04-09T12:37:18.415Z"}
{"alpha":"","endDate":"null","level":"info","limit":"20","message":"Admin fetching all users with filters","page":"1","role":"All","search":"","startDate":"null","status":"All","timestamp":"2026-04-09T12:37:18.423Z"}
{"clientVersion":"7.6.0","level":"error","message":"Error fetching users \nInvalid `prisma.user.findMany()` invocation in\nE:\\green-peddle\\gp-app\\server\\src\\modules\\admin\\admin.service.ts:97:17\n\n  94 const take = Number(limit);\n  95 \n  96 const [users, totalRecords] = await Promise.all([\n→ 97   prisma.user.findMany({\n         where: {\n           createdAt: {\n             gte: new Date(\"Invalid Date\"),\n                  ~~~~~~~~~~~~~~~~~~~~~~~~\n             lte: new Date(\"Invalid Date\")\n           }\n         },\n         select: {\n           id: true,\n           name: true,\n           email: true,\n           role: true,\n           isEmailVerified: true,\n           createdAt: true\n         },\n         orderBy: {\n           createdAt: \"desc\"\n         },\n         skip: 0,\n         take: 20\n       })\n\nInvalid value for argument `gte`: Provided Date object is invalid. Expected Date.","name":"PrismaClientValidationError","stack":"PrismaClientValidationError: \nInvalid `prisma.user.findMany()` invocation in\nE:\\green-peddle\\gp-app\\server\\src\\modules\\admin\\admin.service.ts:97:17\n\n  94 const take = Number(limit);\n  95 \n  96 const [users, totalRecords] = await Promise.all([\n→ 97   prisma.user.findMany({\n         where: {\n           createdAt: {\n             gte: new Date(\"Invalid Date\"),\n                  ~~~~~~~~~~~~~~~~~~~~~~~~\n             lte: new Date(\"Invalid Date\")\n           }\n         },\n         select: {\n           id: true,\n           name: true,\n           email: true,\n           role: true,\n           isEmailVerified: true,\n           createdAt: true\n         },\n         orderBy: {\n           createdAt: \"desc\"\n         },\n         skip: 0,\n         take: 20\n       })\n\nInvalid value for argument `gte`: Provided Date object is invalid. Expected Date.\n    at ar (E:\\green-peddle\\gp-app\\server\\generated\\prisma\\runtime\\client.js:14:1374)\n    at e.throwValidationError (E:\\green-peddle\\gp-app\\server\\generated\\prisma\\runtime\\client.js:14:10216)\n    at Ao (E:\\green-peddle\\gp-app\\server\\generated\\prisma\\runtime\\client.js:14:7548)\n    at Co (E:\\green-peddle\\gp-app\\server\\generated\\prisma\\runtime\\client.js:14:8907)\n    at Ao (E:\\green-peddle\\gp-app\\server\\generated\\prisma\\runtime\\client.js:14:8414)\n    at Co (E:\\green-peddle\\gp-app\\server\\generated\\prisma\\runtime\\client.js:14:8907)\n    at Ao (E:\\green-peddle\\gp-app\\server\\generated\\prisma\\runtime\\client.js:14:8414)\n    at Co (E:\\green-peddle\\gp-app\\server\\generated\\prisma\\runtime\\client.js:14:8907)\n    at Et (E:\\green-peddle\\gp-app\\server\\generated\\prisma\\runtime\\client.js:14:5909)\n    at pr (E:\\green-peddle\\gp-app\\server\\generated\\prisma\\runtime\\client.js:14:5811)","timestamp":"2026-04-09T12:37:18.426Z"}
{"alpha":"","endDate":"null","level":"info","message":"Admin fetching all users with filters","role":"All","search":"","startDate":"null","status":"All","timestamp":"2026-04-09T12:37:18.429Z"}
{"clientVersion":"7.6.0","level":"error","message":"Error fetching users \nInvalid `prisma.user.findMany()` invocation in\nE:\\green-peddle\\gp-app\\server\\src\\modules\\admin\\admin.service.ts:97:17\n\n  94 const take = Number(limit);\n  95 \n  96 const [users, totalRecords] = await Promise.all([\n→ 97   prisma.user.findMany({\n         where: {\n           createdAt: {\n             gte: new Date(\"Invalid Date\"),\n                  ~~~~~~~~~~~~~~~~~~~~~~~~\n             lte: new Date(\"Invalid Date\")\n           }\n         },\n         select: {\n           id: true,\n           name: true,\n           email: true,\n           role: true,\n           isEmailVerified: true,\n           createdAt: true\n         },\n         orderBy: {\n           createdAt: \"desc\"\n         },\n         skip: 0,\n         take: 20\n       })\n\nInvalid value for argument `gte`: Provided Date object is invalid. Expected Date.","name":"PrismaClientValidationError","stack":"PrismaClientValidationError: \nInvalid `prisma.user.findMany()` invocation in\nE:\\green-peddle\\gp-app\\server\\src\\modules\\admin\\admin.service.ts:97:17\n\n  94 const take = Number(limit);\n  95 \n  96 const [users, totalRecords] = await Promise.all([\n→ 97   prisma.user.findMany({\n         where: {\n           createdAt: {\n             gte: new Date(\"Invalid Date\"),\n                  ~~~~~~~~~~~~~~~~~~~~~~~~\n             lte: new Date(\"Invalid Date\")\n           }\n         },\n         select: {\n           id: true,\n           name: true,\n           email: true,\n           role: true,\n           isEmailVerified: true,\n           createdAt: true\n         },\n         orderBy: {\n           createdAt: \"desc\"\n         },\n         skip: 0,\n         take: 20\n       })\n\nInvalid value for argument `gte`: Provided Date object is invalid. Expected Date.\n    at ar (E:\\green-peddle\\gp-app\\server\\generated\\prisma\\runtime\\client.js:14:1374)\n    at e.throwValidationError (E:\\green-peddle\\gp-app\\server\\generated\\prisma\\runtime\\client.js:14:10216)\n    at Ao (E:\\green-peddle\\gp-app\\server\\generated\\prisma\\runtime\\client.js:14:7548)\n    at Co (E:\\green-peddle\\gp-app\\server\\generated\\prisma\\runtime\\client.js:14:8907)\n    at Ao (E:\\green-peddle\\gp-app\\server\\generated\\prisma\\runtime\\client.js:14:8414)\n    at Co (E:\\green-peddle\\gp-app\\server\\generated\\prisma\\runtime\\client.js:14:8907)\n    at Ao (E:\\green-peddle\\gp-app\\server\\generated\\prisma\\runtime\\client.js:14:8414)\n    at Co (E:\\green-peddle\\gp-app\\server\\generated\\prisma\\runtime\\client.js:14:8907)\n    at Et (E:\\green-peddle\\gp-app\\server\\generated\\prisma\\runtime\\client.js:14:5909)\n    at pr (E:\\green-peddle\\gp-app\\server\\generated\\prisma\\runtime\\client.js:14:5811)","timestamp":"2026-04-09T12:37:18.433Z"}
{"alpha":"","endDate":"null","level":"info","message":"Admin fetching all users with filters","role":"All","search":"","startDate":"null","status":"All","timestamp":"2026-04-09T12:37:18.478Z"}
{"clientVersion":"7.6.0","level":"error","message":"Error fetching users \nInvalid `prisma.user.findMany()` invocation in\nE:\\green-peddle\\gp-app\\server\\src\\modules\\admin\\admin.service.ts:97:17\n\n  94 const take = Number(limit);\n  95 \n  96 const [users, totalRecords] = await Promise.all([\n→ 97   prisma.user.findMany({\n         where: {\n           createdAt: {\n             gte: new Date(\"Invalid Date\"),\n                  ~~~~~~~~~~~~~~~~~~~~~~~~\n             lte: new Date(\"Invalid Date\")\n           }\n         },\n         select: {\n           id: true,\n           name: true,\n           email: true,\n           role: true,\n           isEmailVerified: true,\n           createdAt: true\n         },\n         orderBy: {\n           createdAt: \"desc\"\n         },\n         skip: 0,\n         take: 20\n       })\n\nInvalid value for argument `gte`: Provided Date object is invalid. Expected Date.","name":"PrismaClientValidationError","stack":"PrismaClientValidationError: \nInvalid `prisma.user.findMany()` invocation in\nE:\\green-peddle\\gp-app\\server\\src\\modules\\admin\\admin.service.ts:97:17\n\n  94 const take = Number(limit);\n  95 \n  96 const [users, totalRecords] = await Promise.all([\n→ 97   prisma.user.findMany({\n         where: {\n           createdAt: {\n             gte: new Date(\"Invalid Date\"),\n                  ~~~~~~~~~~~~~~~~~~~~~~~~\n             lte: new Date(\"Invalid Date\")\n           }\n         },\n         select: {\n           id: true,\n           name: true,\n           email: true,\n           role: true,\n           isEmailVerified: true,\n           createdAt: true\n         },\n         orderBy: {\n           createdAt: \"desc\"\n         },\n         skip: 0,\n         take: 20\n       })\n\nInvalid value for argument `gte`: Provided Date object is invalid. Expected Date.\n    at ar (E:\\green-peddle\\gp-app\\server\\generated\\prisma\\runtime\\client.js:14:1374)\n    at e.throwValidationError (E:\\green-peddle\\gp-app\\server\\generated\\prisma\\runtime\\client.js:14:10216)\n    at Ao (E:\\green-peddle\\gp-app\\server\\generated\\prisma\\runtime\\client.js:14:7548)\n    at Co (E:\\green-peddle\\gp-app\\server\\generated\\prisma\\runtime\\client.js:14:8907)\n    at Ao (E:\\green-peddle\\gp-app\\server\\generated\\prisma\\runtime\\client.js:14:8414)\n    at Co (E:\\green-peddle\\gp-app\\server\\generated\\prisma\\runtime\\client.js:14:8907)\n    at Ao (E:\\green-peddle\\gp-app\\server\\generated\\prisma\\runtime\\client.js:14:8414)\n    at Co (E:\\green-peddle\\gp-app\\server\\generated\\prisma\\runtime\\client.js:14:8907)\n    at Et (E:\\green-peddle\\gp-app\\server\\generated\\prisma\\runtime\\client.js:14:5909)\n    at pr (E:\\green-peddle\\gp-app\\server\\generated\\prisma\\runtime\\client.js:14:5811)","timestamp":"2026-04-09T12:37:18.480Z"}
{"alpha":"","level":"info","limit":"20","message":"Admin fetching all users with filters","page":"1","timestamp":"2026-04-09T12:37:18.483Z"}
{"alpha":"","level":"info","limit":"20","message":"Admin fetching all users with filters","page":"1","timestamp":"2026-04-09T12:37:22.843Z"}
{"alpha":"E","endDate":"null","level":"info","limit":"20","message":"Admin fetching all users with filters","page":"1","role":"All","search":"","startDate":"null","status":"All","timestamp":"2026-04-09T12:37:22.846Z"}
{"clientVersion":"7.6.0","level":"error","message":"Error fetching users \nInvalid `prisma.user.findMany()` invocation in\nE:\\green-peddle\\gp-app\\server\\src\\modules\\admin\\admin.service.ts:97:17\n\n  94 const take = Number(limit);\n  95 \n  96 const [users, totalRecords] = await Promise.all([\n→ 97   prisma.user.findMany({\n         where: {\n           name: {\n             startsWith: \"E\",\n             mode: \"insensitive\"\n           },\n           createdAt: {\n             gte: new Date(\"Invalid Date\"),\n                  ~~~~~~~~~~~~~~~~~~~~~~~~\n             lte: new Date(\"Invalid Date\")\n           }\n         },\n         select: {\n           id: true,\n           name: true,\n           email: true,\n           role: true,\n           isEmailVerified: true,\n           createdAt: true\n         },\n         orderBy: {\n           createdAt: \"desc\"\n         },\n         skip: 0,\n         take: 20\n       })\n\nInvalid value for argument `gte`: Provided Date object is invalid. Expected Date.","name":"PrismaClientValidationError","stack":"PrismaClientValidationError: \nInvalid `prisma.user.findMany()` invocation in\nE:\\green-peddle\\gp-app\\server\\src\\modules\\admin\\admin.service.ts:97:17\n\n  94 const take = Number(limit);\n  95 \n  96 const [users, totalRecords] = await Promise.all([\n→ 97   prisma.user.findMany({\n         where: {\n           name: {\n             startsWith: \"E\",\n             mode: \"insensitive\"\n           },\n           createdAt: {\n             gte: new Date(\"Invalid Date\"),\n                  ~~~~~~~~~~~~~~~~~~~~~~~~\n             lte: new Date(\"Invalid Date\")\n           }\n         },\n         select: {\n           id: true,\n           name: true,\n           email: true,\n           role: true,\n           isEmailVerified: true,\n           createdAt: true\n         },\n         orderBy: {\n           createdAt: \"desc\"\n         },\n         skip: 0,\n         take: 20\n       })\n\nInvalid value for argument `gte`: Provided Date object is invalid. Expected Date.\n    at ar (E:\\green-peddle\\gp-app\\server\\generated\\prisma\\runtime\\client.js:14:1374)\n    at e.throwValidationError (E:\\green-peddle\\gp-app\\server\\generated\\prisma\\runtime\\client.js:14:10216)\n    at Ao (E:\\green-peddle\\gp-app\\server\\generated\\prisma\\runtime\\client.js:14:7548)\n    at Co (E:\\green-peddle\\gp-app\\server\\generated\\prisma\\runtime\\client.js:14:8907)\n    at Ao (E:\\green-peddle\\gp-app\\server\\generated\\prisma\\runtime\\client.js:14:8414)\n    at Co (E:\\green-peddle\\gp-app\\server\\generated\\prisma\\runtime\\client.js:14:8907)\n    at Ao (E:\\green-peddle\\gp-app\\server\\generated\\prisma\\runtime\\client.js:14:8414)\n    at Co (E:\\green-peddle\\gp-app\\server\\generated\\prisma\\runtime\\client.js:14:8907)\n    at Et (E:\\green-peddle\\gp-app\\server\\generated\\prisma\\runtime\\client.js:14:5909)\n    at pr (E:\\green-peddle\\gp-app\\server\\generated\\prisma\\runtime\\client.js:14:5811)","timestamp":"2026-04-09T12:37:22.849Z"}
{"alpha":"E","endDate":"null","level":"info","limit":"20","message":"Admin fetching all users with filters","page":"1","role":"All","search":"","startDate":"null","status":"All","timestamp":"2026-04-09T12:37:22.854Z"}
{"clientVersion":"7.6.0","level":"error","message":"Error fetching users \nInvalid `prisma.user.findMany()` invocation in\nE:\\green-peddle\\gp-app\\server\\src\\modules\\admin\\admin.service.ts:97:17\n\n  94 const take = Number(limit);\n  95 \n  96 const [users, totalRecords] = await Promise.all([\n→ 97   prisma.user.findMany({\n         where: {\n           name: {\n             startsWith: \"E\",\n             mode: \"insensitive\"\n           },\n           createdAt: {\n             gte: new Date(\"Invalid Date\"),\n                  ~~~~~~~~~~~~~~~~~~~~~~~~\n             lte: new Date(\"Invalid Date\")\n           }\n         },\n         select: {\n           id: true,\n           name: true,\n           email: true,\n           role: true,\n           isEmailVerified: true,\n           createdAt: true\n         },\n         orderBy: {\n           createdAt: \"desc\"\n         },\n         skip: 0,\n         take: 20\n       })\n\nInvalid value for argument `gte`: Provided Date object is invalid. Expected Date.","name":"PrismaClientValidationError","stack":"PrismaClientValidationError: \nInvalid `prisma.user.findMany()` invocation in\nE:\\green-peddle\\gp-app\\server\\src\\modules\\admin\\admin.service.ts:97:17\n\n  94 const take = Number(limit);\n  95 \n  96 const [users, totalRecords] = await Promise.all([\n→ 97   prisma.user.findMany({\n         where: {\n           name: {\n             startsWith: \"E\",\n             mode: \"insensitive\"\n           },\n           createdAt: {\n             gte: new Date(\"Invalid Date\"),\n                  ~~~~~~~~~~~~~~~~~~~~~~~~\n             lte: new Date(\"Invalid Date\")\n           }\n         },\n         select: {\n           id: true,\n           name: true,\n           email: true,\n           role: true,\n           isEmailVerified: true,\n           createdAt: true\n         },\n         orderBy: {\n           createdAt: \"desc\"\n         },\n         skip: 0,\n         take: 20\n       })\n\nInvalid value for argument `gte`: Provided Date object is invalid. Expected Date.\n    at ar (E:\\green-peddle\\gp-app\\server\\generated\\prisma\\runtime\\client.js:14:1374)\n    at e.throwValidationError (E:\\green-peddle\\gp-app\\server\\generated\\prisma\\runtime\\client.js:14:10216)\n    at Ao (E:\\green-peddle\\gp-app\\server\\generated\\prisma\\runtime\\client.js:14:7548)\n    at Co (E:\\green-peddle\\gp-app\\server\\generated\\prisma\\runtime\\client.js:14:8907)\n    at Ao (E:\\green-peddle\\gp-app\\server\\generated\\prisma\\runtime\\client.js:14:8414)\n    at Co (E:\\green-peddle\\gp-app\\server\\generated\\prisma\\runtime\\client.js:14:8907)\n    at Ao (E:\\green-peddle\\gp-app\\server\\generated\\prisma\\runtime\\client.js:14:8414)\n    at Co (E:\\green-peddle\\gp-app\\server\\generated\\prisma\\runtime\\client.js:14:8907)\n    at Et (E:\\green-peddle\\gp-app\\server\\generated\\prisma\\runtime\\client.js:14:5909)\n    at pr (E:\\green-peddle\\gp-app\\server\\generated\\prisma\\runtime\\client.js:14:5811)","timestamp":"2026-04-09T12:37:22.855Z"}
{"alpha":"E","endDate":"null","level":"info","limit":"20","message":"Admin fetching all users with filters","page":"1","role":"All","search":"","startDate":"null","status":"All","timestamp":"2026-04-09T12:37:22.860Z"}
{"clientVersion":"7.6.0","level":"error","message":"Error fetching users \nInvalid `prisma.user.findMany()` invocation in\nE:\\green-peddle\\gp-app\\server\\src\\modules\\admin\\admin.service.ts:97:17\n\n  94 const take = Number(limit);\n  95 \n  96 const [users, totalRecords] = await Promise.all([\n→ 97   prisma.user.findMany({\n         where: {\n           name: {\n             startsWith: \"E\",\n             mode: \"insensitive\"\n           },\n           createdAt: {\n             gte: new Date(\"Invalid Date\"),\n                  ~~~~~~~~~~~~~~~~~~~~~~~~\n             lte: new Date(\"Invalid Date\")\n           }\n         },\n         select: {\n           id: true,\n           name: true,\n           email: true,\n           role: true,\n           isEmailVerified: true,\n           createdAt: true\n         },\n         orderBy: {\n           createdAt: \"desc\"\n         },\n         skip: 0,\n         take: 20\n       })\n\nInvalid value for argument `gte`: Provided Date object is invalid. Expected Date.","name":"PrismaClientValidationError","stack":"PrismaClientValidationError: \nInvalid `prisma.user.findMany()` invocation in\nE:\\green-peddle\\gp-app\\server\\src\\modules\\admin\\admin.service.ts:97:17\n\n  94 const take = Number(limit);\n  95 \n  96 const [users, totalRecords] = await Promise.all([\n→ 97   prisma.user.findMany({\n         where: {\n           name: {\n             startsWith: \"E\",\n             mode: \"insensitive\"\n           },\n           createdAt: {\n             gte: new Date(\"Invalid Date\"),\n                  ~~~~~~~~~~~~~~~~~~~~~~~~\n             lte: new Date(\"Invalid Date\")\n           }\n         },\n         select: {\n           id: true,\n           name: true,\n           email: true,\n           role: true,\n           isEmailVerified: true,\n           createdAt: true\n         },\n         orderBy: {\n           createdAt: \"desc\"\n         },\n         skip: 0,\n         take: 20\n       })\n\nInvalid value for argument `gte`: Provided Date object is invalid. Expected Date.\n    at ar (E:\\green-peddle\\gp-app\\server\\generated\\prisma\\runtime\\client.js:14:1374)\n    at e.throwValidationError (E:\\green-peddle\\gp-app\\server\\generated\\prisma\\runtime\\client.js:14:10216)\n    at Ao (E:\\green-peddle\\gp-app\\server\\generated\\prisma\\runtime\\client.js:14:7548)\n    at Co (E:\\green-peddle\\gp-app\\server\\generated\\prisma\\runtime\\client.js:14:8907)\n    at Ao (E:\\green-peddle\\gp-app\\server\\generated\\prisma\\runtime\\client.js:14:8414)\n    at Co (E:\\green-peddle\\gp-app\\server\\generated\\prisma\\runtime\\client.js:14:8907)\n    at Ao (E:\\green-peddle\\gp-app\\server\\generated\\prisma\\runtime\\client.js:14:8414)\n    at Co (E:\\green-peddle\\gp-app\\server\\generated\\prisma\\runtime\\client.js:14:8907)\n    at Et (E:\\green-peddle\\gp-app\\server\\generated\\prisma\\runtime\\client.js:14:5909)\n    at pr (E:\\green-peddle\\gp-app\\server\\generated\\prisma\\runtime\\client.js:14:5811)","timestamp":"2026-04-09T12:37:22.862Z"}
{"alpha":"E","endDate":"null","level":"info","limit":"20","message":"Admin fetching all users with filters","page":"1","role":"All","search":"","startDate":"null","status":"All","timestamp":"2026-04-09T12:37:22.876Z"}
{"clientVersion":"7.6.0","level":"error","message":"Error fetching users \nInvalid `prisma.user.findMany()` invocation in\nE:\\green-peddle\\gp-app\\server\\src\\modules\\admin\\admin.service.ts:97:17\n\n  94 const take = Number(limit);\n  95 \n  96 const [users, totalRecords] = await Promise.all([\n→ 97   prisma.user.findMany({\n         where: {\n           name: {\n             startsWith: \"E\",\n             mode: \"insensitive\"\n           },\n           createdAt: {\n             gte: new Date(\"Invalid Date\"),\n                  ~~~~~~~~~~~~~~~~~~~~~~~~\n             lte: new Date(\"Invalid Date\")\n           }\n         },\n         select: {\n           id: true,\n           name: true,\n           email: true,\n           role: true,\n           isEmailVerified: true,\n           createdAt: true\n         },\n         orderBy: {\n           createdAt: \"desc\"\n         },\n         skip: 0,\n         take: 20\n       })\n\nInvalid value for argument `gte`: Provided Date object is invalid. Expected Date.","name":"PrismaClientValidationError","stack":"PrismaClientValidationError: \nInvalid `prisma.user.findMany()` invocation in\nE:\\green-peddle\\gp-app\\server\\src\\modules\\admin\\admin.service.ts:97:17\n\n  94 const take = Number(limit);\n  95 \n  96 const [users, totalRecords] = await Promise.all([\n→ 97   prisma.user.findMany({\n         where: {\n           name: {\n             startsWith: \"E\",\n             mode: \"insensitive\"\n           },\n           createdAt: {\n             gte: new Date(\"Invalid Date\"),\n                  ~~~~~~~~~~~~~~~~~~~~~~~~\n             lte: new Date(\"Invalid Date\")\n           }\n         },\n         select: {\n           id: true,\n           name: true,\n           email: true,\n           role: true,\n           isEmailVerified: true,\n           createdAt: true\n         },\n         orderBy: {\n           createdAt: \"desc\"\n         },\n         skip: 0,\n         take: 20\n       })\n\nInvalid value for argument `gte`: Provided Date object is invalid. Expected Date.\n    at ar (E:\\green-peddle\\gp-app\\server\\generated\\prisma\\runtime\\client.js:14:1374)\n    at e.throwValidationError (E:\\green-peddle\\gp-app\\server\\generated\\prisma\\runtime\\client.js:14:10216)\n    at Ao (E:\\green-peddle\\gp-app\\server\\generated\\prisma\\runtime\\client.js:14:7548)\n    at Co (E:\\green-peddle\\gp-app\\server\\generated\\prisma\\runtime\\client.js:14:8907)\n    at Ao (E:\\green-peddle\\gp-app\\server\\generated\\prisma\\runtime\\client.js:14:8414)\n    at Co (E:\\green-peddle\\gp-app\\server\\generated\\prisma\\runtime\\client.js:14:8907)\n    at Ao (E:\\green-peddle\\gp-app\\server\\generated\\prisma\\runtime\\client.js:14:8414)\n    at Co (E:\\green-peddle\\gp-app\\server\\generated\\prisma\\runtime\\client.js:14:8907)\n    at Et (E:\\green-peddle\\gp-app\\server\\generated\\prisma\\runtime\\client.js:14:5909)\n    at pr (E:\\green-peddle\\gp-app\\server\\generated\\prisma\\runtime\\client.js:14:5811)","timestamp":"2026-04-09T12:37:22.878Z"}
{"alpha":"E","endDate":"null","level":"info","message":"Admin fetching all users with filters","role":"All","search":"","startDate":"null","status":"All","timestamp":"2026-04-09T12:37:22.881Z"}
{"clientVersion":"7.6.0","level":"error","message":"Error fetching users \nInvalid `prisma.user.findMany()` invocation in\nE:\\green-peddle\\gp-app\\server\\src\\modules\\admin\\admin.service.ts:97:17\n\n  94 const take = Number(limit);\n  95 \n  96 const [users, totalRecords] = await Promise.all([\n→ 97   prisma.user.findMany({\n         where: {\n           name: {\n             startsWith: \"E\",\n             mode: \"insensitive\"\n           },\n           createdAt: {\n             gte: new Date(\"Invalid Date\"),\n                  ~~~~~~~~~~~~~~~~~~~~~~~~\n             lte: new Date(\"Invalid Date\")\n           }\n         },\n         select: {\n           id: true,\n           name: true,\n           email: true,\n           role: true,\n           isEmailVerified: true,\n           createdAt: true\n         },\n         orderBy: {\n           createdAt: \"desc\"\n         },\n         skip: 0,\n         take: 20\n       })\n\nInvalid value for argument `gte`: Provided Date object is invalid. Expected Date.","name":"PrismaClientValidationError","stack":"PrismaClientValidationError: \nInvalid `prisma.user.findMany()` invocation in\nE:\\green-peddle\\gp-app\\server\\src\\modules\\admin\\admin.service.ts:97:17\n\n  94 const take = Number(limit);\n  95 \n  96 const [users, totalRecords] = await Promise.all([\n→ 97   prisma.user.findMany({\n         where: {\n           name: {\n             startsWith: \"E\",\n             mode: \"insensitive\"\n           },\n           createdAt: {\n             gte: new Date(\"Invalid Date\"),\n                  ~~~~~~~~~~~~~~~~~~~~~~~~\n             lte: new Date(\"Invalid Date\")\n           }\n         },\n         select: {\n           id: true,\n           name: true,\n           email: true,\n           role: true,\n           isEmailVerified: true,\n           createdAt: true\n         },\n         orderBy: {\n           createdAt: \"desc\"\n         },\n         skip: 0,\n         take: 20\n       })\n\nInvalid value for argument `gte`: Provided Date object is invalid. Expected Date.\n    at ar (E:\\green-peddle\\gp-app\\server\\generated\\prisma\\runtime\\client.js:14:1374)\n    at e.throwValidationError (E:\\green-peddle\\gp-app\\server\\generated\\prisma\\runtime\\client.js:14:10216)\n    at Ao (E:\\green-peddle\\gp-app\\server\\generated\\prisma\\runtime\\client.js:14:7548)\n    at Co (E:\\green-peddle\\gp-app\\server\\generated\\prisma\\runtime\\client.js:14:8907)\n    at Ao (E:\\green-peddle\\gp-app\\server\\generated\\prisma\\runtime\\client.js:14:8414)\n    at Co (E:\\green-peddle\\gp-app\\server\\generated\\prisma\\runtime\\client.js:14:8907)\n    at Ao (E:\\green-peddle\\gp-app\\server\\generated\\prisma\\runtime\\client.js:14:8414)\n    at Co (E:\\green-peddle\\gp-app\\server\\generated\\prisma\\runtime\\client.js:14:8907)\n    at Et (E:\\green-peddle\\gp-app\\server\\generated\\prisma\\runtime\\client.js:14:5909)\n    at pr (E:\\green-peddle\\gp-app\\server\\generated\\prisma\\runtime\\client.js:14:5811)","timestamp":"2026-04-09T12:37:22.883Z"}
{"alpha":"","level":"info","limit":"20","message":"Admin fetching all users with filters","page":"1","timestamp":"2026-04-09T12:37:22.886Z"}
{"alpha":"E","endDate":"null","level":"info","limit":"20","message":"Admin fetching all users with filters","page":"1","role":"All","search":"","startDate":"null","status":"All","timestamp":"2026-04-09T12:37:22.888Z"}
{"clientVersion":"7.6.0","level":"error","message":"Error fetching users \nInvalid `prisma.user.findMany()` invocation in\nE:\\green-peddle\\gp-app\\server\\src\\modules\\admin\\admin.service.ts:97:17\n\n  94 const take = Number(limit);\n  95 \n  96 const [users, totalRecords] = await Promise.all([\n→ 97   prisma.user.findMany({\n         where: {\n           name: {\n             startsWith: \"E\",\n             mode: \"insensitive\"\n           },\n           createdAt: {\n             gte: new Date(\"Invalid Date\"),\n                  ~~~~~~~~~~~~~~~~~~~~~~~~\n             lte: new Date(\"Invalid Date\")\n           }\n         },\n         select: {\n           id: true,\n           name: true,\n           email: true,\n           role: true,\n           isEmailVerified: true,\n           createdAt: true\n         },\n         orderBy: {\n           createdAt: \"desc\"\n         },\n         skip: 0,\n         take: 20\n       })\n\nInvalid value for argument `gte`: Provided Date object is invalid. Expected Date.","name":"PrismaClientValidationError","stack":"PrismaClientValidationError: \nInvalid `prisma.user.findMany()` invocation in\nE:\\green-peddle\\gp-app\\server\\src\\modules\\admin\\admin.service.ts:97:17\n\n  94 const take = Number(limit);\n  95 \n  96 const [users, totalRecords] = await Promise.all([\n→ 97   prisma.user.findMany({\n         where: {\n           name: {\n             startsWith: \"E\",\n             mode: \"insensitive\"\n           },\n           createdAt: {\n             gte: new Date(\"Invalid Date\"),\n                  ~~~~~~~~~~~~~~~~~~~~~~~~\n             lte: new Date(\"Invalid Date\")\n           }\n         },\n         select: {\n           id: true,\n           name: true,\n           email: true,\n           role: true,\n           isEmailVerified: true,\n           createdAt: true\n         },\n         orderBy: {\n           createdAt: \"desc\"\n         },\n         skip: 0,\n         take: 20\n       })\n\nInvalid value for argument `gte`: Provided Date object is invalid. Expected Date.\n    at ar (E:\\green-peddle\\gp-app\\server\\generated\\prisma\\runtime\\client.js:14:1374)\n    at e.throwValidationError (E:\\green-peddle\\gp-app\\server\\generated\\prisma\\runtime\\client.js:14:10216)\n    at Ao (E:\\green-peddle\\gp-app\\server\\generated\\prisma\\runtime\\client.js:14:7548)\n    at Co (E:\\green-peddle\\gp-app\\server\\generated\\prisma\\runtime\\client.js:14:8907)\n    at Ao (E:\\green-peddle\\gp-app\\server\\generated\\prisma\\runtime\\client.js:14:8414)\n    at Co (E:\\green-peddle\\gp-app\\server\\generated\\prisma\\runtime\\client.js:14:8907)\n    at Ao (E:\\green-peddle\\gp-app\\server\\generated\\prisma\\runtime\\client.js:14:8414)\n    at Co (E:\\green-peddle\\gp-app\\server\\generated\\prisma\\runtime\\client.js:14:8907)\n    at Et (E:\\green-peddle\\gp-app\\server\\generated\\prisma\\runtime\\client.js:14:5909)\n    at pr (E:\\green-peddle\\gp-app\\server\\generated\\prisma\\runtime\\client.js:14:5811)","timestamp":"2026-04-09T12:37:22.891Z"}
{"alpha":"E","endDate":"null","level":"info","message":"Admin fetching all users with filters","role":"All","search":"","startDate":"null","status":"All","timestamp":"2026-04-09T12:37:22.896Z"}
{"clientVersion":"7.6.0","level":"error","message":"Error fetching users \nInvalid `prisma.user.findMany()` invocation in\nE:\\green-peddle\\gp-app\\server\\src\\modules\\admin\\admin.service.ts:97:17\n\n  94 const take = Number(limit);\n  95 \n  96 const [users, totalRecords] = await Promise.all([\n→ 97   prisma.user.findMany({\n         where: {\n           name: {\n             startsWith: \"E\",\n             mode: \"insensitive\"\n           },\n           createdAt: {\n             gte: new Date(\"Invalid Date\"),\n                  ~~~~~~~~~~~~~~~~~~~~~~~~\n             lte: new Date(\"Invalid Date\")\n           }\n         },\n         select: {\n           id: true,\n           name: true,\n           email: true,\n           role: true,\n           isEmailVerified: true,\n           createdAt: true\n         },\n         orderBy: {\n           createdAt: \"desc\"\n         },\n         skip: 0,\n         take: 20\n       })\n\nInvalid value for argument `gte`: Provided Date object is invalid. Expected Date.","name":"PrismaClientValidationError","stack":"PrismaClientValidationError: \nInvalid `prisma.user.findMany()` invocation in\nE:\\green-peddle\\gp-app\\server\\src\\modules\\admin\\admin.service.ts:97:17\n\n  94 const take = Number(limit);\n  95 \n  96 const [users, totalRecords] = await Promise.all([\n→ 97   prisma.user.findMany({\n         where: {\n           name: {\n             startsWith: \"E\",\n             mode: \"insensitive\"\n           },\n           createdAt: {\n             gte: new Date(\"Invalid Date\"),\n                  ~~~~~~~~~~~~~~~~~~~~~~~~\n             lte: new Date(\"Invalid Date\")\n           }\n         },\n         select: {\n           id: true,\n           name: true,\n           email: true,\n           role: true,\n           isEmailVerified: true,\n           createdAt: true\n         },\n         orderBy: {\n           createdAt: \"desc\"\n         },\n         skip: 0,\n         take: 20\n       })\n\nInvalid value for argument `gte`: Provided Date object is invalid. Expected Date.\n    at ar (E:\\green-peddle\\gp-app\\server\\generated\\prisma\\runtime\\client.js:14:1374)\n    at e.throwValidationError (E:\\green-peddle\\gp-app\\server\\generated\\prisma\\runtime\\client.js:14:10216)\n    at Ao (E:\\green-peddle\\gp-app\\server\\generated\\prisma\\runtime\\client.js:14:7548)\n    at Co (E:\\green-peddle\\gp-app\\server\\generated\\prisma\\runtime\\client.js:14:8907)\n    at Ao (E:\\green-peddle\\gp-app\\server\\generated\\prisma\\runtime\\client.js:14:8414)\n    at Co (E:\\green-peddle\\gp-app\\server\\generated\\prisma\\runtime\\client.js:14:8907)\n    at Ao (E:\\green-peddle\\gp-app\\server\\generated\\prisma\\runtime\\client.js:14:8414)\n    at Co (E:\\green-peddle\\gp-app\\server\\generated\\prisma\\runtime\\client.js:14:8907)\n    at Et (E:\\green-peddle\\gp-app\\server\\generated\\prisma\\runtime\\client.js:14:5909)\n    at pr (E:\\green-peddle\\gp-app\\server\\generated\\prisma\\runtime\\client.js:14:5811)","timestamp":"2026-04-09T12:37:22.898Z"}
{"alpha":"E","endDate":"null","level":"info","limit":"20","message":"Admin fetching all users with filters","page":"1","role":"All","search":"","startDate":"null","status":"All","timestamp":"2026-04-09T12:37:22.904Z"}
{"clientVersion":"7.6.0","level":"error","message":"Error fetching users \nInvalid `prisma.user.findMany()` invocation in\nE:\\green-peddle\\gp-app\\server\\src\\modules\\admin\\admin.service.ts:97:17\n\n  94 const take = Number(limit);\n  95 \n  96 const [users, totalRecords] = await Promise.all([\n→ 97   prisma.user.findMany({\n         where: {\n           name: {\n             startsWith: \"E\",\n             mode: \"insensitive\"\n           },\n           createdAt: {\n             gte: new Date(\"Invalid Date\"),\n                  ~~~~~~~~~~~~~~~~~~~~~~~~\n             lte: new Date(\"Invalid Date\")\n           }\n         },\n         select: {\n           id: true,\n           name: true,\n           email: true,\n           role: true,\n           isEmailVerified: true,\n           createdAt: true\n         },\n         orderBy: {\n           createdAt: \"desc\"\n         },\n         skip: 0,\n         take: 20\n       })\n\nInvalid value for argument `gte`: Provided Date object is invalid. Expected Date.","name":"PrismaClientValidationError","stack":"PrismaClientValidationError: \nInvalid `prisma.user.findMany()` invocation in\nE:\\green-peddle\\gp-app\\server\\src\\modules\\admin\\admin.service.ts:97:17\n\n  94 const take = Number(limit);\n  95 \n  96 const [users, totalRecords] = await Promise.all([\n→ 97   prisma.user.findMany({\n         where: {\n           name: {\n             startsWith: \"E\",\n             mode: \"insensitive\"\n           },\n           createdAt: {\n             gte: new Date(\"Invalid Date\"),\n                  ~~~~~~~~~~~~~~~~~~~~~~~~\n             lte: new Date(\"Invalid Date\")\n           }\n         },\n         select: {\n           id: true,\n           name: true,\n           email: true,\n           role: true,\n           isEmailVerified: true,\n           createdAt: true\n         },\n         orderBy: {\n           createdAt: \"desc\"\n         },\n         skip: 0,\n         take: 20\n       })\n\nInvalid value for argument `gte`: Provided Date object is invalid. Expected Date.\n    at ar (E:\\green-peddle\\gp-app\\server\\generated\\prisma\\runtime\\client.js:14:1374)\n    at e.throwValidationError (E:\\green-peddle\\gp-app\\server\\generated\\prisma\\runtime\\client.js:14:10216)\n    at Ao (E:\\green-peddle\\gp-app\\server\\generated\\prisma\\runtime\\client.js:14:7548)\n    at Co (E:\\green-peddle\\gp-app\\server\\generated\\prisma\\runtime\\client.js:14:8907)\n    at Ao (E:\\green-peddle\\gp-app\\server\\generated\\prisma\\runtime\\client.js:14:8414)\n    at Co (E:\\green-peddle\\gp-app\\server\\generated\\prisma\\runtime\\client.js:14:8907)\n    at Ao (E:\\green-peddle\\gp-app\\server\\generated\\prisma\\runtime\\client.js:14:8414)\n    at Co (E:\\green-peddle\\gp-app\\server\\generated\\prisma\\runtime\\client.js:14:8907)\n    at Et (E:\\green-peddle\\gp-app\\server\\generated\\prisma\\runtime\\client.js:14:5909)\n    at pr (E:\\green-peddle\\gp-app\\server\\generated\\prisma\\runtime\\client.js:14:5811)","timestamp":"2026-04-09T12:37:22.906Z"}
{"alpha":"E","endDate":"null","level":"info","message":"Admin fetching all users with filters","role":"All","search":"","startDate":"null","status":"All","timestamp":"2026-04-09T12:37:22.911Z"}
{"clientVersion":"7.6.0","level":"error","message":"Error fetching users \nInvalid `prisma.user.findMany()` invocation in\nE:\\green-peddle\\gp-app\\server\\src\\modules\\admin\\admin.service.ts:97:17\n\n  94 const take = Number(limit);\n  95 \n  96 const [users, totalRecords] = await Promise.all([\n→ 97   prisma.user.findMany({\n         where: {\n           name: {\n             startsWith: \"E\",\n             mode: \"insensitive\"\n           },\n           createdAt: {\n             gte: new Date(\"Invalid Date\"),\n                  ~~~~~~~~~~~~~~~~~~~~~~~~\n             lte: new Date(\"Invalid Date\")\n           }\n         },\n         select: {\n           id: true,\n           name: true,\n           email: true,\n           role: true,\n           isEmailVerified: true,\n           createdAt: true\n         },\n         orderBy: {\n           createdAt: \"desc\"\n         },\n         skip: 0,\n         take: 20\n       })\n\nInvalid value for argument `gte`: Provided Date object is invalid. Expected Date.","name":"PrismaClientValidationError","stack":"PrismaClientValidationError: \nInvalid `prisma.user.findMany()` invocation in\nE:\\green-peddle\\gp-app\\server\\src\\modules\\admin\\admin.service.ts:97:17\n\n  94 const take = Number(limit);\n  95 \n  96 const [users, totalRecords] = await Promise.all([\n→ 97   prisma.user.findMany({\n         where: {\n           name: {\n             startsWith: \"E\",\n             mode: \"insensitive\"\n           },\n           createdAt: {\n             gte: new Date(\"Invalid Date\"),\n                  ~~~~~~~~~~~~~~~~~~~~~~~~\n             lte: new Date(\"Invalid Date\")\n           }\n         },\n         select: {\n           id: true,\n           name: true,\n           email: true,\n           role: true,\n           isEmailVerified: true,\n           createdAt: true\n         },\n         orderBy: {\n           createdAt: \"desc\"\n         },\n         skip: 0,\n         take: 20\n       })\n\nInvalid value for argument `gte`: Provided Date object is invalid. Expected Date.\n    at ar (E:\\green-peddle\\gp-app\\server\\generated\\prisma\\runtime\\client.js:14:1374)\n    at e.throwValidationError (E:\\green-peddle\\gp-app\\server\\generated\\prisma\\runtime\\client.js:14:10216)\n    at Ao (E:\\green-peddle\\gp-app\\server\\generated\\prisma\\runtime\\client.js:14:7548)\n    at Co (E:\\green-peddle\\gp-app\\server\\generated\\prisma\\runtime\\client.js:14:8907)\n    at Ao (E:\\green-peddle\\gp-app\\server\\generated\\prisma\\runtime\\client.js:14:8414)\n    at Co (E:\\green-peddle\\gp-app\\server\\generated\\prisma\\runtime\\client.js:14:8907)\n    at Ao (E:\\green-peddle\\gp-app\\server\\generated\\prisma\\runtime\\client.js:14:8414)\n    at Co (E:\\green-peddle\\gp-app\\server\\generated\\prisma\\runtime\\client.js:14:8907)\n    at Et (E:\\green-peddle\\gp-app\\server\\generated\\prisma\\runtime\\client.js:14:5909)\n    at pr (E:\\green-peddle\\gp-app\\server\\generated\\prisma\\runtime\\client.js:14:5811)","timestamp":"2026-04-09T12:37:22.915Z"}
{"alpha":"E","endDate":"null","level":"info","message":"Admin fetching all users with filters","role":"All","search":"","startDate":"null","status":"All","timestamp":"2026-04-09T12:37:22.918Z"}
{"clientVersion":"7.6.0","level":"error","message":"Error fetching users \nInvalid `prisma.user.findMany()` invocation in\nE:\\green-peddle\\gp-app\\server\\src\\modules\\admin\\admin.service.ts:97:17\n\n  94 const take = Number(limit);\n  95 \n  96 const [users, totalRecords] = await Promise.all([\n→ 97   prisma.user.findMany({\n         where: {\n           name: {\n             startsWith: \"E\",\n             mode: \"insensitive\"\n           },\n           createdAt: {\n             gte: new Date(\"Invalid Date\"),\n                  ~~~~~~~~~~~~~~~~~~~~~~~~\n             lte: new Date(\"Invalid Date\")\n           }\n         },\n         select: {\n           id: true,\n           name: true,\n           email: true,\n           role: true,\n           isEmailVerified: true,\n           createdAt: true\n         },\n         orderBy: {\n           createdAt: \"desc\"\n         },\n         skip: 0,\n         take: 20\n       })\n\nInvalid value for argument `gte`: Provided Date object is invalid. Expected Date.","name":"PrismaClientValidationError","stack":"PrismaClientValidationError: \nInvalid `prisma.user.findMany()` invocation in\nE:\\green-peddle\\gp-app\\server\\src\\modules\\admin\\admin.service.ts:97:17\n\n  94 const take = Number(limit);\n  95 \n  96 const [users, totalRecords] = await Promise.all([\n→ 97   prisma.user.findMany({\n         where: {\n           name: {\n             startsWith: \"E\",\n             mode: \"insensitive\"\n           },\n           createdAt: {\n             gte: new Date(\"Invalid Date\"),\n                  ~~~~~~~~~~~~~~~~~~~~~~~~\n             lte: new Date(\"Invalid Date\")\n           }\n         },\n         select: {\n           id: true,\n           name: true,\n           email: true,\n           role: true,\n           isEmailVerified: true,\n           createdAt: true\n         },\n         orderBy: {\n           createdAt: \"desc\"\n         },\n         skip: 0,\n         take: 20\n       })\n\nInvalid value for argument `gte`: Provided Date object is invalid. Expected Date.\n    at ar (E:\\green-peddle\\gp-app\\server\\generated\\prisma\\runtime\\client.js:14:1374)\n    at e.throwValidationError (E:\\green-peddle\\gp-app\\server\\generated\\prisma\\runtime\\client.js:14:10216)\n    at Ao (E:\\green-peddle\\gp-app\\server\\generated\\prisma\\runtime\\client.js:14:7548)\n    at Co (E:\\green-peddle\\gp-app\\server\\generated\\prisma\\runtime\\client.js:14:8907)\n    at Ao (E:\\green-peddle\\gp-app\\server\\generated\\prisma\\runtime\\client.js:14:8414)\n    at Co (E:\\green-peddle\\gp-app\\server\\generated\\prisma\\runtime\\client.js:14:8907)\n    at Ao (E:\\green-peddle\\gp-app\\server\\generated\\prisma\\runtime\\client.js:14:8414)\n    at Co (E:\\green-peddle\\gp-app\\server\\generated\\prisma\\runtime\\client.js:14:8907)\n    at Et (E:\\green-peddle\\gp-app\\server\\generated\\prisma\\runtime\\client.js:14:5909)\n    at pr (E:\\green-peddle\\gp-app\\server\\generated\\prisma\\runtime\\client.js:14:5811)","timestamp":"2026-04-09T12:37:22.920Z"}
{"alpha":"","level":"info","limit":"20","message":"Admin fetching all users with filters","page":"1","timestamp":"2026-04-09T12:37:27.981Z"}
{"alpha":"","endDate":"null","level":"info","limit":"20","message":"Admin fetching all users with filters","page":"1","role":"All","search":"","startDate":"null","status":"All","timestamp":"2026-04-09T12:37:27.983Z"}
{"clientVersion":"7.6.0","level":"error","message":"Error fetching users \nInvalid `prisma.user.findMany()` invocation in\nE:\\green-peddle\\gp-app\\server\\src\\modules\\admin\\admin.service.ts:97:17\n\n  94 const take = Number(limit);\n  95 \n  96 const [users, totalRecords] = await Promise.all([\n→ 97   prisma.user.findMany({\n         where: {\n           createdAt: {\n             gte: new Date(\"Invalid Date\"),\n                  ~~~~~~~~~~~~~~~~~~~~~~~~\n             lte: new Date(\"Invalid Date\")\n           }\n         },\n         select: {\n           id: true,\n           name: true,\n           email: true,\n           role: true,\n           isEmailVerified: true,\n           createdAt: true\n         },\n         orderBy: {\n           createdAt: \"desc\"\n         },\n         skip: 0,\n         take: 20\n       })\n\nInvalid value for argument `gte`: Provided Date object is invalid. Expected Date.","name":"PrismaClientValidationError","stack":"PrismaClientValidationError: \nInvalid `prisma.user.findMany()` invocation in\nE:\\green-peddle\\gp-app\\server\\src\\modules\\admin\\admin.service.ts:97:17\n\n  94 const take = Number(limit);\n  95 \n  96 const [users, totalRecords] = await Promise.all([\n→ 97   prisma.user.findMany({\n         where: {\n           createdAt: {\n             gte: new Date(\"Invalid Date\"),\n                  ~~~~~~~~~~~~~~~~~~~~~~~~\n             lte: new Date(\"Invalid Date\")\n           }\n         },\n         select: {\n           id: true,\n           name: true,\n           email: true,\n           role: true,\n           isEmailVerified: true,\n           createdAt: true\n         },\n         orderBy: {\n           createdAt: \"desc\"\n         },\n         skip: 0,\n         take: 20\n       })\n\nInvalid value for argument `gte`: Provided Date object is invalid. Expected Date.\n    at ar (E:\\green-peddle\\gp-app\\server\\generated\\prisma\\runtime\\client.js:14:1374)\n    at e.throwValidationError (E:\\green-peddle\\gp-app\\server\\generated\\prisma\\runtime\\client.js:14:10216)\n    at Ao (E:\\green-peddle\\gp-app\\server\\generated\\prisma\\runtime\\client.js:14:7548)\n    at Co (E:\\green-peddle\\gp-app\\server\\generated\\prisma\\runtime\\client.js:14:8907)\n    at Ao (E:\\green-peddle\\gp-app\\server\\generated\\prisma\\runtime\\client.js:14:8414)\n    at Co (E:\\green-peddle\\gp-app\\server\\generated\\prisma\\runtime\\client.js:14:8907)\n    at Ao (E:\\green-peddle\\gp-app\\server\\generated\\prisma\\runtime\\client.js:14:8414)\n    at Co (E:\\green-peddle\\gp-app\\server\\generated\\prisma\\runtime\\client.js:14:8907)\n    at Et (E:\\green-peddle\\gp-app\\server\\generated\\prisma\\runtime\\client.js:14:5909)\n    at pr (E:\\green-peddle\\gp-app\\server\\generated\\prisma\\runtime\\client.js:14:5811)","timestamp":"2026-04-09T12:37:27.986Z"}
{"alpha":"","endDate":"null","level":"info","limit":"20","message":"Admin fetching all users with filters","page":"1","role":"All","search":"","startDate":"null","status":"All","timestamp":"2026-04-09T12:37:27.990Z"}
{"clientVersion":"7.6.0","level":"error","message":"Error fetching users \nInvalid `prisma.user.findMany()` invocation in\nE:\\green-peddle\\gp-app\\server\\src\\modules\\admin\\admin.service.ts:97:17\n\n  94 const take = Number(limit);\n  95 \n  96 const [users, totalRecords] = await Promise.all([\n→ 97   prisma.user.findMany({\n         where: {\n           createdAt: {\n             gte: new Date(\"Invalid Date\"),\n                  ~~~~~~~~~~~~~~~~~~~~~~~~\n             lte: new Date(\"Invalid Date\")\n           }\n         },\n         select: {\n           id: true,\n           name: true,\n           email: true,\n           role: true,\n           isEmailVerified: true,\n           createdAt: true\n         },\n         orderBy: {\n           createdAt: \"desc\"\n         },\n         skip: 0,\n         take: 20\n       })\n\nInvalid value for argument `gte`: Provided Date object is invalid. Expected Date.","name":"PrismaClientValidationError","stack":"PrismaClientValidationError: \nInvalid `prisma.user.findMany()` invocation in\nE:\\green-peddle\\gp-app\\server\\src\\modules\\admin\\admin.service.ts:97:17\n\n  94 const take = Number(limit);\n  95 \n  96 const [users, totalRecords] = await Promise.all([\n→ 97   prisma.user.findMany({\n         where: {\n           createdAt: {\n             gte: new Date(\"Invalid Date\"),\n                  ~~~~~~~~~~~~~~~~~~~~~~~~\n             lte: new Date(\"Invalid Date\")\n           }\n         },\n         select: {\n           id: true,\n           name: true,\n           email: true,\n           role: true,\n           isEmailVerified: true,\n           createdAt: true\n         },\n         orderBy: {\n           createdAt: \"desc\"\n         },\n         skip: 0,\n         take: 20\n       })\n\nInvalid value for argument `gte`: Provided Date object is invalid. Expected Date.\n    at ar (E:\\green-peddle\\gp-app\\server\\generated\\prisma\\runtime\\client.js:14:1374)\n    at e.throwValidationError (E:\\green-peddle\\gp-app\\server\\generated\\prisma\\runtime\\client.js:14:10216)\n    at Ao (E:\\green-peddle\\gp-app\\server\\generated\\prisma\\runtime\\client.js:14:7548)\n    at Co (E:\\green-peddle\\gp-app\\server\\generated\\prisma\\runtime\\client.js:14:8907)\n    at Ao (E:\\green-peddle\\gp-app\\server\\generated\\prisma\\runtime\\client.js:14:8414)\n    at Co (E:\\green-peddle\\gp-app\\server\\generated\\prisma\\runtime\\client.js:14:8907)\n    at Ao (E:\\green-peddle\\gp-app\\server\\generated\\prisma\\runtime\\client.js:14:8414)\n    at Co (E:\\green-peddle\\gp-app\\server\\generated\\prisma\\runtime\\client.js:14:8907)\n    at Et (E:\\green-peddle\\gp-app\\server\\generated\\prisma\\runtime\\client.js:14:5909)\n    at pr (E:\\green-peddle\\gp-app\\server\\generated\\prisma\\runtime\\client.js:14:5811)","timestamp":"2026-04-09T12:37:27.992Z"}
{"alpha":"","endDate":"null","level":"info","limit":"20","message":"Admin fetching all users with filters","page":"1","role":"All","search":"","startDate":"null","status":"All","timestamp":"2026-04-09T12:37:27.996Z"}
{"clientVersion":"7.6.0","level":"error","message":"Error fetching users \nInvalid `prisma.user.findMany()` invocation in\nE:\\green-peddle\\gp-app\\server\\src\\modules\\admin\\admin.service.ts:97:17\n\n  94 const take = Number(limit);\n  95 \n  96 const [users, totalRecords] = await Promise.all([\n→ 97   prisma.user.findMany({\n         where: {\n           createdAt: {\n             gte: new Date(\"Invalid Date\"),\n                  ~~~~~~~~~~~~~~~~~~~~~~~~\n             lte: new Date(\"Invalid Date\")\n           }\n         },\n         select: {\n           id: true,\n           name: true,\n           email: true,\n           role: true,\n           isEmailVerified: true,\n           createdAt: true\n         },\n         orderBy: {\n           createdAt: \"desc\"\n         },\n         skip: 0,\n         take: 20\n       })\n\nInvalid value for argument `gte`: Provided Date object is invalid. Expected Date.","name":"PrismaClientValidationError","stack":"PrismaClientValidationError: \nInvalid `prisma.user.findMany()` invocation in\nE:\\green-peddle\\gp-app\\server\\src\\modules\\admin\\admin.service.ts:97:17\n\n  94 const take = Number(limit);\n  95 \n  96 const [users, totalRecords] = await Promise.all([\n→ 97   prisma.user.findMany({\n         where: {\n           createdAt: {\n             gte: new Date(\"Invalid Date\"),\n                  ~~~~~~~~~~~~~~~~~~~~~~~~\n             lte: new Date(\"Invalid Date\")\n           }\n         },\n         select: {\n           id: true,\n           name: true,\n           email: true,\n           role: true,\n           isEmailVerified: true,\n           createdAt: true\n         },\n         orderBy: {\n           createdAt: \"desc\"\n         },\n         skip: 0,\n         take: 20\n       })\n\nInvalid value for argument `gte`: Provided Date object is invalid. Expected Date.\n    at ar (E:\\green-peddle\\gp-app\\server\\generated\\prisma\\runtime\\client.js:14:1374)\n    at e.throwValidationError (E:\\green-peddle\\gp-app\\server\\generated\\prisma\\runtime\\client.js:14:10216)\n    at Ao (E:\\green-peddle\\gp-app\\server\\generated\\prisma\\runtime\\client.js:14:7548)\n    at Co (E:\\green-peddle\\gp-app\\server\\generated\\prisma\\runtime\\client.js:14:8907)\n    at Ao (E:\\green-peddle\\gp-app\\server\\generated\\prisma\\runtime\\client.js:14:8414)\n    at Co (E:\\green-peddle\\gp-app\\server\\generated\\prisma\\runtime\\client.js:14:8907)\n    at Ao (E:\\green-peddle\\gp-app\\server\\generated\\prisma\\runtime\\client.js:14:8414)\n    at Co (E:\\green-peddle\\gp-app\\server\\generated\\prisma\\runtime\\client.js:14:8907)\n    at Et (E:\\green-peddle\\gp-app\\server\\generated\\prisma\\runtime\\client.js:14:5909)\n    at pr (E:\\green-peddle\\gp-app\\server\\generated\\prisma\\runtime\\client.js:14:5811)","timestamp":"2026-04-09T12:37:27.998Z"}
{"alpha":"","endDate":"null","level":"info","message":"Admin fetching all users with filters","role":"All","search":"","startDate":"null","status":"All","timestamp":"2026-04-09T12:37:28.002Z"}
{"clientVersion":"7.6.0","level":"error","message":"Error fetching users \nInvalid `prisma.user.findMany()` invocation in\nE:\\green-peddle\\gp-app\\server\\src\\modules\\admin\\admin.service.ts:97:17\n\n  94 const take = Number(limit);\n  95 \n  96 const [users, totalRecords] = await Promise.all([\n→ 97   prisma.user.findMany({\n         where: {\n           createdAt: {\n             gte: new Date(\"Invalid Date\"),\n                  ~~~~~~~~~~~~~~~~~~~~~~~~\n             lte: new Date(\"Invalid Date\")\n           }\n         },\n         select: {\n           id: true,\n           name: true,\n           email: true,\n           role: true,\n           isEmailVerified: true,\n           createdAt: true\n         },\n         orderBy: {\n           createdAt: \"desc\"\n         },\n         skip: 0,\n         take: 20\n       })\n\nInvalid value for argument `gte`: Provided Date object is invalid. Expected Date.","name":"PrismaClientValidationError","stack":"PrismaClientValidationError: \nInvalid `prisma.user.findMany()` invocation in\nE:\\green-peddle\\gp-app\\server\\src\\modules\\admin\\admin.service.ts:97:17\n\n  94 const take = Number(limit);\n  95 \n  96 const [users, totalRecords] = await Promise.all([\n→ 97   prisma.user.findMany({\n         where: {\n           createdAt: {\n             gte: new Date(\"Invalid Date\"),\n                  ~~~~~~~~~~~~~~~~~~~~~~~~\n             lte: new Date(\"Invalid Date\")\n           }\n         },\n         select: {\n           id: true,\n           name: true,\n           email: true,\n           role: true,\n           isEmailVerified: true,\n           createdAt: true\n         },\n         orderBy: {\n           createdAt: \"desc\"\n         },\n         skip: 0,\n         take: 20\n       })\n\nInvalid value for argument `gte`: Provided Date object is invalid. Expected Date.\n    at ar (E:\\green-peddle\\gp-app\\server\\generated\\prisma\\runtime\\client.js:14:1374)\n    at e.throwValidationError (E:\\green-peddle\\gp-app\\server\\generated\\prisma\\runtime\\client.js:14:10216)\n    at Ao (E:\\green-peddle\\gp-app\\server\\generated\\prisma\\runtime\\client.js:14:7548)\n    at Co (E:\\green-peddle\\gp-app\\server\\generated\\prisma\\runtime\\client.js:14:8907)\n    at Ao (E:\\green-peddle\\gp-app\\server\\generated\\prisma\\runtime\\client.js:14:8414)\n    at Co (E:\\green-peddle\\gp-app\\server\\generated\\prisma\\runtime\\client.js:14:8907)\n    at Ao (E:\\green-peddle\\gp-app\\server\\generated\\prisma\\runtime\\client.js:14:8414)\n    at Co (E:\\green-peddle\\gp-app\\server\\generated\\prisma\\runtime\\client.js:14:8907)\n    at Et (E:\\green-peddle\\gp-app\\server\\generated\\prisma\\runtime\\client.js:14:5909)\n    at pr (E:\\green-peddle\\gp-app\\server\\generated\\prisma\\runtime\\client.js:14:5811)","timestamp":"2026-04-09T12:37:28.004Z"}
{"alpha":"","level":"info","limit":"20","message":"Admin fetching all users with filters","page":"1","timestamp":"2026-04-09T12:37:28.007Z"}
{"alpha":"","endDate":"null","level":"info","message":"Admin fetching all users with filters","role":"All","search":"","startDate":"null","status":"All","timestamp":"2026-04-09T12:37:28.010Z"}
{"clientVersion":"7.6.0","level":"error","message":"Error fetching users \nInvalid `prisma.user.findMany()` invocation in\nE:\\green-peddle\\gp-app\\server\\src\\modules\\admin\\admin.service.ts:97:17\n\n  94 const take = Number(limit);\n  95 \n  96 const [users, totalRecords] = await Promise.all([\n→ 97   prisma.user.findMany({\n         where: {\n           createdAt: {\n             gte: new Date(\"Invalid Date\"),\n                  ~~~~~~~~~~~~~~~~~~~~~~~~\n             lte: new Date(\"Invalid Date\")\n           }\n         },\n         select: {\n           id: true,\n           name: true,\n           email: true,\n           role: true,\n           isEmailVerified: true,\n           createdAt: true\n         },\n         orderBy: {\n           createdAt: \"desc\"\n         },\n         skip: 0,\n         take: 20\n       })\n\nInvalid value for argument `gte`: Provided Date object is invalid. Expected Date.","name":"PrismaClientValidationError","stack":"PrismaClientValidationError: \nInvalid `prisma.user.findMany()` invocation in\nE:\\green-peddle\\gp-app\\server\\src\\modules\\admin\\admin.service.ts:97:17\n\n  94 const take = Number(limit);\n  95 \n  96 const [users, totalRecords] = await Promise.all([\n→ 97   prisma.user.findMany({\n         where: {\n           createdAt: {\n             gte: new Date(\"Invalid Date\"),\n                  ~~~~~~~~~~~~~~~~~~~~~~~~\n             lte: new Date(\"Invalid Date\")\n           }\n         },\n         select: {\n           id: true,\n           name: true,\n           email: true,\n           role: true,\n           isEmailVerified: true,\n           createdAt: true\n         },\n         orderBy: {\n           createdAt: \"desc\"\n         },\n         skip: 0,\n         take: 20\n       })\n\nInvalid value for argument `gte`: Provided Date object is invalid. Expected Date.\n    at ar (E:\\green-peddle\\gp-app\\server\\generated\\prisma\\runtime\\client.js:14:1374)\n    at e.throwValidationError (E:\\green-peddle\\gp-app\\server\\generated\\prisma\\runtime\\client.js:14:10216)\n    at Ao (E:\\green-peddle\\gp-app\\server\\generated\\prisma\\runtime\\client.js:14:7548)\n    at Co (E:\\green-peddle\\gp-app\\server\\generated\\prisma\\runtime\\client.js:14:8907)\n    at Ao (E:\\green-peddle\\gp-app\\server\\generated\\prisma\\runtime\\client.js:14:8414)\n    at Co (E:\\green-peddle\\gp-app\\server\\generated\\prisma\\runtime\\client.js:14:8907)\n    at Ao (E:\\green-peddle\\gp-app\\server\\generated\\prisma\\runtime\\client.js:14:8414)\n    at Co (E:\\green-peddle\\gp-app\\server\\generated\\prisma\\runtime\\client.js:14:8907)\n    at Et (E:\\green-peddle\\gp-app\\server\\generated\\prisma\\runtime\\client.js:14:5909)\n    at pr (E:\\green-peddle\\gp-app\\server\\generated\\prisma\\runtime\\client.js:14:5811)","timestamp":"2026-04-09T12:37:28.013Z"}
{"alpha":"","endDate":"null","level":"info","limit":"20","message":"Admin fetching all users with filters","page":"1","role":"All","search":"","startDate":"null","status":"All","timestamp":"2026-04-09T12:37:28.016Z"}
{"clientVersion":"7.6.0","level":"error","message":"Error fetching users \nInvalid `prisma.user.findMany()` invocation in\nE:\\green-peddle\\gp-app\\server\\src\\modules\\admin\\admin.service.ts:97:17\n\n  94 const take = Number(limit);\n  95 \n  96 const [users, totalRecords] = await Promise.all([\n→ 97   prisma.user.findMany({\n         where: {\n           createdAt: {\n             gte: new Date(\"Invalid Date\"),\n                  ~~~~~~~~~~~~~~~~~~~~~~~~\n             lte: new Date(\"Invalid Date\")\n           }\n         },\n         select: {\n           id: true,\n           name: true,\n           email: true,\n           role: true,\n           isEmailVerified: true,\n           createdAt: true\n         },\n         orderBy: {\n           createdAt: \"desc\"\n         },\n         skip: 0,\n         take: 20\n       })\n\nInvalid value for argument `gte`: Provided Date object is invalid. Expected Date.","name":"PrismaClientValidationError","stack":"PrismaClientValidationError: \nInvalid `prisma.user.findMany()` invocation in\nE:\\green-peddle\\gp-app\\server\\src\\modules\\admin\\admin.service.ts:97:17\n\n  94 const take = Number(limit);\n  95 \n  96 const [users, totalRecords] = await Promise.all([\n→ 97   prisma.user.findMany({\n         where: {\n           createdAt: {\n             gte: new Date(\"Invalid Date\"),\n                  ~~~~~~~~~~~~~~~~~~~~~~~~\n             lte: new Date(\"Invalid Date\")\n           }\n         },\n         select: {\n           id: true,\n           name: true,\n           email: true,\n           role: true,\n           isEmailVerified: true,\n           createdAt: true\n         },\n         orderBy: {\n           createdAt: \"desc\"\n         },\n         skip: 0,\n         take: 20\n       })\n\nInvalid value for argument `gte`: Provided Date object is invalid. Expected Date.\n    at ar (E:\\green-peddle\\gp-app\\server\\generated\\prisma\\runtime\\client.js:14:1374)\n    at e.throwValidationError (E:\\green-peddle\\gp-app\\server\\generated\\prisma\\runtime\\client.js:14:10216)\n    at Ao (E:\\green-peddle\\gp-app\\server\\generated\\prisma\\runtime\\client.js:14:7548)\n    at Co (E:\\green-peddle\\gp-app\\server\\generated\\prisma\\runtime\\client.js:14:8907)\n    at Ao (E:\\green-peddle\\gp-app\\server\\generated\\prisma\\runtime\\client.js:14:8414)\n    at Co (E:\\green-peddle\\gp-app\\server\\generated\\prisma\\runtime\\client.js:14:8907)\n    at Ao (E:\\green-peddle\\gp-app\\server\\generated\\prisma\\runtime\\client.js:14:8414)\n    at Co (E:\\green-peddle\\gp-app\\server\\generated\\prisma\\runtime\\client.js:14:8907)\n    at Et (E:\\green-peddle\\gp-app\\server\\generated\\prisma\\runtime\\client.js:14:5909)\n    at pr (E:\\green-peddle\\gp-app\\server\\generated\\prisma\\runtime\\client.js:14:5811)","timestamp":"2026-04-09T12:37:28.018Z"}
{"alpha":"","endDate":"null","level":"info","message":"Admin fetching all users with filters","role":"All","search":"","startDate":"null","status":"All","timestamp":"2026-04-09T12:37:28.022Z"}
{"clientVersion":"7.6.0","level":"error","message":"Error fetching users \nInvalid `prisma.user.findMany()` invocation in\nE:\\green-peddle\\gp-app\\server\\src\\modules\\admin\\admin.service.ts:97:17\n\n  94 const take = Number(limit);\n  95 \n  96 const [users, totalRecords] = await Promise.all([\n→ 97   prisma.user.findMany({\n         where: {\n           createdAt: {\n             gte: new Date(\"Invalid Date\"),\n                  ~~~~~~~~~~~~~~~~~~~~~~~~\n             lte: new Date(\"Invalid Date\")\n           }\n         },\n         select: {\n           id: true,\n           name: true,\n           email: true,\n           role: true,\n           isEmailVerified: true,\n           createdAt: true\n         },\n         orderBy: {\n           createdAt: \"desc\"\n         },\n         skip: 0,\n         take: 20\n       })\n\nInvalid value for argument `gte`: Provided Date object is invalid. Expected Date.","name":"PrismaClientValidationError","stack":"PrismaClientValidationError: \nInvalid `prisma.user.findMany()` invocation in\nE:\\green-peddle\\gp-app\\server\\src\\modules\\admin\\admin.service.ts:97:17\n\n  94 const take = Number(limit);\n  95 \n  96 const [users, totalRecords] = await Promise.all([\n→ 97   prisma.user.findMany({\n         where: {\n           createdAt: {\n             gte: new Date(\"Invalid Date\"),\n                  ~~~~~~~~~~~~~~~~~~~~~~~~\n             lte: new Date(\"Invalid Date\")\n           }\n         },\n         select: {\n           id: true,\n           name: true,\n           email: true,\n           role: true,\n           isEmailVerified: true,\n           createdAt: true\n         },\n         orderBy: {\n           createdAt: \"desc\"\n         },\n         skip: 0,\n         take: 20\n       })\n\nInvalid value for argument `gte`: Provided Date object is invalid. Expected Date.\n    at ar (E:\\green-peddle\\gp-app\\server\\generated\\prisma\\runtime\\client.js:14:1374)\n    at e.throwValidationError (E:\\green-peddle\\gp-app\\server\\generated\\prisma\\runtime\\client.js:14:10216)\n    at Ao (E:\\green-peddle\\gp-app\\server\\generated\\prisma\\runtime\\client.js:14:7548)\n    at Co (E:\\green-peddle\\gp-app\\server\\generated\\prisma\\runtime\\client.js:14:8907)\n    at Ao (E:\\green-peddle\\gp-app\\server\\generated\\prisma\\runtime\\client.js:14:8414)\n    at Co (E:\\green-peddle\\gp-app\\server\\generated\\prisma\\runtime\\client.js:14:8907)\n    at Ao (E:\\green-peddle\\gp-app\\server\\generated\\prisma\\runtime\\client.js:14:8414)\n    at Co (E:\\green-peddle\\gp-app\\server\\generated\\prisma\\runtime\\client.js:14:8907)\n    at Et (E:\\green-peddle\\gp-app\\server\\generated\\prisma\\runtime\\client.js:14:5909)\n    at pr (E:\\green-peddle\\gp-app\\server\\generated\\prisma\\runtime\\client.js:14:5811)","timestamp":"2026-04-09T12:37:28.024Z"}
{"alpha":"","endDate":"null","level":"info","limit":"20","message":"Admin fetching all users with filters","page":"1","role":"All","search":"","startDate":"null","status":"All","timestamp":"2026-04-09T12:37:28.027Z"}
{"clientVersion":"7.6.0","level":"error","message":"Error fetching users \nInvalid `prisma.user.findMany()` invocation in\nE:\\green-peddle\\gp-app\\server\\src\\modules\\admin\\admin.service.ts:97:17\n\n  94 const take = Number(limit);\n  95 \n  96 const [users, totalRecords] = await Promise.all([\n→ 97   prisma.user.findMany({\n         where: {\n           createdAt: {\n             gte: new Date(\"Invalid Date\"),\n                  ~~~~~~~~~~~~~~~~~~~~~~~~\n             lte: new Date(\"Invalid Date\")\n           }\n         },\n         select: {\n           id: true,\n           name: true,\n           email: true,\n           role: true,\n           isEmailVerified: true,\n           createdAt: true\n         },\n         orderBy: {\n           createdAt: \"desc\"\n         },\n         skip: 0,\n         take: 20\n       })\n\nInvalid value for argument `gte`: Provided Date object is invalid. Expected Date.","name":"PrismaClientValidationError","stack":"PrismaClientValidationError: \nInvalid `prisma.user.findMany()` invocation in\nE:\\green-peddle\\gp-app\\server\\src\\modules\\admin\\admin.service.ts:97:17\n\n  94 const take = Number(limit);\n  95 \n  96 const [users, totalRecords] = await Promise.all([\n→ 97   prisma.user.findMany({\n         where: {\n           createdAt: {\n             gte: new Date(\"Invalid Date\"),\n                  ~~~~~~~~~~~~~~~~~~~~~~~~\n             lte: new Date(\"Invalid Date\")\n           }\n         },\n         select: {\n           id: true,\n           name: true,\n           email: true,\n           role: true,\n           isEmailVerified: true,\n           createdAt: true\n         },\n         orderBy: {\n           createdAt: \"desc\"\n         },\n         skip: 0,\n         take: 20\n       })\n\nInvalid value for argument `gte`: Provided Date object is invalid. Expected Date.\n    at ar (E:\\green-peddle\\gp-app\\server\\generated\\prisma\\runtime\\client.js:14:1374)\n    at e.throwValidationError (E:\\green-peddle\\gp-app\\server\\generated\\prisma\\runtime\\client.js:14:10216)\n    at Ao (E:\\green-peddle\\gp-app\\server\\generated\\prisma\\runtime\\client.js:14:7548)\n    at Co (E:\\green-peddle\\gp-app\\server\\generated\\prisma\\runtime\\client.js:14:8907)\n    at Ao (E:\\green-peddle\\gp-app\\server\\generated\\prisma\\runtime\\client.js:14:8414)\n    at Co (E:\\green-peddle\\gp-app\\server\\generated\\prisma\\runtime\\client.js:14:8907)\n    at Ao (E:\\green-peddle\\gp-app\\server\\generated\\prisma\\runtime\\client.js:14:8414)\n    at Co (E:\\green-peddle\\gp-app\\server\\generated\\prisma\\runtime\\client.js:14:8907)\n    at Et (E:\\green-peddle\\gp-app\\server\\generated\\prisma\\runtime\\client.js:14:5909)\n    at pr (E:\\green-peddle\\gp-app\\server\\generated\\prisma\\runtime\\client.js:14:5811)","timestamp":"2026-04-09T12:37:28.029Z"}
{"alpha":"","endDate":"null","level":"info","message":"Admin fetching all users with filters","role":"All","search":"","startDate":"null","status":"All","timestamp":"2026-04-09T12:37:28.047Z"}
{"clientVersion":"7.6.0","level":"error","message":"Error fetching users \nInvalid `prisma.user.findMany()` invocation in\nE:\\green-peddle\\gp-app\\server\\src\\modules\\admin\\admin.service.ts:97:17\n\n  94 const take = Number(limit);\n  95 \n  96 const [users, totalRecords] = await Promise.all([\n→ 97   prisma.user.findMany({\n         where: {\n           createdAt: {\n             gte: new Date(\"Invalid Date\"),\n                  ~~~~~~~~~~~~~~~~~~~~~~~~\n             lte: new Date(\"Invalid Date\")\n           }\n         },\n         select: {\n           id: true,\n           name: true,\n           email: true,\n           role: true,\n           isEmailVerified: true,\n           createdAt: true\n         },\n         orderBy: {\n           createdAt: \"desc\"\n         },\n         skip: 0,\n         take: 20\n       })\n\nInvalid value for argument `gte`: Provided Date object is invalid. Expected Date.","name":"PrismaClientValidationError","stack":"PrismaClientValidationError: \nInvalid `prisma.user.findMany()` invocation in\nE:\\green-peddle\\gp-app\\server\\src\\modules\\admin\\admin.service.ts:97:17\n\n  94 const take = Number(limit);\n  95 \n  96 const [users, totalRecords] = await Promise.all([\n→ 97   prisma.user.findMany({\n         where: {\n           createdAt: {\n             gte: new Date(\"Invalid Date\"),\n                  ~~~~~~~~~~~~~~~~~~~~~~~~\n             lte: new Date(\"Invalid Date\")\n           }\n         },\n         select: {\n           id: true,\n           name: true,\n           email: true,\n           role: true,\n           isEmailVerified: true,\n           createdAt: true\n         },\n         orderBy: {\n           createdAt: \"desc\"\n         },\n         skip: 0,\n         take: 20\n       })\n\nInvalid value for argument `gte`: Provided Date object is invalid. Expected Date.\n    at ar (E:\\green-peddle\\gp-app\\server\\generated\\prisma\\runtime\\client.js:14:1374)\n    at e.throwValidationError (E:\\green-peddle\\gp-app\\server\\generated\\prisma\\runtime\\client.js:14:10216)\n    at Ao (E:\\green-peddle\\gp-app\\server\\generated\\prisma\\runtime\\client.js:14:7548)\n    at Co (E:\\green-peddle\\gp-app\\server\\generated\\prisma\\runtime\\client.js:14:8907)\n    at Ao (E:\\green-peddle\\gp-app\\server\\generated\\prisma\\runtime\\client.js:14:8414)\n    at Co (E:\\green-peddle\\gp-app\\server\\generated\\prisma\\runtime\\client.js:14:8907)\n    at Ao (E:\\green-peddle\\gp-app\\server\\generated\\prisma\\runtime\\client.js:14:8414)\n    at Co (E:\\green-peddle\\gp-app\\server\\generated\\prisma\\runtime\\client.js:14:8907)\n    at Et (E:\\green-peddle\\gp-app\\server\\generated\\prisma\\runtime\\client.js:14:5909)\n    at pr (E:\\green-peddle\\gp-app\\server\\generated\\prisma\\runtime\\client.js:14:5811)","timestamp":"2026-04-09T12:37:28.051Z"}
{"alpha":"","endDate":"null","level":"info","limit":"20","message":"Admin fetching all users with filters","page":"1","role":"All","search":"","startDate":"null","status":"All","timestamp":"2026-04-09T12:37:28.054Z"}
{"clientVersion":"7.6.0","level":"error","message":"Error fetching users \nInvalid `prisma.user.findMany()` invocation in\nE:\\green-peddle\\gp-app\\server\\src\\modules\\admin\\admin.service.ts:97:17\n\n  94 const take = Number(limit);\n  95 \n  96 const [users, totalRecords] = await Promise.all([\n→ 97   prisma.user.findMany({\n         where: {\n           createdAt: {\n             gte: new Date(\"Invalid Date\"),\n                  ~~~~~~~~~~~~~~~~~~~~~~~~\n             lte: new Date(\"Invalid Date\")\n           }\n         },\n         select: {\n           id: true,\n           name: true,\n           email: true,\n           role: true,\n           isEmailVerified: true,\n           createdAt: true\n         },\n         orderBy: {\n           createdAt: \"desc\"\n         },\n         skip: 0,\n         take: 20\n       })\n\nInvalid value for argument `gte`: Provided Date object is invalid. Expected Date.","name":"PrismaClientValidationError","stack":"PrismaClientValidationError: \nInvalid `prisma.user.findMany()` invocation in\nE:\\green-peddle\\gp-app\\server\\src\\modules\\admin\\admin.service.ts:97:17\n\n  94 const take = Number(limit);\n  95 \n  96 const [users, totalRecords] = await Promise.all([\n→ 97   prisma.user.findMany({\n         where: {\n           createdAt: {\n             gte: new Date(\"Invalid Date\"),\n                  ~~~~~~~~~~~~~~~~~~~~~~~~\n             lte: new Date(\"Invalid Date\")\n           }\n         },\n         select: {\n           id: true,\n           name: true,\n           email: true,\n           role: true,\n           isEmailVerified: true,\n           createdAt: true\n         },\n         orderBy: {\n           createdAt: \"desc\"\n         },\n         skip: 0,\n         take: 20\n       })\n\nInvalid value for argument `gte`: Provided Date object is invalid. Expected Date.\n    at ar (E:\\green-peddle\\gp-app\\server\\generated\\prisma\\runtime\\client.js:14:1374)\n    at e.throwValidationError (E:\\green-peddle\\gp-app\\server\\generated\\prisma\\runtime\\client.js:14:10216)\n    at Ao (E:\\green-peddle\\gp-app\\server\\generated\\prisma\\runtime\\client.js:14:7548)\n    at Co (E:\\green-peddle\\gp-app\\server\\generated\\prisma\\runtime\\client.js:14:8907)\n    at Ao (E:\\green-peddle\\gp-app\\server\\generated\\prisma\\runtime\\client.js:14:8414)\n    at Co (E:\\green-peddle\\gp-app\\server\\generated\\prisma\\runtime\\client.js:14:8907)\n    at Ao (E:\\green-peddle\\gp-app\\server\\generated\\prisma\\runtime\\client.js:14:8414)\n    at Co (E:\\green-peddle\\gp-app\\server\\generated\\prisma\\runtime\\client.js:14:8907)\n    at Et (E:\\green-peddle\\gp-app\\server\\generated\\prisma\\runtime\\client.js:14:5909)\n    at pr (E:\\green-peddle\\gp-app\\server\\generated\\prisma\\runtime\\client.js:14:5811)","timestamp":"2026-04-09T12:37:28.057Z"}
{"alpha":"","level":"info","limit":"20","message":"Admin fetching all users with filters","page":"1","timestamp":"2026-04-09T12:37:33.268Z"}
{"alpha":"","endDate":"null","level":"info","limit":"20","message":"Admin fetching all users with filters","page":"1","role":"All","search":"","startDate":"null","status":"All","timestamp":"2026-04-09T12:37:33.271Z"}
{"clientVersion":"7.6.0","level":"error","message":"Error fetching users \nInvalid `prisma.user.findMany()` invocation in\nE:\\green-peddle\\gp-app\\server\\src\\modules\\admin\\admin.service.ts:97:17\n\n  94 const take = Number(limit);\n  95 \n  96 const [users, totalRecords] = await Promise.all([\n→ 97   prisma.user.findMany({\n         where: {\n           createdAt: {\n             gte: new Date(\"Invalid Date\"),\n                  ~~~~~~~~~~~~~~~~~~~~~~~~\n             lte: new Date(\"Invalid Date\")\n           }\n         },\n         select: {\n           id: true,\n           name: true,\n           email: true,\n           role: true,\n           isEmailVerified: true,\n           createdAt: true\n         },\n         orderBy: {\n           createdAt: \"desc\"\n         },\n         skip: 0,\n         take: 20\n       })\n\nInvalid value for argument `gte`: Provided Date object is invalid. Expected Date.","name":"PrismaClientValidationError","stack":"PrismaClientValidationError: \nInvalid `prisma.user.findMany()` invocation in\nE:\\green-peddle\\gp-app\\server\\src\\modules\\admin\\admin.service.ts:97:17\n\n  94 const take = Number(limit);\n  95 \n  96 const [users, totalRecords] = await Promise.all([\n→ 97   prisma.user.findMany({\n         where: {\n           createdAt: {\n             gte: new Date(\"Invalid Date\"),\n                  ~~~~~~~~~~~~~~~~~~~~~~~~\n             lte: new Date(\"Invalid Date\")\n           }\n         },\n         select: {\n           id: true,\n           name: true,\n           email: true,\n           role: true,\n           isEmailVerified: true,\n           createdAt: true\n         },\n         orderBy: {\n           createdAt: \"desc\"\n         },\n         skip: 0,\n         take: 20\n       })\n\nInvalid value for argument `gte`: Provided Date object is invalid. Expected Date.\n    at ar (E:\\green-peddle\\gp-app\\server\\generated\\prisma\\runtime\\client.js:14:1374)\n    at e.throwValidationError (E:\\green-peddle\\gp-app\\server\\generated\\prisma\\runtime\\client.js:14:10216)\n    at Ao (E:\\green-peddle\\gp-app\\server\\generated\\prisma\\runtime\\client.js:14:7548)\n    at Co (E:\\green-peddle\\gp-app\\server\\generated\\prisma\\runtime\\client.js:14:8907)\n    at Ao (E:\\green-peddle\\gp-app\\server\\generated\\prisma\\runtime\\client.js:14:8414)\n    at Co (E:\\green-peddle\\gp-app\\server\\generated\\prisma\\runtime\\client.js:14:8907)\n    at Ao (E:\\green-peddle\\gp-app\\server\\generated\\prisma\\runtime\\client.js:14:8414)\n    at Co (E:\\green-peddle\\gp-app\\server\\generated\\prisma\\runtime\\client.js:14:8907)\n    at Et (E:\\green-peddle\\gp-app\\server\\generated\\prisma\\runtime\\client.js:14:5909)\n    at pr (E:\\green-peddle\\gp-app\\server\\generated\\prisma\\runtime\\client.js:14:5811)","timestamp":"2026-04-09T12:37:33.273Z"}
{"alpha":"","endDate":"null","level":"info","limit":"20","message":"Admin fetching all users with filters","page":"1","role":"All","search":"","startDate":"null","status":"All","timestamp":"2026-04-09T12:37:33.278Z"}
{"clientVersion":"7.6.0","level":"error","message":"Error fetching users \nInvalid `prisma.user.findMany()` invocation in\nE:\\green-peddle\\gp-app\\server\\src\\modules\\admin\\admin.service.ts:97:17\n\n  94 const take = Number(limit);\n  95 \n  96 const [users, totalRecords] = await Promise.all([\n→ 97   prisma.user.findMany({\n         where: {\n           createdAt: {\n             gte: new Date(\"Invalid Date\"),\n                  ~~~~~~~~~~~~~~~~~~~~~~~~\n             lte: new Date(\"Invalid Date\")\n           }\n         },\n         select: {\n           id: true,\n           name: true,\n           email: true,\n           role: true,\n           isEmailVerified: true,\n           createdAt: true\n         },\n         orderBy: {\n           createdAt: \"desc\"\n         },\n         skip: 0,\n         take: 20\n       })\n\nInvalid value for argument `gte`: Provided Date object is invalid. Expected Date.","name":"PrismaClientValidationError","stack":"PrismaClientValidationError: \nInvalid `prisma.user.findMany()` invocation in\nE:\\green-peddle\\gp-app\\server\\src\\modules\\admin\\admin.service.ts:97:17\n\n  94 const take = Number(limit);\n  95 \n  96 const [users, totalRecords] = await Promise.all([\n→ 97   prisma.user.findMany({\n         where: {\n           createdAt: {\n             gte: new Date(\"Invalid Date\"),\n                  ~~~~~~~~~~~~~~~~~~~~~~~~\n             lte: new Date(\"Invalid Date\")\n           }\n         },\n         select: {\n           id: true,\n           name: true,\n           email: true,\n           role: true,\n           isEmailVerified: true,\n           createdAt: true\n         },\n         orderBy: {\n           createdAt: \"desc\"\n         },\n         skip: 0,\n         take: 20\n       })\n\nInvalid value for argument `gte`: Provided Date object is invalid. Expected Date.\n    at ar (E:\\green-peddle\\gp-app\\server\\generated\\prisma\\runtime\\client.js:14:1374)\n    at e.throwValidationError (E:\\green-peddle\\gp-app\\server\\generated\\prisma\\runtime\\client.js:14:10216)\n    at Ao (E:\\green-peddle\\gp-app\\server\\generated\\prisma\\runtime\\client.js:14:7548)\n    at Co (E:\\green-peddle\\gp-app\\server\\generated\\prisma\\runtime\\client.js:14:8907)\n    at Ao (E:\\green-peddle\\gp-app\\server\\generated\\prisma\\runtime\\client.js:14:8414)\n    at Co (E:\\green-peddle\\gp-app\\server\\generated\\prisma\\runtime\\client.js:14:8907)\n    at Ao (E:\\green-peddle\\gp-app\\server\\generated\\prisma\\runtime\\client.js:14:8414)\n    at Co (E:\\green-peddle\\gp-app\\server\\generated\\prisma\\runtime\\client.js:14:8907)\n    at Et (E:\\green-peddle\\gp-app\\server\\generated\\prisma\\runtime\\client.js:14:5909)\n    at pr (E:\\green-peddle\\gp-app\\server\\generated\\prisma\\runtime\\client.js:14:5811)","timestamp":"2026-04-09T12:37:33.280Z"}
{"alpha":"","endDate":"null","level":"info","limit":"20","message":"Admin fetching all users with filters","page":"1","role":"All","search":"","startDate":"null","status":"All","timestamp":"2026-04-09T12:37:33.283Z"}
{"clientVersion":"7.6.0","level":"error","message":"Error fetching users \nInvalid `prisma.user.findMany()` invocation in\nE:\\green-peddle\\gp-app\\server\\src\\modules\\admin\\admin.service.ts:97:17\n\n  94 const take = Number(limit);\n  95 \n  96 const [users, totalRecords] = await Promise.all([\n→ 97   prisma.user.findMany({\n         where: {\n           createdAt: {\n             gte: new Date(\"Invalid Date\"),\n                  ~~~~~~~~~~~~~~~~~~~~~~~~\n             lte: new Date(\"Invalid Date\")\n           }\n         },\n         select: {\n           id: true,\n           name: true,\n           email: true,\n           role: true,\n           isEmailVerified: true,\n           createdAt: true\n         },\n         orderBy: {\n           createdAt: \"desc\"\n         },\n         skip: 0,\n         take: 20\n       })\n\nInvalid value for argument `gte`: Provided Date object is invalid. Expected Date.","name":"PrismaClientValidationError","stack":"PrismaClientValidationError: \nInvalid `prisma.user.findMany()` invocation in\nE:\\green-peddle\\gp-app\\server\\src\\modules\\admin\\admin.service.ts:97:17\n\n  94 const take = Number(limit);\n  95 \n  96 const [users, totalRecords] = await Promise.all([\n→ 97   prisma.user.findMany({\n         where: {\n           createdAt: {\n             gte: new Date(\"Invalid Date\"),\n                  ~~~~~~~~~~~~~~~~~~~~~~~~\n             lte: new Date(\"Invalid Date\")\n           }\n         },\n         select: {\n           id: true,\n           name: true,\n           email: true,\n           role: true,\n           isEmailVerified: true,\n           createdAt: true\n         },\n         orderBy: {\n           createdAt: \"desc\"\n         },\n         skip: 0,\n         take: 20\n       })\n\nInvalid value for argument `gte`: Provided Date object is invalid. Expected Date.\n    at ar (E:\\green-peddle\\gp-app\\server\\generated\\prisma\\runtime\\client.js:14:1374)\n    at e.throwValidationError (E:\\green-peddle\\gp-app\\server\\generated\\prisma\\runtime\\client.js:14:10216)\n    at Ao (E:\\green-peddle\\gp-app\\server\\generated\\prisma\\runtime\\client.js:14:7548)\n    at Co (E:\\green-peddle\\gp-app\\server\\generated\\prisma\\runtime\\client.js:14:8907)\n    at Ao (E:\\green-peddle\\gp-app\\server\\generated\\prisma\\runtime\\client.js:14:8414)\n    at Co (E:\\green-peddle\\gp-app\\server\\generated\\prisma\\runtime\\client.js:14:8907)\n    at Ao (E:\\green-peddle\\gp-app\\server\\generated\\prisma\\runtime\\client.js:14:8414)\n    at Co (E:\\green-peddle\\gp-app\\server\\generated\\prisma\\runtime\\client.js:14:8907)\n    at Et (E:\\green-peddle\\gp-app\\server\\generated\\prisma\\runtime\\client.js:14:5909)\n    at pr (E:\\green-peddle\\gp-app\\server\\generated\\prisma\\runtime\\client.js:14:5811)","timestamp":"2026-04-09T12:37:33.285Z"}
{"alpha":"","endDate":"null","level":"info","limit":"20","message":"Admin fetching all users with filters","page":"1","role":"All","search":"","startDate":"null","status":"All","timestamp":"2026-04-09T12:37:33.303Z"}
{"clientVersion":"7.6.0","level":"error","message":"Error fetching users \nInvalid `prisma.user.findMany()` invocation in\nE:\\green-peddle\\gp-app\\server\\src\\modules\\admin\\admin.service.ts:97:17\n\n  94 const take = Number(limit);\n  95 \n  96 const [users, totalRecords] = await Promise.all([\n→ 97   prisma.user.findMany({\n         where: {\n           createdAt: {\n             gte: new Date(\"Invalid Date\"),\n                  ~~~~~~~~~~~~~~~~~~~~~~~~\n             lte: new Date(\"Invalid Date\")\n           }\n         },\n         select: {\n           id: true,\n           name: true,\n           email: true,\n           role: true,\n           isEmailVerified: true,\n           createdAt: true\n         },\n         orderBy: {\n           createdAt: \"desc\"\n         },\n         skip: 0,\n         take: 20\n       })\n\nInvalid value for argument `gte`: Provided Date object is invalid. Expected Date.","name":"PrismaClientValidationError","stack":"PrismaClientValidationError: \nInvalid `prisma.user.findMany()` invocation in\nE:\\green-peddle\\gp-app\\server\\src\\modules\\admin\\admin.service.ts:97:17\n\n  94 const take = Number(limit);\n  95 \n  96 const [users, totalRecords] = await Promise.all([\n→ 97   prisma.user.findMany({\n         where: {\n           createdAt: {\n             gte: new Date(\"Invalid Date\"),\n                  ~~~~~~~~~~~~~~~~~~~~~~~~\n             lte: new Date(\"Invalid Date\")\n           }\n         },\n         select: {\n           id: true,\n           name: true,\n           email: true,\n           role: true,\n           isEmailVerified: true,\n           createdAt: true\n         },\n         orderBy: {\n           createdAt: \"desc\"\n         },\n         skip: 0,\n         take: 20\n       })\n\nInvalid value for argument `gte`: Provided Date object is invalid. Expected Date.\n    at ar (E:\\green-peddle\\gp-app\\server\\generated\\prisma\\runtime\\client.js:14:1374)\n    at e.throwValidationError (E:\\green-peddle\\gp-app\\server\\generated\\prisma\\runtime\\client.js:14:10216)\n    at Ao (E:\\green-peddle\\gp-app\\server\\generated\\prisma\\runtime\\client.js:14:7548)\n    at Co (E:\\green-peddle\\gp-app\\server\\generated\\prisma\\runtime\\client.js:14:8907)\n    at Ao (E:\\green-peddle\\gp-app\\server\\generated\\prisma\\runtime\\client.js:14:8414)\n    at Co (E:\\green-peddle\\gp-app\\server\\generated\\prisma\\runtime\\client.js:14:8907)\n    at Ao (E:\\green-peddle\\gp-app\\server\\generated\\prisma\\runtime\\client.js:14:8414)\n    at Co (E:\\green-peddle\\gp-app\\server\\generated\\prisma\\runtime\\client.js:14:8907)\n    at Et (E:\\green-peddle\\gp-app\\server\\generated\\prisma\\runtime\\client.js:14:5909)\n    at pr (E:\\green-peddle\\gp-app\\server\\generated\\prisma\\runtime\\client.js:14:5811)","timestamp":"2026-04-09T12:37:33.305Z"}
{"alpha":"","level":"info","limit":"20","message":"Admin fetching all users with filters","page":"1","timestamp":"2026-04-09T12:37:33.309Z"}
{"alpha":"","endDate":"null","level":"info","message":"Admin fetching all users with filters","role":"All","search":"","startDate":"null","status":"All","timestamp":"2026-04-09T12:37:33.311Z"}
{"clientVersion":"7.6.0","level":"error","message":"Error fetching users \nInvalid `prisma.user.findMany()` invocation in\nE:\\green-peddle\\gp-app\\server\\src\\modules\\admin\\admin.service.ts:97:17\n\n  94 const take = Number(limit);\n  95 \n  96 const [users, totalRecords] = await Promise.all([\n→ 97   prisma.user.findMany({\n         where: {\n           createdAt: {\n             gte: new Date(\"Invalid Date\"),\n                  ~~~~~~~~~~~~~~~~~~~~~~~~\n             lte: new Date(\"Invalid Date\")\n           }\n         },\n         select: {\n           id: true,\n           name: true,\n           email: true,\n           role: true,\n           isEmailVerified: true,\n           createdAt: true\n         },\n         orderBy: {\n           createdAt: \"desc\"\n         },\n         skip: 0,\n         take: 20\n       })\n\nInvalid value for argument `gte`: Provided Date object is invalid. Expected Date.","name":"PrismaClientValidationError","stack":"PrismaClientValidationError: \nInvalid `prisma.user.findMany()` invocation in\nE:\\green-peddle\\gp-app\\server\\src\\modules\\admin\\admin.service.ts:97:17\n\n  94 const take = Number(limit);\n  95 \n  96 const [users, totalRecords] = await Promise.all([\n→ 97   prisma.user.findMany({\n         where: {\n           createdAt: {\n             gte: new Date(\"Invalid Date\"),\n                  ~~~~~~~~~~~~~~~~~~~~~~~~\n             lte: new Date(\"Invalid Date\")\n           }\n         },\n         select: {\n           id: true,\n           name: true,\n           email: true,\n           role: true,\n           isEmailVerified: true,\n           createdAt: true\n         },\n         orderBy: {\n           createdAt: \"desc\"\n         },\n         skip: 0,\n         take: 20\n       })\n\nInvalid value for argument `gte`: Provided Date object is invalid. Expected Date.\n    at ar (E:\\green-peddle\\gp-app\\server\\generated\\prisma\\runtime\\client.js:14:1374)\n    at e.throwValidationError (E:\\green-peddle\\gp-app\\server\\generated\\prisma\\runtime\\client.js:14:10216)\n    at Ao (E:\\green-peddle\\gp-app\\server\\generated\\prisma\\runtime\\client.js:14:7548)\n    at Co (E:\\green-peddle\\gp-app\\server\\generated\\prisma\\runtime\\client.js:14:8907)\n    at Ao (E:\\green-peddle\\gp-app\\server\\generated\\prisma\\runtime\\client.js:14:8414)\n    at Co (E:\\green-peddle\\gp-app\\server\\generated\\prisma\\runtime\\client.js:14:8907)\n    at Ao (E:\\green-peddle\\gp-app\\server\\generated\\prisma\\runtime\\client.js:14:8414)\n    at Co (E:\\green-peddle\\gp-app\\server\\generated\\prisma\\runtime\\client.js:14:8907)\n    at Et (E:\\green-peddle\\gp-app\\server\\generated\\prisma\\runtime\\client.js:14:5909)\n    at pr (E:\\green-peddle\\gp-app\\server\\generated\\prisma\\runtime\\client.js:14:5811)","timestamp":"2026-04-09T12:37:33.313Z"}
{"alpha":"","endDate":"null","level":"info","limit":"20","message":"Admin fetching all users with filters","page":"1","role":"All","search":"","startDate":"null","status":"All","timestamp":"2026-04-09T12:37:33.318Z"}
{"clientVersion":"7.6.0","level":"error","message":"Error fetching users \nInvalid `prisma.user.findMany()` invocation in\nE:\\green-peddle\\gp-app\\server\\src\\modules\\admin\\admin.service.ts:97:17\n\n  94 const take = Number(limit);\n  95 \n  96 const [users, totalRecords] = await Promise.all([\n→ 97   prisma.user.findMany({\n         where: {\n           createdAt: {\n             gte: new Date(\"Invalid Date\"),\n                  ~~~~~~~~~~~~~~~~~~~~~~~~\n             lte: new Date(\"Invalid Date\")\n           }\n         },\n         select: {\n           id: true,\n           name: true,\n           email: true,\n           role: true,\n           isEmailVerified: true,\n           createdAt: true\n         },\n         orderBy: {\n           createdAt: \"desc\"\n         },\n         skip: 0,\n         take: 20\n       })\n\nInvalid value for argument `gte`: Provided Date object is invalid. Expected Date.","name":"PrismaClientValidationError","stack":"PrismaClientValidationError: \nInvalid `prisma.user.findMany()` invocation in\nE:\\green-peddle\\gp-app\\server\\src\\modules\\admin\\admin.service.ts:97:17\n\n  94 const take = Number(limit);\n  95 \n  96 const [users, totalRecords] = await Promise.all([\n→ 97   prisma.user.findMany({\n         where: {\n           createdAt: {\n             gte: new Date(\"Invalid Date\"),\n                  ~~~~~~~~~~~~~~~~~~~~~~~~\n             lte: new Date(\"Invalid Date\")\n           }\n         },\n         select: {\n           id: true,\n           name: true,\n           email: true,\n           role: true,\n           isEmailVerified: true,\n           createdAt: true\n         },\n         orderBy: {\n           createdAt: \"desc\"\n         },\n         skip: 0,\n         take: 20\n       })\n\nInvalid value for argument `gte`: Provided Date object is invalid. Expected Date.\n    at ar (E:\\green-peddle\\gp-app\\server\\generated\\prisma\\runtime\\client.js:14:1374)\n    at e.throwValidationError (E:\\green-peddle\\gp-app\\server\\generated\\prisma\\runtime\\client.js:14:10216)\n    at Ao (E:\\green-peddle\\gp-app\\server\\generated\\prisma\\runtime\\client.js:14:7548)\n    at Co (E:\\green-peddle\\gp-app\\server\\generated\\prisma\\runtime\\client.js:14:8907)\n    at Ao (E:\\green-peddle\\gp-app\\server\\generated\\prisma\\runtime\\client.js:14:8414)\n    at Co (E:\\green-peddle\\gp-app\\server\\generated\\prisma\\runtime\\client.js:14:8907)\n    at Ao (E:\\green-peddle\\gp-app\\server\\generated\\prisma\\runtime\\client.js:14:8414)\n    at Co (E:\\green-peddle\\gp-app\\server\\generated\\prisma\\runtime\\client.js:14:8907)\n    at Et (E:\\green-peddle\\gp-app\\server\\generated\\prisma\\runtime\\client.js:14:5909)\n    at pr (E:\\green-peddle\\gp-app\\server\\generated\\prisma\\runtime\\client.js:14:5811)","timestamp":"2026-04-09T12:37:33.319Z"}
{"alpha":"","endDate":"null","level":"info","limit":"20","message":"Admin fetching all users with filters","page":"1","role":"All","search":"","startDate":"null","status":"All","timestamp":"2026-04-09T12:37:33.326Z"}
{"clientVersion":"7.6.0","level":"error","message":"Error fetching users \nInvalid `prisma.user.findMany()` invocation in\nE:\\green-peddle\\gp-app\\server\\src\\modules\\admin\\admin.service.ts:97:17\n\n  94 const take = Number(limit);\n  95 \n  96 const [users, totalRecords] = await Promise.all([\n→ 97   prisma.user.findMany({\n         where: {\n           createdAt: {\n             gte: new Date(\"Invalid Date\"),\n                  ~~~~~~~~~~~~~~~~~~~~~~~~\n             lte: new Date(\"Invalid Date\")\n           }\n         },\n         select: {\n           id: true,\n           name: true,\n           email: true,\n           role: true,\n           isEmailVerified: true,\n           createdAt: true\n         },\n         orderBy: {\n           createdAt: \"desc\"\n         },\n         skip: 0,\n         take: 20\n       })\n\nInvalid value for argument `gte`: Provided Date object is invalid. Expected Date.","name":"PrismaClientValidationError","stack":"PrismaClientValidationError: \nInvalid `prisma.user.findMany()` invocation in\nE:\\green-peddle\\gp-app\\server\\src\\modules\\admin\\admin.service.ts:97:17\n\n  94 const take = Number(limit);\n  95 \n  96 const [users, totalRecords] = await Promise.all([\n→ 97   prisma.user.findMany({\n         where: {\n           createdAt: {\n             gte: new Date(\"Invalid Date\"),\n                  ~~~~~~~~~~~~~~~~~~~~~~~~\n             lte: new Date(\"Invalid Date\")\n           }\n         },\n         select: {\n           id: true,\n           name: true,\n           email: true,\n           role: true,\n           isEmailVerified: true,\n           createdAt: true\n         },\n         orderBy: {\n           createdAt: \"desc\"\n         },\n         skip: 0,\n         take: 20\n       })\n\nInvalid value for argument `gte`: Provided Date object is invalid. Expected Date.\n    at ar (E:\\green-peddle\\gp-app\\server\\generated\\prisma\\runtime\\client.js:14:1374)\n    at e.throwValidationError (E:\\green-peddle\\gp-app\\server\\generated\\prisma\\runtime\\client.js:14:10216)\n    at Ao (E:\\green-peddle\\gp-app\\server\\generated\\prisma\\runtime\\client.js:14:7548)\n    at Co (E:\\green-peddle\\gp-app\\server\\generated\\prisma\\runtime\\client.js:14:8907)\n    at Ao (E:\\green-peddle\\gp-app\\server\\generated\\prisma\\runtime\\client.js:14:8414)\n    at Co (E:\\green-peddle\\gp-app\\server\\generated\\prisma\\runtime\\client.js:14:8907)\n    at Ao (E:\\green-peddle\\gp-app\\server\\generated\\prisma\\runtime\\client.js:14:8414)\n    at Co (E:\\green-peddle\\gp-app\\server\\generated\\prisma\\runtime\\client.js:14:8907)\n    at Et (E:\\green-peddle\\gp-app\\server\\generated\\prisma\\runtime\\client.js:14:5909)\n    at pr (E:\\green-peddle\\gp-app\\server\\generated\\prisma\\runtime\\client.js:14:5811)","timestamp":"2026-04-09T12:37:33.328Z"}
{"alpha":"","endDate":"null","level":"info","message":"Admin fetching all users with filters","role":"All","search":"","startDate":"null","status":"All","timestamp":"2026-04-09T12:37:33.331Z"}
{"clientVersion":"7.6.0","level":"error","message":"Error fetching users \nInvalid `prisma.user.findMany()` invocation in\nE:\\green-peddle\\gp-app\\server\\src\\modules\\admin\\admin.service.ts:97:17\n\n  94 const take = Number(limit);\n  95 \n  96 const [users, totalRecords] = await Promise.all([\n→ 97   prisma.user.findMany({\n         where: {\n           createdAt: {\n             gte: new Date(\"Invalid Date\"),\n                  ~~~~~~~~~~~~~~~~~~~~~~~~\n             lte: new Date(\"Invalid Date\")\n           }\n         },\n         select: {\n           id: true,\n           name: true,\n           email: true,\n           role: true,\n           isEmailVerified: true,\n           createdAt: true\n         },\n         orderBy: {\n           createdAt: \"desc\"\n         },\n         skip: 0,\n         take: 20\n       })\n\nInvalid value for argument `gte`: Provided Date object is invalid. Expected Date.","name":"PrismaClientValidationError","stack":"PrismaClientValidationError: \nInvalid `prisma.user.findMany()` invocation in\nE:\\green-peddle\\gp-app\\server\\src\\modules\\admin\\admin.service.ts:97:17\n\n  94 const take = Number(limit);\n  95 \n  96 const [users, totalRecords] = await Promise.all([\n→ 97   prisma.user.findMany({\n         where: {\n           createdAt: {\n             gte: new Date(\"Invalid Date\"),\n                  ~~~~~~~~~~~~~~~~~~~~~~~~\n             lte: new Date(\"Invalid Date\")\n           }\n         },\n         select: {\n           id: true,\n           name: true,\n           email: true,\n           role: true,\n           isEmailVerified: true,\n           createdAt: true\n         },\n         orderBy: {\n           createdAt: \"desc\"\n         },\n         skip: 0,\n         take: 20\n       })\n\nInvalid value for argument `gte`: Provided Date object is invalid. Expected Date.\n    at ar (E:\\green-peddle\\gp-app\\server\\generated\\prisma\\runtime\\client.js:14:1374)\n    at e.throwValidationError (E:\\green-peddle\\gp-app\\server\\generated\\prisma\\runtime\\client.js:14:10216)\n    at Ao (E:\\green-peddle\\gp-app\\server\\generated\\prisma\\runtime\\client.js:14:7548)\n    at Co (E:\\green-peddle\\gp-app\\server\\generated\\prisma\\runtime\\client.js:14:8907)\n    at Ao (E:\\green-peddle\\gp-app\\server\\generated\\prisma\\runtime\\client.js:14:8414)\n    at Co (E:\\green-peddle\\gp-app\\server\\generated\\prisma\\runtime\\client.js:14:8907)\n    at Ao (E:\\green-peddle\\gp-app\\server\\generated\\prisma\\runtime\\client.js:14:8414)\n    at Co (E:\\green-peddle\\gp-app\\server\\generated\\prisma\\runtime\\client.js:14:8907)\n    at Et (E:\\green-peddle\\gp-app\\server\\generated\\prisma\\runtime\\client.js:14:5909)\n    at pr (E:\\green-peddle\\gp-app\\server\\generated\\prisma\\runtime\\client.js:14:5811)","timestamp":"2026-04-09T12:37:33.334Z"}
{"alpha":"","endDate":"null","level":"info","message":"Admin fetching all users with filters","role":"All","search":"","startDate":"null","status":"All","timestamp":"2026-04-09T12:37:33.338Z"}
{"clientVersion":"7.6.0","level":"error","message":"Error fetching users \nInvalid `prisma.user.findMany()` invocation in\nE:\\green-peddle\\gp-app\\server\\src\\modules\\admin\\admin.service.ts:97:17\n\n  94 const take = Number(limit);\n  95 \n  96 const [users, totalRecords] = await Promise.all([\n→ 97   prisma.user.findMany({\n         where: {\n           createdAt: {\n             gte: new Date(\"Invalid Date\"),\n                  ~~~~~~~~~~~~~~~~~~~~~~~~\n             lte: new Date(\"Invalid Date\")\n           }\n         },\n         select: {\n           id: true,\n           name: true,\n           email: true,\n           role: true,\n           isEmailVerified: true,\n           createdAt: true\n         },\n         orderBy: {\n           createdAt: \"desc\"\n         },\n         skip: 0,\n         take: 20\n       })\n\nInvalid value for argument `gte`: Provided Date object is invalid. Expected Date.","name":"PrismaClientValidationError","stack":"PrismaClientValidationError: \nInvalid `prisma.user.findMany()` invocation in\nE:\\green-peddle\\gp-app\\server\\src\\modules\\admin\\admin.service.ts:97:17\n\n  94 const take = Number(limit);\n  95 \n  96 const [users, totalRecords] = await Promise.all([\n→ 97   prisma.user.findMany({\n         where: {\n           createdAt: {\n             gte: new Date(\"Invalid Date\"),\n                  ~~~~~~~~~~~~~~~~~~~~~~~~\n             lte: new Date(\"Invalid Date\")\n           }\n         },\n         select: {\n           id: true,\n           name: true,\n           email: true,\n           role: true,\n           isEmailVerified: true,\n           createdAt: true\n         },\n         orderBy: {\n           createdAt: \"desc\"\n         },\n         skip: 0,\n         take: 20\n       })\n\nInvalid value for argument `gte`: Provided Date object is invalid. Expected Date.\n    at ar (E:\\green-peddle\\gp-app\\server\\generated\\prisma\\runtime\\client.js:14:1374)\n    at e.throwValidationError (E:\\green-peddle\\gp-app\\server\\generated\\prisma\\runtime\\client.js:14:10216)\n    at Ao (E:\\green-peddle\\gp-app\\server\\generated\\prisma\\runtime\\client.js:14:7548)\n    at Co (E:\\green-peddle\\gp-app\\server\\generated\\prisma\\runtime\\client.js:14:8907)\n    at Ao (E:\\green-peddle\\gp-app\\server\\generated\\prisma\\runtime\\client.js:14:8414)\n    at Co (E:\\green-peddle\\gp-app\\server\\generated\\prisma\\runtime\\client.js:14:8907)\n    at Ao (E:\\green-peddle\\gp-app\\server\\generated\\prisma\\runtime\\client.js:14:8414)\n    at Co (E:\\green-peddle\\gp-app\\server\\generated\\prisma\\runtime\\client.js:14:8907)\n    at Et (E:\\green-peddle\\gp-app\\server\\generated\\prisma\\runtime\\client.js:14:5909)\n    at pr (E:\\green-peddle\\gp-app\\server\\generated\\prisma\\runtime\\client.js:14:5811)","timestamp":"2026-04-09T12:37:33.341Z"}
{"alpha":"","endDate":"null","level":"info","message":"Admin fetching all users with filters","role":"All","search":"","startDate":"null","status":"All","timestamp":"2026-04-09T12:37:33.345Z"}
{"clientVersion":"7.6.0","level":"error","message":"Error fetching users \nInvalid `prisma.user.findMany()` invocation in\nE:\\green-peddle\\gp-app\\server\\src\\modules\\admin\\admin.service.ts:97:17\n\n  94 const take = Number(limit);\n  95 \n  96 const [users, totalRecords] = await Promise.all([\n→ 97   prisma.user.findMany({\n         where: {\n           createdAt: {\n             gte: new Date(\"Invalid Date\"),\n                  ~~~~~~~~~~~~~~~~~~~~~~~~\n             lte: new Date(\"Invalid Date\")\n           }\n         },\n         select: {\n           id: true,\n           name: true,\n           email: true,\n           role: true,\n           isEmailVerified: true,\n           createdAt: true\n         },\n         orderBy: {\n           createdAt: \"desc\"\n         },\n         skip: 0,\n         take: 20\n       })\n\nInvalid value for argument `gte`: Provided Date object is invalid. Expected Date.","name":"PrismaClientValidationError","stack":"PrismaClientValidationError: \nInvalid `prisma.user.findMany()` invocation in\nE:\\green-peddle\\gp-app\\server\\src\\modules\\admin\\admin.service.ts:97:17\n\n  94 const take = Number(limit);\n  95 \n  96 const [users, totalRecords] = await Promise.all([\n→ 97   prisma.user.findMany({\n         where: {\n           createdAt: {\n             gte: new Date(\"Invalid Date\"),\n                  ~~~~~~~~~~~~~~~~~~~~~~~~\n             lte: new Date(\"Invalid Date\")\n           }\n         },\n         select: {\n           id: true,\n           name: true,\n           email: true,\n           role: true,\n           isEmailVerified: true,\n           createdAt: true\n         },\n         orderBy: {\n           createdAt: \"desc\"\n         },\n         skip: 0,\n         take: 20\n       })\n\nInvalid value for argument `gte`: Provided Date object is invalid. Expected Date.\n    at ar (E:\\green-peddle\\gp-app\\server\\generated\\prisma\\runtime\\client.js:14:1374)\n    at e.throwValidationError (E:\\green-peddle\\gp-app\\server\\generated\\prisma\\runtime\\client.js:14:10216)\n    at Ao (E:\\green-peddle\\gp-app\\server\\generated\\prisma\\runtime\\client.js:14:7548)\n    at Co (E:\\green-peddle\\gp-app\\server\\generated\\prisma\\runtime\\client.js:14:8907)\n    at Ao (E:\\green-peddle\\gp-app\\server\\generated\\prisma\\runtime\\client.js:14:8414)\n    at Co (E:\\green-peddle\\gp-app\\server\\generated\\prisma\\runtime\\client.js:14:8907)\n    at Ao (E:\\green-peddle\\gp-app\\server\\generated\\prisma\\runtime\\client.js:14:8414)\n    at Co (E:\\green-peddle\\gp-app\\server\\generated\\prisma\\runtime\\client.js:14:8907)\n    at Et (E:\\green-peddle\\gp-app\\server\\generated\\prisma\\runtime\\client.js:14:5909)\n    at pr (E:\\green-peddle\\gp-app\\server\\generated\\prisma\\runtime\\client.js:14:5811)","timestamp":"2026-04-09T12:37:33.347Z"}
{"alpha":"","level":"info","limit":"20","message":"Admin fetching all users with filters","page":"1","timestamp":"2026-04-09T12:37:36.138Z"}
{"alpha":"","endDate":"null","level":"info","limit":"20","message":"Admin fetching all users with filters","page":"1","role":"All","search":"","startDate":"null","status":"All","timestamp":"2026-04-09T12:37:36.141Z"}
{"clientVersion":"7.6.0","level":"error","message":"Error fetching users \nInvalid `prisma.user.findMany()` invocation in\nE:\\green-peddle\\gp-app\\server\\src\\modules\\admin\\admin.service.ts:97:17\n\n  94 const take = Number(limit);\n  95 \n  96 const [users, totalRecords] = await Promise.all([\n→ 97   prisma.user.findMany({\n         where: {\n           createdAt: {\n             gte: new Date(\"Invalid Date\"),\n                  ~~~~~~~~~~~~~~~~~~~~~~~~\n             lte: new Date(\"Invalid Date\")\n           }\n         },\n         select: {\n           id: true,\n           name: true,\n           email: true,\n           role: true,\n           isEmailVerified: true,\n           createdAt: true\n         },\n         orderBy: {\n           createdAt: \"desc\"\n         },\n         skip: 0,\n         take: 20\n       })\n\nInvalid value for argument `gte`: Provided Date object is invalid. Expected Date.","name":"PrismaClientValidationError","stack":"PrismaClientValidationError: \nInvalid `prisma.user.findMany()` invocation in\nE:\\green-peddle\\gp-app\\server\\src\\modules\\admin\\admin.service.ts:97:17\n\n  94 const take = Number(limit);\n  95 \n  96 const [users, totalRecords] = await Promise.all([\n→ 97   prisma.user.findMany({\n         where: {\n           createdAt: {\n             gte: new Date(\"Invalid Date\"),\n                  ~~~~~~~~~~~~~~~~~~~~~~~~\n             lte: new Date(\"Invalid Date\")\n           }\n         },\n         select: {\n           id: true,\n           name: true,\n           email: true,\n           role: true,\n           isEmailVerified: true,\n           createdAt: true\n         },\n         orderBy: {\n           createdAt: \"desc\"\n         },\n         skip: 0,\n         take: 20\n       })\n\nInvalid value for argument `gte`: Provided Date object is invalid. Expected Date.\n    at ar (E:\\green-peddle\\gp-app\\server\\generated\\prisma\\runtime\\client.js:14:1374)\n    at e.throwValidationError (E:\\green-peddle\\gp-app\\server\\generated\\prisma\\runtime\\client.js:14:10216)\n    at Ao (E:\\green-peddle\\gp-app\\server\\generated\\prisma\\runtime\\client.js:14:7548)\n    at Co (E:\\green-peddle\\gp-app\\server\\generated\\prisma\\runtime\\client.js:14:8907)\n    at Ao (E:\\green-peddle\\gp-app\\server\\generated\\prisma\\runtime\\client.js:14:8414)\n    at Co (E:\\green-peddle\\gp-app\\server\\generated\\prisma\\runtime\\client.js:14:8907)\n    at Ao (E:\\green-peddle\\gp-app\\server\\generated\\prisma\\runtime\\client.js:14:8414)\n    at Co (E:\\green-peddle\\gp-app\\server\\generated\\prisma\\runtime\\client.js:14:8907)\n    at Et (E:\\green-peddle\\gp-app\\server\\generated\\prisma\\runtime\\client.js:14:5909)\n    at pr (E:\\green-peddle\\gp-app\\server\\generated\\prisma\\runtime\\client.js:14:5811)","timestamp":"2026-04-09T12:37:36.143Z"}
{"alpha":"","endDate":"null","level":"info","limit":"20","message":"Admin fetching all users with filters","page":"1","role":"All","search":"","startDate":"null","status":"All","timestamp":"2026-04-09T12:37:36.149Z"}
{"clientVersion":"7.6.0","level":"error","message":"Error fetching users \nInvalid `prisma.user.findMany()` invocation in\nE:\\green-peddle\\gp-app\\server\\src\\modules\\admin\\admin.service.ts:97:17\n\n  94 const take = Number(limit);\n  95 \n  96 const [users, totalRecords] = await Promise.all([\n→ 97   prisma.user.findMany({\n         where: {\n           createdAt: {\n             gte: new Date(\"Invalid Date\"),\n                  ~~~~~~~~~~~~~~~~~~~~~~~~\n             lte: new Date(\"Invalid Date\")\n           }\n         },\n         select: {\n           id: true,\n           name: true,\n           email: true,\n           role: true,\n           isEmailVerified: true,\n           createdAt: true\n         },\n         orderBy: {\n           createdAt: \"desc\"\n         },\n         skip: 0,\n         take: 20\n       })\n\nInvalid value for argument `gte`: Provided Date object is invalid. Expected Date.","name":"PrismaClientValidationError","stack":"PrismaClientValidationError: \nInvalid `prisma.user.findMany()` invocation in\nE:\\green-peddle\\gp-app\\server\\src\\modules\\admin\\admin.service.ts:97:17\n\n  94 const take = Number(limit);\n  95 \n  96 const [users, totalRecords] = await Promise.all([\n→ 97   prisma.user.findMany({\n         where: {\n           createdAt: {\n             gte: new Date(\"Invalid Date\"),\n                  ~~~~~~~~~~~~~~~~~~~~~~~~\n             lte: new Date(\"Invalid Date\")\n           }\n         },\n         select: {\n           id: true,\n           name: true,\n           email: true,\n           role: true,\n           isEmailVerified: true,\n           createdAt: true\n         },\n         orderBy: {\n           createdAt: \"desc\"\n         },\n         skip: 0,\n         take: 20\n       })\n\nInvalid value for argument `gte`: Provided Date object is invalid. Expected Date.\n    at ar (E:\\green-peddle\\gp-app\\server\\generated\\prisma\\runtime\\client.js:14:1374)\n    at e.throwValidationError (E:\\green-peddle\\gp-app\\server\\generated\\prisma\\runtime\\client.js:14:10216)\n    at Ao (E:\\green-peddle\\gp-app\\server\\generated\\prisma\\runtime\\client.js:14:7548)\n    at Co (E:\\green-peddle\\gp-app\\server\\generated\\prisma\\runtime\\client.js:14:8907)\n    at Ao (E:\\green-peddle\\gp-app\\server\\generated\\prisma\\runtime\\client.js:14:8414)\n    at Co (E:\\green-peddle\\gp-app\\server\\generated\\prisma\\runtime\\client.js:14:8907)\n    at Ao (E:\\green-peddle\\gp-app\\server\\generated\\prisma\\runtime\\client.js:14:8414)\n    at Co (E:\\green-peddle\\gp-app\\server\\generated\\prisma\\runtime\\client.js:14:8907)\n    at Et (E:\\green-peddle\\gp-app\\server\\generated\\prisma\\runtime\\client.js:14:5909)\n    at pr (E:\\green-peddle\\gp-app\\server\\generated\\prisma\\runtime\\client.js:14:5811)","timestamp":"2026-04-09T12:37:36.151Z"}
{"alpha":"","endDate":"null","level":"info","limit":"20","message":"Admin fetching all users with filters","page":"1","role":"All","search":"","startDate":"null","status":"All","timestamp":"2026-04-09T12:37:36.154Z"}
{"clientVersion":"7.6.0","level":"error","message":"Error fetching users \nInvalid `prisma.user.findMany()` invocation in\nE:\\green-peddle\\gp-app\\server\\src\\modules\\admin\\admin.service.ts:97:17\n\n  94 const take = Number(limit);\n  95 \n  96 const [users, totalRecords] = await Promise.all([\n→ 97   prisma.user.findMany({\n         where: {\n           createdAt: {\n             gte: new Date(\"Invalid Date\"),\n                  ~~~~~~~~~~~~~~~~~~~~~~~~\n             lte: new Date(\"Invalid Date\")\n           }\n         },\n         select: {\n           id: true,\n           name: true,\n           email: true,\n           role: true,\n           isEmailVerified: true,\n           createdAt: true\n         },\n         orderBy: {\n           createdAt: \"desc\"\n         },\n         skip: 0,\n         take: 20\n       })\n\nInvalid value for argument `gte`: Provided Date object is invalid. Expected Date.","name":"PrismaClientValidationError","stack":"PrismaClientValidationError: \nInvalid `prisma.user.findMany()` invocation in\nE:\\green-peddle\\gp-app\\server\\src\\modules\\admin\\admin.service.ts:97:17\n\n  94 const take = Number(limit);\n  95 \n  96 const [users, totalRecords] = await Promise.all([\n→ 97   prisma.user.findMany({\n         where: {\n           createdAt: {\n             gte: new Date(\"Invalid Date\"),\n                  ~~~~~~~~~~~~~~~~~~~~~~~~\n             lte: new Date(\"Invalid Date\")\n           }\n         },\n         select: {\n           id: true,\n           name: true,\n           email: true,\n           role: true,\n           isEmailVerified: true,\n           createdAt: true\n         },\n         orderBy: {\n           createdAt: \"desc\"\n         },\n         skip: 0,\n         take: 20\n       })\n\nInvalid value for argument `gte`: Provided Date object is invalid. Expected Date.\n    at ar (E:\\green-peddle\\gp-app\\server\\generated\\prisma\\runtime\\client.js:14:1374)\n    at e.throwValidationError (E:\\green-peddle\\gp-app\\server\\generated\\prisma\\runtime\\client.js:14:10216)\n    at Ao (E:\\green-peddle\\gp-app\\server\\generated\\prisma\\runtime\\client.js:14:7548)\n    at Co (E:\\green-peddle\\gp-app\\server\\generated\\prisma\\runtime\\client.js:14:8907)\n    at Ao (E:\\green-peddle\\gp-app\\server\\generated\\prisma\\runtime\\client.js:14:8414)\n    at Co (E:\\green-peddle\\gp-app\\server\\generated\\prisma\\runtime\\client.js:14:8907)\n    at Ao (E:\\green-peddle\\gp-app\\server\\generated\\prisma\\runtime\\client.js:14:8414)\n    at Co (E:\\green-peddle\\gp-app\\server\\generated\\prisma\\runtime\\client.js:14:8907)\n    at Et (E:\\green-peddle\\gp-app\\server\\generated\\prisma\\runtime\\client.js:14:5909)\n    at pr (E:\\green-peddle\\gp-app\\server\\generated\\prisma\\runtime\\client.js:14:5811)","timestamp":"2026-04-09T12:37:36.156Z"}
{"alpha":"","endDate":"null","level":"info","message":"Admin fetching all users with filters","role":"All","search":"","startDate":"null","status":"All","timestamp":"2026-04-09T12:37:36.181Z"}
{"clientVersion":"7.6.0","level":"error","message":"Error fetching users \nInvalid `prisma.user.findMany()` invocation in\nE:\\green-peddle\\gp-app\\server\\src\\modules\\admin\\admin.service.ts:97:17\n\n  94 const take = Number(limit);\n  95 \n  96 const [users, totalRecords] = await Promise.all([\n→ 97   prisma.user.findMany({\n         where: {\n           createdAt: {\n             gte: new Date(\"Invalid Date\"),\n                  ~~~~~~~~~~~~~~~~~~~~~~~~\n             lte: new Date(\"Invalid Date\")\n           }\n         },\n         select: {\n           id: true,\n           name: true,\n           email: true,\n           role: true,\n           isEmailVerified: true,\n           createdAt: true\n         },\n         orderBy: {\n           createdAt: \"desc\"\n         },\n         skip: 0,\n         take: 20\n       })\n\nInvalid value for argument `gte`: Provided Date object is invalid. Expected Date.","name":"PrismaClientValidationError","stack":"PrismaClientValidationError: \nInvalid `prisma.user.findMany()` invocation in\nE:\\green-peddle\\gp-app\\server\\src\\modules\\admin\\admin.service.ts:97:17\n\n  94 const take = Number(limit);\n  95 \n  96 const [users, totalRecords] = await Promise.all([\n→ 97   prisma.user.findMany({\n         where: {\n           createdAt: {\n             gte: new Date(\"Invalid Date\"),\n                  ~~~~~~~~~~~~~~~~~~~~~~~~\n             lte: new Date(\"Invalid Date\")\n           }\n         },\n         select: {\n           id: true,\n           name: true,\n           email: true,\n           role: true,\n           isEmailVerified: true,\n           createdAt: true\n         },\n         orderBy: {\n           createdAt: \"desc\"\n         },\n         skip: 0,\n         take: 20\n       })\n\nInvalid value for argument `gte`: Provided Date object is invalid. Expected Date.\n    at ar (E:\\green-peddle\\gp-app\\server\\generated\\prisma\\runtime\\client.js:14:1374)\n    at e.throwValidationError (E:\\green-peddle\\gp-app\\server\\generated\\prisma\\runtime\\client.js:14:10216)\n    at Ao (E:\\green-peddle\\gp-app\\server\\generated\\prisma\\runtime\\client.js:14:7548)\n    at Co (E:\\green-peddle\\gp-app\\server\\generated\\prisma\\runtime\\client.js:14:8907)\n    at Ao (E:\\green-peddle\\gp-app\\server\\generated\\prisma\\runtime\\client.js:14:8414)\n    at Co (E:\\green-peddle\\gp-app\\server\\generated\\prisma\\runtime\\client.js:14:8907)\n    at Ao (E:\\green-peddle\\gp-app\\server\\generated\\prisma\\runtime\\client.js:14:8414)\n    at Co (E:\\green-peddle\\gp-app\\server\\generated\\prisma\\runtime\\client.js:14:8907)\n    at Et (E:\\green-peddle\\gp-app\\server\\generated\\prisma\\runtime\\client.js:14:5909)\n    at pr (E:\\green-peddle\\gp-app\\server\\generated\\prisma\\runtime\\client.js:14:5811)","timestamp":"2026-04-09T12:37:36.184Z"}
{"alpha":"","endDate":"null","level":"info","limit":"20","message":"Admin fetching all users with filters","page":"1","role":"All","search":"","startDate":"null","status":"All","timestamp":"2026-04-09T12:37:36.187Z"}
{"clientVersion":"7.6.0","level":"error","message":"Error fetching users \nInvalid `prisma.user.findMany()` invocation in\nE:\\green-peddle\\gp-app\\server\\src\\modules\\admin\\admin.service.ts:97:17\n\n  94 const take = Number(limit);\n  95 \n  96 const [users, totalRecords] = await Promise.all([\n→ 97   prisma.user.findMany({\n         where: {\n           createdAt: {\n             gte: new Date(\"Invalid Date\"),\n                  ~~~~~~~~~~~~~~~~~~~~~~~~\n             lte: new Date(\"Invalid Date\")\n           }\n         },\n         select: {\n           id: true,\n           name: true,\n           email: true,\n           role: true,\n           isEmailVerified: true,\n           createdAt: true\n         },\n         orderBy: {\n           createdAt: \"desc\"\n         },\n         skip: 0,\n         take: 20\n       })\n\nInvalid value for argument `gte`: Provided Date object is invalid. Expected Date.","name":"PrismaClientValidationError","stack":"PrismaClientValidationError: \nInvalid `prisma.user.findMany()` invocation in\nE:\\green-peddle\\gp-app\\server\\src\\modules\\admin\\admin.service.ts:97:17\n\n  94 const take = Number(limit);\n  95 \n  96 const [users, totalRecords] = await Promise.all([\n→ 97   prisma.user.findMany({\n         where: {\n           createdAt: {\n             gte: new Date(\"Invalid Date\"),\n                  ~~~~~~~~~~~~~~~~~~~~~~~~\n             lte: new Date(\"Invalid Date\")\n           }\n         },\n         select: {\n           id: true,\n           name: true,\n           email: true,\n           role: true,\n           isEmailVerified: true,\n           createdAt: true\n         },\n         orderBy: {\n           createdAt: \"desc\"\n         },\n         skip: 0,\n         take: 20\n       })\n\nInvalid value for argument `gte`: Provided Date object is invalid. Expected Date.\n    at ar (E:\\green-peddle\\gp-app\\server\\generated\\prisma\\runtime\\client.js:14:1374)\n    at e.throwValidationError (E:\\green-peddle\\gp-app\\server\\generated\\prisma\\runtime\\client.js:14:10216)\n    at Ao (E:\\green-peddle\\gp-app\\server\\generated\\prisma\\runtime\\client.js:14:7548)\n    at Co (E:\\green-peddle\\gp-app\\server\\generated\\prisma\\runtime\\client.js:14:8907)\n    at Ao (E:\\green-peddle\\gp-app\\server\\generated\\prisma\\runtime\\client.js:14:8414)\n    at Co (E:\\green-peddle\\gp-app\\server\\generated\\prisma\\runtime\\client.js:14:8907)\n    at Ao (E:\\green-peddle\\gp-app\\server\\generated\\prisma\\runtime\\client.js:14:8414)\n    at Co (E:\\green-peddle\\gp-app\\server\\generated\\prisma\\runtime\\client.js:14:8907)\n    at Et (E:\\green-peddle\\gp-app\\server\\generated\\prisma\\runtime\\client.js:14:5909)\n    at pr (E:\\green-peddle\\gp-app\\server\\generated\\prisma\\runtime\\client.js:14:5811)","timestamp":"2026-04-09T12:37:36.190Z"}
{"alpha":"","level":"info","limit":"20","message":"Admin fetching all users with filters","page":"1","timestamp":"2026-04-09T12:37:36.194Z"}
{"alpha":"","endDate":"null","level":"info","message":"Admin fetching all users with filters","role":"All","search":"","startDate":"null","status":"All","timestamp":"2026-04-09T12:37:36.197Z"}
{"clientVersion":"7.6.0","level":"error","message":"Error fetching users \nInvalid `prisma.user.findMany()` invocation in\nE:\\green-peddle\\gp-app\\server\\src\\modules\\admin\\admin.service.ts:97:17\n\n  94 const take = Number(limit);\n  95 \n  96 const [users, totalRecords] = await Promise.all([\n→ 97   prisma.user.findMany({\n         where: {\n           createdAt: {\n             gte: new Date(\"Invalid Date\"),\n                  ~~~~~~~~~~~~~~~~~~~~~~~~\n             lte: new Date(\"Invalid Date\")\n           }\n         },\n         select: {\n           id: true,\n           name: true,\n           email: true,\n           role: true,\n           isEmailVerified: true,\n           createdAt: true\n         },\n         orderBy: {\n           createdAt: \"desc\"\n         },\n         skip: 0,\n         take: 20\n       })\n\nInvalid value for argument `gte`: Provided Date object is invalid. Expected Date.","name":"PrismaClientValidationError","stack":"PrismaClientValidationError: \nInvalid `prisma.user.findMany()` invocation in\nE:\\green-peddle\\gp-app\\server\\src\\modules\\admin\\admin.service.ts:97:17\n\n  94 const take = Number(limit);\n  95 \n  96 const [users, totalRecords] = await Promise.all([\n→ 97   prisma.user.findMany({\n         where: {\n           createdAt: {\n             gte: new Date(\"Invalid Date\"),\n                  ~~~~~~~~~~~~~~~~~~~~~~~~\n             lte: new Date(\"Invalid Date\")\n           }\n         },\n         select: {\n           id: true,\n           name: true,\n           email: true,\n           role: true,\n           isEmailVerified: true,\n           createdAt: true\n         },\n         orderBy: {\n           createdAt: \"desc\"\n         },\n         skip: 0,\n         take: 20\n       })\n\nInvalid value for argument `gte`: Provided Date object is invalid. Expected Date.\n    at ar (E:\\green-peddle\\gp-app\\server\\generated\\prisma\\runtime\\client.js:14:1374)\n    at e.throwValidationError (E:\\green-peddle\\gp-app\\server\\generated\\prisma\\runtime\\client.js:14:10216)\n    at Ao (E:\\green-peddle\\gp-app\\server\\generated\\prisma\\runtime\\client.js:14:7548)\n    at Co (E:\\green-peddle\\gp-app\\server\\generated\\prisma\\runtime\\client.js:14:8907)\n    at Ao (E:\\green-peddle\\gp-app\\server\\generated\\prisma\\runtime\\client.js:14:8414)\n    at Co (E:\\green-peddle\\gp-app\\server\\generated\\prisma\\runtime\\client.js:14:8907)\n    at Ao (E:\\green-peddle\\gp-app\\server\\generated\\prisma\\runtime\\client.js:14:8414)\n    at Co (E:\\green-peddle\\gp-app\\server\\generated\\prisma\\runtime\\client.js:14:8907)\n    at Et (E:\\green-peddle\\gp-app\\server\\generated\\prisma\\runtime\\client.js:14:5909)\n    at pr (E:\\green-peddle\\gp-app\\server\\generated\\prisma\\runtime\\client.js:14:5811)","timestamp":"2026-04-09T12:37:36.199Z"}
{"alpha":"","endDate":"null","level":"info","limit":"20","message":"Admin fetching all users with filters","page":"1","role":"All","search":"","startDate":"null","status":"All","timestamp":"2026-04-09T12:37:36.202Z"}
{"clientVersion":"7.6.0","level":"error","message":"Error fetching users \nInvalid `prisma.user.findMany()` invocation in\nE:\\green-peddle\\gp-app\\server\\src\\modules\\admin\\admin.service.ts:97:17\n\n  94 const take = Number(limit);\n  95 \n  96 const [users, totalRecords] = await Promise.all([\n→ 97   prisma.user.findMany({\n         where: {\n           createdAt: {\n             gte: new Date(\"Invalid Date\"),\n                  ~~~~~~~~~~~~~~~~~~~~~~~~\n             lte: new Date(\"Invalid Date\")\n           }\n         },\n         select: {\n           id: true,\n           name: true,\n           email: true,\n           role: true,\n           isEmailVerified: true,\n           createdAt: true\n         },\n         orderBy: {\n           createdAt: \"desc\"\n         },\n         skip: 0,\n         take: 20\n       })\n\nInvalid value for argument `gte`: Provided Date object is invalid. Expected Date.","name":"PrismaClientValidationError","stack":"PrismaClientValidationError: \nInvalid `prisma.user.findMany()` invocation in\nE:\\green-peddle\\gp-app\\server\\src\\modules\\admin\\admin.service.ts:97:17\n\n  94 const take = Number(limit);\n  95 \n  96 const [users, totalRecords] = await Promise.all([\n→ 97   prisma.user.findMany({\n         where: {\n           createdAt: {\n             gte: new Date(\"Invalid Date\"),\n                  ~~~~~~~~~~~~~~~~~~~~~~~~\n             lte: new Date(\"Invalid Date\")\n           }\n         },\n         select: {\n           id: true,\n           name: true,\n           email: true,\n           role: true,\n           isEmailVerified: true,\n           createdAt: true\n         },\n         orderBy: {\n           createdAt: \"desc\"\n         },\n         skip: 0,\n         take: 20\n       })\n\nInvalid value for argument `gte`: Provided Date object is invalid. Expected Date.\n    at ar (E:\\green-peddle\\gp-app\\server\\generated\\prisma\\runtime\\client.js:14:1374)\n    at e.throwValidationError (E:\\green-peddle\\gp-app\\server\\generated\\prisma\\runtime\\client.js:14:10216)\n    at Ao (E:\\green-peddle\\gp-app\\server\\generated\\prisma\\runtime\\client.js:14:7548)\n    at Co (E:\\green-peddle\\gp-app\\server\\generated\\prisma\\runtime\\client.js:14:8907)\n    at Ao (E:\\green-peddle\\gp-app\\server\\generated\\prisma\\runtime\\client.js:14:8414)\n    at Co (E:\\green-peddle\\gp-app\\server\\generated\\prisma\\runtime\\client.js:14:8907)\n    at Ao (E:\\green-peddle\\gp-app\\server\\generated\\prisma\\runtime\\client.js:14:8414)\n    at Co (E:\\green-peddle\\gp-app\\server\\generated\\prisma\\runtime\\client.js:14:8907)\n    at Et (E:\\green-peddle\\gp-app\\server\\generated\\prisma\\runtime\\client.js:14:5909)\n    at pr (E:\\green-peddle\\gp-app\\server\\generated\\prisma\\runtime\\client.js:14:5811)","timestamp":"2026-04-09T12:37:36.205Z"}
{"alpha":"","endDate":"null","level":"info","message":"Admin fetching all users with filters","role":"All","search":"","startDate":"null","status":"All","timestamp":"2026-04-09T12:37:36.210Z"}
{"clientVersion":"7.6.0","level":"error","message":"Error fetching users \nInvalid `prisma.user.findMany()` invocation in\nE:\\green-peddle\\gp-app\\server\\src\\modules\\admin\\admin.service.ts:97:17\n\n  94 const take = Number(limit);\n  95 \n  96 const [users, totalRecords] = await Promise.all([\n→ 97   prisma.user.findMany({\n         where: {\n           createdAt: {\n             gte: new Date(\"Invalid Date\"),\n                  ~~~~~~~~~~~~~~~~~~~~~~~~\n             lte: new Date(\"Invalid Date\")\n           }\n         },\n         select: {\n           id: true,\n           name: true,\n           email: true,\n           role: true,\n           isEmailVerified: true,\n           createdAt: true\n         },\n         orderBy: {\n           createdAt: \"desc\"\n         },\n         skip: 0,\n         take: 20\n       })\n\nInvalid value for argument `gte`: Provided Date object is invalid. Expected Date.","name":"PrismaClientValidationError","stack":"PrismaClientValidationError: \nInvalid `prisma.user.findMany()` invocation in\nE:\\green-peddle\\gp-app\\server\\src\\modules\\admin\\admin.service.ts:97:17\n\n  94 const take = Number(limit);\n  95 \n  96 const [users, totalRecords] = await Promise.all([\n→ 97   prisma.user.findMany({\n         where: {\n           createdAt: {\n             gte: new Date(\"Invalid Date\"),\n                  ~~~~~~~~~~~~~~~~~~~~~~~~\n             lte: new Date(\"Invalid Date\")\n           }\n         },\n         select: {\n           id: true,\n           name: true,\n           email: true,\n           role: true,\n           isEmailVerified: true,\n           createdAt: true\n         },\n         orderBy: {\n           createdAt: \"desc\"\n         },\n         skip: 0,\n         take: 20\n       })\n\nInvalid value for argument `gte`: Provided Date object is invalid. Expected Date.\n    at ar (E:\\green-peddle\\gp-app\\server\\generated\\prisma\\runtime\\client.js:14:1374)\n    at e.throwValidationError (E:\\green-peddle\\gp-app\\server\\generated\\prisma\\runtime\\client.js:14:10216)\n    at Ao (E:\\green-peddle\\gp-app\\server\\generated\\prisma\\runtime\\client.js:14:7548)\n    at Co (E:\\green-peddle\\gp-app\\server\\generated\\prisma\\runtime\\client.js:14:8907)\n    at Ao (E:\\green-peddle\\gp-app\\server\\generated\\prisma\\runtime\\client.js:14:8414)\n    at Co (E:\\green-peddle\\gp-app\\server\\generated\\prisma\\runtime\\client.js:14:8907)\n    at Ao (E:\\green-peddle\\gp-app\\server\\generated\\prisma\\runtime\\client.js:14:8414)\n    at Co (E:\\green-peddle\\gp-app\\server\\generated\\prisma\\runtime\\client.js:14:8907)\n    at Et (E:\\green-peddle\\gp-app\\server\\generated\\prisma\\runtime\\client.js:14:5909)\n    at pr (E:\\green-peddle\\gp-app\\server\\generated\\prisma\\runtime\\client.js:14:5811)","timestamp":"2026-04-09T12:37:36.212Z"}
{"alpha":"","endDate":"null","level":"info","limit":"20","message":"Admin fetching all users with filters","page":"1","role":"All","search":"","startDate":"null","status":"All","timestamp":"2026-04-09T12:37:36.216Z"}
{"clientVersion":"7.6.0","level":"error","message":"Error fetching users \nInvalid `prisma.user.findMany()` invocation in\nE:\\green-peddle\\gp-app\\server\\src\\modules\\admin\\admin.service.ts:97:17\n\n  94 const take = Number(limit);\n  95 \n  96 const [users, totalRecords] = await Promise.all([\n→ 97   prisma.user.findMany({\n         where: {\n           createdAt: {\n             gte: new Date(\"Invalid Date\"),\n                  ~~~~~~~~~~~~~~~~~~~~~~~~\n             lte: new Date(\"Invalid Date\")\n           }\n         },\n         select: {\n           id: true,\n           name: true,\n           email: true,\n           role: true,\n           isEmailVerified: true,\n           createdAt: true\n         },\n         orderBy: {\n           createdAt: \"desc\"\n         },\n         skip: 0,\n         take: 20\n       })\n\nInvalid value for argument `gte`: Provided Date object is invalid. Expected Date.","name":"PrismaClientValidationError","stack":"PrismaClientValidationError: \nInvalid `prisma.user.findMany()` invocation in\nE:\\green-peddle\\gp-app\\server\\src\\modules\\admin\\admin.service.ts:97:17\n\n  94 const take = Number(limit);\n  95 \n  96 const [users, totalRecords] = await Promise.all([\n→ 97   prisma.user.findMany({\n         where: {\n           createdAt: {\n             gte: new Date(\"Invalid Date\"),\n                  ~~~~~~~~~~~~~~~~~~~~~~~~\n             lte: new Date(\"Invalid Date\")\n           }\n         },\n         select: {\n           id: true,\n           name: true,\n           email: true,\n           role: true,\n           isEmailVerified: true,\n           createdAt: true\n         },\n         orderBy: {\n           createdAt: \"desc\"\n         },\n         skip: 0,\n         take: 20\n       })\n\nInvalid value for argument `gte`: Provided Date object is invalid. Expected Date.\n    at ar (E:\\green-peddle\\gp-app\\server\\generated\\prisma\\runtime\\client.js:14:1374)\n    at e.throwValidationError (E:\\green-peddle\\gp-app\\server\\generated\\prisma\\runtime\\client.js:14:10216)\n    at Ao (E:\\green-peddle\\gp-app\\server\\generated\\prisma\\runtime\\client.js:14:7548)\n    at Co (E:\\green-peddle\\gp-app\\server\\generated\\prisma\\runtime\\client.js:14:8907)\n    at Ao (E:\\green-peddle\\gp-app\\server\\generated\\prisma\\runtime\\client.js:14:8414)\n    at Co (E:\\green-peddle\\gp-app\\server\\generated\\prisma\\runtime\\client.js:14:8907)\n    at Ao (E:\\green-peddle\\gp-app\\server\\generated\\prisma\\runtime\\client.js:14:8414)\n    at Co (E:\\green-peddle\\gp-app\\server\\generated\\prisma\\runtime\\client.js:14:8907)\n    at Et (E:\\green-peddle\\gp-app\\server\\generated\\prisma\\runtime\\client.js:14:5909)\n    at pr (E:\\green-peddle\\gp-app\\server\\generated\\prisma\\runtime\\client.js:14:5811)","timestamp":"2026-04-09T12:37:36.220Z"}
{"alpha":"","endDate":"null","level":"info","message":"Admin fetching all users with filters","role":"All","search":"","startDate":"null","status":"All","timestamp":"2026-04-09T12:37:36.223Z"}
{"clientVersion":"7.6.0","level":"error","message":"Error fetching users \nInvalid `prisma.user.findMany()` invocation in\nE:\\green-peddle\\gp-app\\server\\src\\modules\\admin\\admin.service.ts:97:17\n\n  94 const take = Number(limit);\n  95 \n  96 const [users, totalRecords] = await Promise.all([\n→ 97   prisma.user.findMany({\n         where: {\n           createdAt: {\n             gte: new Date(\"Invalid Date\"),\n                  ~~~~~~~~~~~~~~~~~~~~~~~~\n             lte: new Date(\"Invalid Date\")\n           }\n         },\n         select: {\n           id: true,\n           name: true,\n           email: true,\n           role: true,\n           isEmailVerified: true,\n           createdAt: true\n         },\n         orderBy: {\n           createdAt: \"desc\"\n         },\n         skip: 0,\n         take: 20\n       })\n\nInvalid value for argument `gte`: Provided Date object is invalid. Expected Date.","name":"PrismaClientValidationError","stack":"PrismaClientValidationError: \nInvalid `prisma.user.findMany()` invocation in\nE:\\green-peddle\\gp-app\\server\\src\\modules\\admin\\admin.service.ts:97:17\n\n  94 const take = Number(limit);\n  95 \n  96 const [users, totalRecords] = await Promise.all([\n→ 97   prisma.user.findMany({\n         where: {\n           createdAt: {\n             gte: new Date(\"Invalid Date\"),\n                  ~~~~~~~~~~~~~~~~~~~~~~~~\n             lte: new Date(\"Invalid Date\")\n           }\n         },\n         select: {\n           id: true,\n           name: true,\n           email: true,\n           role: true,\n           isEmailVerified: true,\n           createdAt: true\n         },\n         orderBy: {\n           createdAt: \"desc\"\n         },\n         skip: 0,\n         take: 20\n       })\n\nInvalid value for argument `gte`: Provided Date object is invalid. Expected Date.\n    at ar (E:\\green-peddle\\gp-app\\server\\generated\\prisma\\runtime\\client.js:14:1374)\n    at e.throwValidationError (E:\\green-peddle\\gp-app\\server\\generated\\prisma\\runtime\\client.js:14:10216)\n    at Ao (E:\\green-peddle\\gp-app\\server\\generated\\prisma\\runtime\\client.js:14:7548)\n    at Co (E:\\green-peddle\\gp-app\\server\\generated\\prisma\\runtime\\client.js:14:8907)\n    at Ao (E:\\green-peddle\\gp-app\\server\\generated\\prisma\\runtime\\client.js:14:8414)\n    at Co (E:\\green-peddle\\gp-app\\server\\generated\\prisma\\runtime\\client.js:14:8907)\n    at Ao (E:\\green-peddle\\gp-app\\server\\generated\\prisma\\runtime\\client.js:14:8414)\n    at Co (E:\\green-peddle\\gp-app\\server\\generated\\prisma\\runtime\\client.js:14:8907)\n    at Et (E:\\green-peddle\\gp-app\\server\\generated\\prisma\\runtime\\client.js:14:5909)\n    at pr (E:\\green-peddle\\gp-app\\server\\generated\\prisma\\runtime\\client.js:14:5811)","timestamp":"2026-04-09T12:37:36.225Z"}
{"alpha":"","level":"info","limit":"20","message":"Admin fetching all users with filters","page":"1","timestamp":"2026-04-09T12:37:57.811Z"}
{"alpha":"","endDate":"null","level":"info","limit":"20","message":"Admin fetching all users with filters","page":"1","role":"All","search":"","startDate":"null","status":"All","timestamp":"2026-04-09T12:37:57.817Z"}
{"clientVersion":"7.6.0","level":"error","message":"Error fetching users \nInvalid `prisma.user.findMany()` invocation in\nE:\\green-peddle\\gp-app\\server\\src\\modules\\admin\\admin.service.ts:97:17\n\n  94 const take = Number(limit);\n  95 \n  96 const [users, totalRecords] = await Promise.all([\n→ 97   prisma.user.findMany({\n         where: {\n           createdAt: {\n             gte: new Date(\"Invalid Date\"),\n                  ~~~~~~~~~~~~~~~~~~~~~~~~\n             lte: new Date(\"Invalid Date\")\n           }\n         },\n         select: {\n           id: true,\n           name: true,\n           email: true,\n           role: true,\n           isEmailVerified: true,\n           createdAt: true\n         },\n         orderBy: {\n           createdAt: \"desc\"\n         },\n         skip: 0,\n         take: 20\n       })\n\nInvalid value for argument `gte`: Provided Date object is invalid. Expected Date.","name":"PrismaClientValidationError","stack":"PrismaClientValidationError: \nInvalid `prisma.user.findMany()` invocation in\nE:\\green-peddle\\gp-app\\server\\src\\modules\\admin\\admin.service.ts:97:17\n\n  94 const take = Number(limit);\n  95 \n  96 const [users, totalRecords] = await Promise.all([\n→ 97   prisma.user.findMany({\n         where: {\n           createdAt: {\n             gte: new Date(\"Invalid Date\"),\n                  ~~~~~~~~~~~~~~~~~~~~~~~~\n             lte: new Date(\"Invalid Date\")\n           }\n         },\n         select: {\n           id: true,\n           name: true,\n           email: true,\n           role: true,\n           isEmailVerified: true,\n           createdAt: true\n         },\n         orderBy: {\n           createdAt: \"desc\"\n         },\n         skip: 0,\n         take: 20\n       })\n\nInvalid value for argument `gte`: Provided Date object is invalid. Expected Date.\n    at ar (E:\\green-peddle\\gp-app\\server\\generated\\prisma\\runtime\\client.js:14:1374)\n    at e.throwValidationError (E:\\green-peddle\\gp-app\\server\\generated\\prisma\\runtime\\client.js:14:10216)\n    at Ao (E:\\green-peddle\\gp-app\\server\\generated\\prisma\\runtime\\client.js:14:7548)\n    at Co (E:\\green-peddle\\gp-app\\server\\generated\\prisma\\runtime\\client.js:14:8907)\n    at Ao (E:\\green-peddle\\gp-app\\server\\generated\\prisma\\runtime\\client.js:14:8414)\n    at Co (E:\\green-peddle\\gp-app\\server\\generated\\prisma\\runtime\\client.js:14:8907)\n    at Ao (E:\\green-peddle\\gp-app\\server\\generated\\prisma\\runtime\\client.js:14:8414)\n    at Co (E:\\green-peddle\\gp-app\\server\\generated\\prisma\\runtime\\client.js:14:8907)\n    at Et (E:\\green-peddle\\gp-app\\server\\generated\\prisma\\runtime\\client.js:14:5909)\n    at pr (E:\\green-peddle\\gp-app\\server\\generated\\prisma\\runtime\\client.js:14:5811)","timestamp":"2026-04-09T12:37:57.818Z"}
{"alpha":"","endDate":"null","level":"info","limit":"20","message":"Admin fetching all users with filters","page":"1","role":"All","search":"","startDate":"null","status":"All","timestamp":"2026-04-09T12:37:57.824Z"}
{"clientVersion":"7.6.0","level":"error","message":"Error fetching users \nInvalid `prisma.user.findMany()` invocation in\nE:\\green-peddle\\gp-app\\server\\src\\modules\\admin\\admin.service.ts:97:17\n\n  94 const take = Number(limit);\n  95 \n  96 const [users, totalRecords] = await Promise.all([\n→ 97   prisma.user.findMany({\n         where: {\n           createdAt: {\n             gte: new Date(\"Invalid Date\"),\n                  ~~~~~~~~~~~~~~~~~~~~~~~~\n             lte: new Date(\"Invalid Date\")\n           }\n         },\n         select: {\n           id: true,\n           name: true,\n           email: true,\n           role: true,\n           isEmailVerified: true,\n           createdAt: true\n         },\n         orderBy: {\n           createdAt: \"desc\"\n         },\n         skip: 0,\n         take: 20\n       })\n\nInvalid value for argument `gte`: Provided Date object is invalid. Expected Date.","name":"PrismaClientValidationError","stack":"PrismaClientValidationError: \nInvalid `prisma.user.findMany()` invocation in\nE:\\green-peddle\\gp-app\\server\\src\\modules\\admin\\admin.service.ts:97:17\n\n  94 const take = Number(limit);\n  95 \n  96 const [users, totalRecords] = await Promise.all([\n→ 97   prisma.user.findMany({\n         where: {\n           createdAt: {\n             gte: new Date(\"Invalid Date\"),\n                  ~~~~~~~~~~~~~~~~~~~~~~~~\n             lte: new Date(\"Invalid Date\")\n           }\n         },\n         select: {\n           id: true,\n           name: true,\n           email: true,\n           role: true,\n           isEmailVerified: true,\n           createdAt: true\n         },\n         orderBy: {\n           createdAt: \"desc\"\n         },\n         skip: 0,\n         take: 20\n       })\n\nInvalid value for argument `gte`: Provided Date object is invalid. Expected Date.\n    at ar (E:\\green-peddle\\gp-app\\server\\generated\\prisma\\runtime\\client.js:14:1374)\n    at e.throwValidationError (E:\\green-peddle\\gp-app\\server\\generated\\prisma\\runtime\\client.js:14:10216)\n    at Ao (E:\\green-peddle\\gp-app\\server\\generated\\prisma\\runtime\\client.js:14:7548)\n    at Co (E:\\green-peddle\\gp-app\\server\\generated\\prisma\\runtime\\client.js:14:8907)\n    at Ao (E:\\green-peddle\\gp-app\\server\\generated\\prisma\\runtime\\client.js:14:8414)\n    at Co (E:\\green-peddle\\gp-app\\server\\generated\\prisma\\runtime\\client.js:14:8907)\n    at Ao (E:\\green-peddle\\gp-app\\server\\generated\\prisma\\runtime\\client.js:14:8414)\n    at Co (E:\\green-peddle\\gp-app\\server\\generated\\prisma\\runtime\\client.js:14:8907)\n    at Et (E:\\green-peddle\\gp-app\\server\\generated\\prisma\\runtime\\client.js:14:5909)\n    at pr (E:\\green-peddle\\gp-app\\server\\generated\\prisma\\runtime\\client.js:14:5811)","timestamp":"2026-04-09T12:37:57.826Z"}
{"alpha":"","endDate":"null","level":"info","limit":"20","message":"Admin fetching all users with filters","page":"1","role":"All","search":"","startDate":"null","status":"All","timestamp":"2026-04-09T12:37:57.832Z"}
{"clientVersion":"7.6.0","level":"error","message":"Error fetching users \nInvalid `prisma.user.findMany()` invocation in\nE:\\green-peddle\\gp-app\\server\\src\\modules\\admin\\admin.service.ts:97:17\n\n  94 const take = Number(limit);\n  95 \n  96 const [users, totalRecords] = await Promise.all([\n→ 97   prisma.user.findMany({\n         where: {\n           createdAt: {\n             gte: new Date(\"Invalid Date\"),\n                  ~~~~~~~~~~~~~~~~~~~~~~~~\n             lte: new Date(\"Invalid Date\")\n           }\n         },\n         select: {\n           id: true,\n           name: true,\n           email: true,\n           role: true,\n           isEmailVerified: true,\n           createdAt: true\n         },\n         orderBy: {\n           createdAt: \"desc\"\n         },\n         skip: 0,\n         take: 20\n       })\n\nInvalid value for argument `gte`: Provided Date object is invalid. Expected Date.","name":"PrismaClientValidationError","stack":"PrismaClientValidationError: \nInvalid `prisma.user.findMany()` invocation in\nE:\\green-peddle\\gp-app\\server\\src\\modules\\admin\\admin.service.ts:97:17\n\n  94 const take = Number(limit);\n  95 \n  96 const [users, totalRecords] = await Promise.all([\n→ 97   prisma.user.findMany({\n         where: {\n           createdAt: {\n             gte: new Date(\"Invalid Date\"),\n                  ~~~~~~~~~~~~~~~~~~~~~~~~\n             lte: new Date(\"Invalid Date\")\n           }\n         },\n         select: {\n           id: true,\n           name: true,\n           email: true,\n           role: true,\n           isEmailVerified: true,\n           createdAt: true\n         },\n         orderBy: {\n           createdAt: \"desc\"\n         },\n         skip: 0,\n         take: 20\n       })\n\nInvalid value for argument `gte`: Provided Date object is invalid. Expected Date.\n    at ar (E:\\green-peddle\\gp-app\\server\\generated\\prisma\\runtime\\client.js:14:1374)\n    at e.throwValidationError (E:\\green-peddle\\gp-app\\server\\generated\\prisma\\runtime\\client.js:14:10216)\n    at Ao (E:\\green-peddle\\gp-app\\server\\generated\\prisma\\runtime\\client.js:14:7548)\n    at Co (E:\\green-peddle\\gp-app\\server\\generated\\prisma\\runtime\\client.js:14:8907)\n    at Ao (E:\\green-peddle\\gp-app\\server\\generated\\prisma\\runtime\\client.js:14:8414)\n    at Co (E:\\green-peddle\\gp-app\\server\\generated\\prisma\\runtime\\client.js:14:8907)\n    at Ao (E:\\green-peddle\\gp-app\\server\\generated\\prisma\\runtime\\client.js:14:8414)\n    at Co (E:\\green-peddle\\gp-app\\server\\generated\\prisma\\runtime\\client.js:14:8907)\n    at Et (E:\\green-peddle\\gp-app\\server\\generated\\prisma\\runtime\\client.js:14:5909)\n    at pr (E:\\green-peddle\\gp-app\\server\\generated\\prisma\\runtime\\client.js:14:5811)","timestamp":"2026-04-09T12:37:57.834Z"}
{"alpha":"","endDate":"null","level":"info","limit":"20","message":"Admin fetching all users with filters","page":"1","role":"All","search":"","startDate":"null","status":"All","timestamp":"2026-04-09T12:37:57.883Z"}
{"clientVersion":"7.6.0","level":"error","message":"Error fetching users \nInvalid `prisma.user.findMany()` invocation in\nE:\\green-peddle\\gp-app\\server\\src\\modules\\admin\\admin.service.ts:97:17\n\n  94 const take = Number(limit);\n  95 \n  96 const [users, totalRecords] = await Promise.all([\n→ 97   prisma.user.findMany({\n         where: {\n           createdAt: {\n             gte: new Date(\"Invalid Date\"),\n                  ~~~~~~~~~~~~~~~~~~~~~~~~\n             lte: new Date(\"Invalid Date\")\n           }\n         },\n         select: {\n           id: true,\n           name: true,\n           email: true,\n           role: true,\n           isEmailVerified: true,\n           createdAt: true\n         },\n         orderBy: {\n           createdAt: \"desc\"\n         },\n         skip: 0,\n         take: 20\n       })\n\nInvalid value for argument `gte`: Provided Date object is invalid. Expected Date.","name":"PrismaClientValidationError","stack":"PrismaClientValidationError: \nInvalid `prisma.user.findMany()` invocation in\nE:\\green-peddle\\gp-app\\server\\src\\modules\\admin\\admin.service.ts:97:17\n\n  94 const take = Number(limit);\n  95 \n  96 const [users, totalRecords] = await Promise.all([\n→ 97   prisma.user.findMany({\n         where: {\n           createdAt: {\n             gte: new Date(\"Invalid Date\"),\n                  ~~~~~~~~~~~~~~~~~~~~~~~~\n             lte: new Date(\"Invalid Date\")\n           }\n         },\n         select: {\n           id: true,\n           name: true,\n           email: true,\n           role: true,\n           isEmailVerified: true,\n           createdAt: true\n         },\n         orderBy: {\n           createdAt: \"desc\"\n         },\n         skip: 0,\n         take: 20\n       })\n\nInvalid value for argument `gte`: Provided Date object is invalid. Expected Date.\n    at ar (E:\\green-peddle\\gp-app\\server\\generated\\prisma\\runtime\\client.js:14:1374)\n    at e.throwValidationError (E:\\green-peddle\\gp-app\\server\\generated\\prisma\\runtime\\client.js:14:10216)\n    at Ao (E:\\green-peddle\\gp-app\\server\\generated\\prisma\\runtime\\client.js:14:7548)\n    at Co (E:\\green-peddle\\gp-app\\server\\generated\\prisma\\runtime\\client.js:14:8907)\n    at Ao (E:\\green-peddle\\gp-app\\server\\generated\\prisma\\runtime\\client.js:14:8414)\n    at Co (E:\\green-peddle\\gp-app\\server\\generated\\prisma\\runtime\\client.js:14:8907)\n    at Ao (E:\\green-peddle\\gp-app\\server\\generated\\prisma\\runtime\\client.js:14:8414)\n    at Co (E:\\green-peddle\\gp-app\\server\\generated\\prisma\\runtime\\client.js:14:8907)\n    at Et (E:\\green-peddle\\gp-app\\server\\generated\\prisma\\runtime\\client.js:14:5909)\n    at pr (E:\\green-peddle\\gp-app\\server\\generated\\prisma\\runtime\\client.js:14:5811)","timestamp":"2026-04-09T12:37:57.886Z"}
{"alpha":"","endDate":"null","level":"info","message":"Admin fetching all users with filters","role":"All","search":"","startDate":"null","status":"All","timestamp":"2026-04-09T12:37:57.892Z"}
{"clientVersion":"7.6.0","level":"error","message":"Error fetching users \nInvalid `prisma.user.findMany()` invocation in\nE:\\green-peddle\\gp-app\\server\\src\\modules\\admin\\admin.service.ts:97:17\n\n  94 const take = Number(limit);\n  95 \n  96 const [users, totalRecords] = await Promise.all([\n→ 97   prisma.user.findMany({\n         where: {\n           createdAt: {\n             gte: new Date(\"Invalid Date\"),\n                  ~~~~~~~~~~~~~~~~~~~~~~~~\n             lte: new Date(\"Invalid Date\")\n           }\n         },\n         select: {\n           id: true,\n           name: true,\n           email: true,\n           role: true,\n           isEmailVerified: true,\n           createdAt: true\n         },\n         orderBy: {\n           createdAt: \"desc\"\n         },\n         skip: 0,\n         take: 20\n       })\n\nInvalid value for argument `gte`: Provided Date object is invalid. Expected Date.","name":"PrismaClientValidationError","stack":"PrismaClientValidationError: \nInvalid `prisma.user.findMany()` invocation in\nE:\\green-peddle\\gp-app\\server\\src\\modules\\admin\\admin.service.ts:97:17\n\n  94 const take = Number(limit);\n  95 \n  96 const [users, totalRecords] = await Promise.all([\n→ 97   prisma.user.findMany({\n         where: {\n           createdAt: {\n             gte: new Date(\"Invalid Date\"),\n                  ~~~~~~~~~~~~~~~~~~~~~~~~\n             lte: new Date(\"Invalid Date\")\n           }\n         },\n         select: {\n           id: true,\n           name: true,\n           email: true,\n           role: true,\n           isEmailVerified: true,\n           createdAt: true\n         },\n         orderBy: {\n           createdAt: \"desc\"\n         },\n         skip: 0,\n         take: 20\n       })\n\nInvalid value for argument `gte`: Provided Date object is invalid. Expected Date.\n    at ar (E:\\green-peddle\\gp-app\\server\\generated\\prisma\\runtime\\client.js:14:1374)\n    at e.throwValidationError (E:\\green-peddle\\gp-app\\server\\generated\\prisma\\runtime\\client.js:14:10216)\n    at Ao (E:\\green-peddle\\gp-app\\server\\generated\\prisma\\runtime\\client.js:14:7548)\n    at Co (E:\\green-peddle\\gp-app\\server\\generated\\prisma\\runtime\\client.js:14:8907)\n    at Ao (E:\\green-peddle\\gp-app\\server\\generated\\prisma\\runtime\\client.js:14:8414)\n    at Co (E:\\green-peddle\\gp-app\\server\\generated\\prisma\\runtime\\client.js:14:8907)\n    at Ao (E:\\green-peddle\\gp-app\\server\\generated\\prisma\\runtime\\client.js:14:8414)\n    at Co (E:\\green-peddle\\gp-app\\server\\generated\\prisma\\runtime\\client.js:14:8907)\n    at Et (E:\\green-peddle\\gp-app\\server\\generated\\prisma\\runtime\\client.js:14:5909)\n    at pr (E:\\green-peddle\\gp-app\\server\\generated\\prisma\\runtime\\client.js:14:5811)","timestamp":"2026-04-09T12:37:57.894Z"}
{"alpha":"","endDate":"null","level":"info","limit":"20","message":"Admin fetching all users with filters","page":"1","role":"All","search":"","startDate":"null","status":"All","timestamp":"2026-04-09T12:37:57.898Z"}
{"clientVersion":"7.6.0","level":"error","message":"Error fetching users \nInvalid `prisma.user.findMany()` invocation in\nE:\\green-peddle\\gp-app\\server\\src\\modules\\admin\\admin.service.ts:97:17\n\n  94 const take = Number(limit);\n  95 \n  96 const [users, totalRecords] = await Promise.all([\n→ 97   prisma.user.findMany({\n         where: {\n           createdAt: {\n             gte: new Date(\"Invalid Date\"),\n                  ~~~~~~~~~~~~~~~~~~~~~~~~\n             lte: new Date(\"Invalid Date\")\n           }\n         },\n         select: {\n           id: true,\n           name: true,\n           email: true,\n           role: true,\n           isEmailVerified: true,\n           createdAt: true\n         },\n         orderBy: {\n           createdAt: \"desc\"\n         },\n         skip: 0,\n         take: 20\n       })\n\nInvalid value for argument `gte`: Provided Date object is invalid. Expected Date.","name":"PrismaClientValidationError","stack":"PrismaClientValidationError: \nInvalid `prisma.user.findMany()` invocation in\nE:\\green-peddle\\gp-app\\server\\src\\modules\\admin\\admin.service.ts:97:17\n\n  94 const take = Number(limit);\n  95 \n  96 const [users, totalRecords] = await Promise.all([\n→ 97   prisma.user.findMany({\n         where: {\n           createdAt: {\n             gte: new Date(\"Invalid Date\"),\n                  ~~~~~~~~~~~~~~~~~~~~~~~~\n             lte: new Date(\"Invalid Date\")\n           }\n         },\n         select: {\n           id: true,\n           name: true,\n           email: true,\n           role: true,\n           isEmailVerified: true,\n           createdAt: true\n         },\n         orderBy: {\n           createdAt: \"desc\"\n         },\n         skip: 0,\n         take: 20\n       })\n\nInvalid value for argument `gte`: Provided Date object is invalid. Expected Date.\n    at ar (E:\\green-peddle\\gp-app\\server\\generated\\prisma\\runtime\\client.js:14:1374)\n    at e.throwValidationError (E:\\green-peddle\\gp-app\\server\\generated\\prisma\\runtime\\client.js:14:10216)\n    at Ao (E:\\green-peddle\\gp-app\\server\\generated\\prisma\\runtime\\client.js:14:7548)\n    at Co (E:\\green-peddle\\gp-app\\server\\generated\\prisma\\runtime\\client.js:14:8907)\n    at Ao (E:\\green-peddle\\gp-app\\server\\generated\\prisma\\runtime\\client.js:14:8414)\n    at Co (E:\\green-peddle\\gp-app\\server\\generated\\prisma\\runtime\\client.js:14:8907)\n    at Ao (E:\\green-peddle\\gp-app\\server\\generated\\prisma\\runtime\\client.js:14:8414)\n    at Co (E:\\green-peddle\\gp-app\\server\\generated\\prisma\\runtime\\client.js:14:8907)\n    at Et (E:\\green-peddle\\gp-app\\server\\generated\\prisma\\runtime\\client.js:14:5909)\n    at pr (E:\\green-peddle\\gp-app\\server\\generated\\prisma\\runtime\\client.js:14:5811)","timestamp":"2026-04-09T12:37:57.899Z"}
{"alpha":"","level":"info","limit":"20","message":"Admin fetching all users with filters","page":"1","timestamp":"2026-04-09T12:37:57.903Z"}
{"alpha":"","endDate":"null","level":"info","message":"Admin fetching all users with filters","role":"All","search":"","startDate":"null","status":"All","timestamp":"2026-04-09T12:37:57.906Z"}
{"clientVersion":"7.6.0","level":"error","message":"Error fetching users \nInvalid `prisma.user.findMany()` invocation in\nE:\\green-peddle\\gp-app\\server\\src\\modules\\admin\\admin.service.ts:97:17\n\n  94 const take = Number(limit);\n  95 \n  96 const [users, totalRecords] = await Promise.all([\n→ 97   prisma.user.findMany({\n         where: {\n           createdAt: {\n             gte: new Date(\"Invalid Date\"),\n                  ~~~~~~~~~~~~~~~~~~~~~~~~\n             lte: new Date(\"Invalid Date\")\n           }\n         },\n         select: {\n           id: true,\n           name: true,\n           email: true,\n           role: true,\n           isEmailVerified: true,\n           createdAt: true\n         },\n         orderBy: {\n           createdAt: \"desc\"\n         },\n         skip: 0,\n         take: 20\n       })\n\nInvalid value for argument `gte`: Provided Date object is invalid. Expected Date.","name":"PrismaClientValidationError","stack":"PrismaClientValidationError: \nInvalid `prisma.user.findMany()` invocation in\nE:\\green-peddle\\gp-app\\server\\src\\modules\\admin\\admin.service.ts:97:17\n\n  94 const take = Number(limit);\n  95 \n  96 const [users, totalRecords] = await Promise.all([\n→ 97   prisma.user.findMany({\n         where: {\n           createdAt: {\n             gte: new Date(\"Invalid Date\"),\n                  ~~~~~~~~~~~~~~~~~~~~~~~~\n             lte: new Date(\"Invalid Date\")\n           }\n         },\n         select: {\n           id: true,\n           name: true,\n           email: true,\n           role: true,\n           isEmailVerified: true,\n           createdAt: true\n         },\n         orderBy: {\n           createdAt: \"desc\"\n         },\n         skip: 0,\n         take: 20\n       })\n\nInvalid value for argument `gte`: Provided Date object is invalid. Expected Date.\n    at ar (E:\\green-peddle\\gp-app\\server\\generated\\prisma\\runtime\\client.js:14:1374)\n    at e.throwValidationError (E:\\green-peddle\\gp-app\\server\\generated\\prisma\\runtime\\client.js:14:10216)\n    at Ao (E:\\green-peddle\\gp-app\\server\\generated\\prisma\\runtime\\client.js:14:7548)\n    at Co (E:\\green-peddle\\gp-app\\server\\generated\\prisma\\runtime\\client.js:14:8907)\n    at Ao (E:\\green-peddle\\gp-app\\server\\generated\\prisma\\runtime\\client.js:14:8414)\n    at Co (E:\\green-peddle\\gp-app\\server\\generated\\prisma\\runtime\\client.js:14:8907)\n    at Ao (E:\\green-peddle\\gp-app\\server\\generated\\prisma\\runtime\\client.js:14:8414)\n    at Co (E:\\green-peddle\\gp-app\\server\\generated\\prisma\\runtime\\client.js:14:8907)\n    at Et (E:\\green-peddle\\gp-app\\server\\generated\\prisma\\runtime\\client.js:14:5909)\n    at pr (E:\\green-peddle\\gp-app\\server\\generated\\prisma\\runtime\\client.js:14:5811)","timestamp":"2026-04-09T12:37:57.909Z"}
{"alpha":"","endDate":"null","level":"info","limit":"20","message":"Admin fetching all users with filters","page":"1","role":"All","search":"","startDate":"null","status":"All","timestamp":"2026-04-09T12:37:57.912Z"}
{"clientVersion":"7.6.0","level":"error","message":"Error fetching users \nInvalid `prisma.user.findMany()` invocation in\nE:\\green-peddle\\gp-app\\server\\src\\modules\\admin\\admin.service.ts:97:17\n\n  94 const take = Number(limit);\n  95 \n  96 const [users, totalRecords] = await Promise.all([\n→ 97   prisma.user.findMany({\n         where: {\n           createdAt: {\n             gte: new Date(\"Invalid Date\"),\n                  ~~~~~~~~~~~~~~~~~~~~~~~~\n             lte: new Date(\"Invalid Date\")\n           }\n         },\n         select: {\n           id: true,\n           name: true,\n           email: true,\n           role: true,\n           isEmailVerified: true,\n           createdAt: true\n         },\n         orderBy: {\n           createdAt: \"desc\"\n         },\n         skip: 0,\n         take: 20\n       })\n\nInvalid value for argument `gte`: Provided Date object is invalid. Expected Date.","name":"PrismaClientValidationError","stack":"PrismaClientValidationError: \nInvalid `prisma.user.findMany()` invocation in\nE:\\green-peddle\\gp-app\\server\\src\\modules\\admin\\admin.service.ts:97:17\n\n  94 const take = Number(limit);\n  95 \n  96 const [users, totalRecords] = await Promise.all([\n→ 97   prisma.user.findMany({\n         where: {\n           createdAt: {\n             gte: new Date(\"Invalid Date\"),\n                  ~~~~~~~~~~~~~~~~~~~~~~~~\n             lte: new Date(\"Invalid Date\")\n           }\n         },\n         select: {\n           id: true,\n           name: true,\n           email: true,\n           role: true,\n           isEmailVerified: true,\n           createdAt: true\n         },\n         orderBy: {\n           createdAt: \"desc\"\n         },\n         skip: 0,\n         take: 20\n       })\n\nInvalid value for argument `gte`: Provided Date object is invalid. Expected Date.\n    at ar (E:\\green-peddle\\gp-app\\server\\generated\\prisma\\runtime\\client.js:14:1374)\n    at e.throwValidationError (E:\\green-peddle\\gp-app\\server\\generated\\prisma\\runtime\\client.js:14:10216)\n    at Ao (E:\\green-peddle\\gp-app\\server\\generated\\prisma\\runtime\\client.js:14:7548)\n    at Co (E:\\green-peddle\\gp-app\\server\\generated\\prisma\\runtime\\client.js:14:8907)\n    at Ao (E:\\green-peddle\\gp-app\\server\\generated\\prisma\\runtime\\client.js:14:8414)\n    at Co (E:\\green-peddle\\gp-app\\server\\generated\\prisma\\runtime\\client.js:14:8907)\n    at Ao (E:\\green-peddle\\gp-app\\server\\generated\\prisma\\runtime\\client.js:14:8414)\n    at Co (E:\\green-peddle\\gp-app\\server\\generated\\prisma\\runtime\\client.js:14:8907)\n    at Et (E:\\green-peddle\\gp-app\\server\\generated\\prisma\\runtime\\client.js:14:5909)\n    at pr (E:\\green-peddle\\gp-app\\server\\generated\\prisma\\runtime\\client.js:14:5811)","timestamp":"2026-04-09T12:37:57.914Z"}
{"alpha":"","endDate":"null","level":"info","message":"Admin fetching all users with filters","role":"All","search":"","startDate":"null","status":"All","timestamp":"2026-04-09T12:37:57.921Z"}
{"clientVersion":"7.6.0","level":"error","message":"Error fetching users \nInvalid `prisma.user.findMany()` invocation in\nE:\\green-peddle\\gp-app\\server\\src\\modules\\admin\\admin.service.ts:97:17\n\n  94 const take = Number(limit);\n  95 \n  96 const [users, totalRecords] = await Promise.all([\n→ 97   prisma.user.findMany({\n         where: {\n           createdAt: {\n             gte: new Date(\"Invalid Date\"),\n                  ~~~~~~~~~~~~~~~~~~~~~~~~\n             lte: new Date(\"Invalid Date\")\n           }\n         },\n         select: {\n           id: true,\n           name: true,\n           email: true,\n           role: true,\n           isEmailVerified: true,\n           createdAt: true\n         },\n         orderBy: {\n           createdAt: \"desc\"\n         },\n         skip: 0,\n         take: 20\n       })\n\nInvalid value for argument `gte`: Provided Date object is invalid. Expected Date.","name":"PrismaClientValidationError","stack":"PrismaClientValidationError: \nInvalid `prisma.user.findMany()` invocation in\nE:\\green-peddle\\gp-app\\server\\src\\modules\\admin\\admin.service.ts:97:17\n\n  94 const take = Number(limit);\n  95 \n  96 const [users, totalRecords] = await Promise.all([\n→ 97   prisma.user.findMany({\n         where: {\n           createdAt: {\n             gte: new Date(\"Invalid Date\"),\n                  ~~~~~~~~~~~~~~~~~~~~~~~~\n             lte: new Date(\"Invalid Date\")\n           }\n         },\n         select: {\n           id: true,\n           name: true,\n           email: true,\n           role: true,\n           isEmailVerified: true,\n           createdAt: true\n         },\n         orderBy: {\n           createdAt: \"desc\"\n         },\n         skip: 0,\n         take: 20\n       })\n\nInvalid value for argument `gte`: Provided Date object is invalid. Expected Date.\n    at ar (E:\\green-peddle\\gp-app\\server\\generated\\prisma\\runtime\\client.js:14:1374)\n    at e.throwValidationError (E:\\green-peddle\\gp-app\\server\\generated\\prisma\\runtime\\client.js:14:10216)\n    at Ao (E:\\green-peddle\\gp-app\\server\\generated\\prisma\\runtime\\client.js:14:7548)\n    at Co (E:\\green-peddle\\gp-app\\server\\generated\\prisma\\runtime\\client.js:14:8907)\n    at Ao (E:\\green-peddle\\gp-app\\server\\generated\\prisma\\runtime\\client.js:14:8414)\n    at Co (E:\\green-peddle\\gp-app\\server\\generated\\prisma\\runtime\\client.js:14:8907)\n    at Ao (E:\\green-peddle\\gp-app\\server\\generated\\prisma\\runtime\\client.js:14:8414)\n    at Co (E:\\green-peddle\\gp-app\\server\\generated\\prisma\\runtime\\client.js:14:8907)\n    at Et (E:\\green-peddle\\gp-app\\server\\generated\\prisma\\runtime\\client.js:14:5909)\n    at pr (E:\\green-peddle\\gp-app\\server\\generated\\prisma\\runtime\\client.js:14:5811)","timestamp":"2026-04-09T12:37:57.923Z"}
{"alpha":"","endDate":"null","level":"info","message":"Admin fetching all users with filters","role":"All","search":"","startDate":"null","status":"All","timestamp":"2026-04-09T12:37:57.927Z"}
{"clientVersion":"7.6.0","level":"error","message":"Error fetching users \nInvalid `prisma.user.findMany()` invocation in\nE:\\green-peddle\\gp-app\\server\\src\\modules\\admin\\admin.service.ts:97:17\n\n  94 const take = Number(limit);\n  95 \n  96 const [users, totalRecords] = await Promise.all([\n→ 97   prisma.user.findMany({\n         where: {\n           createdAt: {\n             gte: new Date(\"Invalid Date\"),\n                  ~~~~~~~~~~~~~~~~~~~~~~~~\n             lte: new Date(\"Invalid Date\")\n           }\n         },\n         select: {\n           id: true,\n           name: true,\n           email: true,\n           role: true,\n           isEmailVerified: true,\n           createdAt: true\n         },\n         orderBy: {\n           createdAt: \"desc\"\n         },\n         skip: 0,\n         take: 20\n       })\n\nInvalid value for argument `gte`: Provided Date object is invalid. Expected Date.","name":"PrismaClientValidationError","stack":"PrismaClientValidationError: \nInvalid `prisma.user.findMany()` invocation in\nE:\\green-peddle\\gp-app\\server\\src\\modules\\admin\\admin.service.ts:97:17\n\n  94 const take = Number(limit);\n  95 \n  96 const [users, totalRecords] = await Promise.all([\n→ 97   prisma.user.findMany({\n         where: {\n           createdAt: {\n             gte: new Date(\"Invalid Date\"),\n                  ~~~~~~~~~~~~~~~~~~~~~~~~\n             lte: new Date(\"Invalid Date\")\n           }\n         },\n         select: {\n           id: true,\n           name: true,\n           email: true,\n           role: true,\n           isEmailVerified: true,\n           createdAt: true\n         },\n         orderBy: {\n           createdAt: \"desc\"\n         },\n         skip: 0,\n         take: 20\n       })\n\nInvalid value for argument `gte`: Provided Date object is invalid. Expected Date.\n    at ar (E:\\green-peddle\\gp-app\\server\\generated\\prisma\\runtime\\client.js:14:1374)\n    at e.throwValidationError (E:\\green-peddle\\gp-app\\server\\generated\\prisma\\runtime\\client.js:14:10216)\n    at Ao (E:\\green-peddle\\gp-app\\server\\generated\\prisma\\runtime\\client.js:14:7548)\n    at Co (E:\\green-peddle\\gp-app\\server\\generated\\prisma\\runtime\\client.js:14:8907)\n    at Ao (E:\\green-peddle\\gp-app\\server\\generated\\prisma\\runtime\\client.js:14:8414)\n    at Co (E:\\green-peddle\\gp-app\\server\\generated\\prisma\\runtime\\client.js:14:8907)\n    at Ao (E:\\green-peddle\\gp-app\\server\\generated\\prisma\\runtime\\client.js:14:8414)\n    at Co (E:\\green-peddle\\gp-app\\server\\generated\\prisma\\runtime\\client.js:14:8907)\n    at Et (E:\\green-peddle\\gp-app\\server\\generated\\prisma\\runtime\\client.js:14:5909)\n    at pr (E:\\green-peddle\\gp-app\\server\\generated\\prisma\\runtime\\client.js:14:5811)","timestamp":"2026-04-09T12:37:57.932Z"}
{"alpha":"","endDate":"null","level":"info","limit":"20","message":"Admin fetching all users with filters","page":"1","role":"BUYER","search":"","startDate":"null","status":"All","timestamp":"2026-04-09T12:38:14.170Z"}
{"clientVersion":"7.6.0","level":"error","message":"Error fetching users \nInvalid `prisma.user.findMany()` invocation in\nE:\\green-peddle\\gp-app\\server\\src\\modules\\admin\\admin.service.ts:97:17\n\n  94 const take = Number(limit);\n  95 \n  96 const [users, totalRecords] = await Promise.all([\n→ 97   prisma.user.findMany({\n         where: {\n           role: \"BUYER\",\n           createdAt: {\n             gte: new Date(\"Invalid Date\"),\n                  ~~~~~~~~~~~~~~~~~~~~~~~~\n             lte: new Date(\"Invalid Date\")\n           }\n         },\n         select: {\n           id: true,\n           name: true,\n           email: true,\n           role: true,\n           isEmailVerified: true,\n           createdAt: true\n         },\n         orderBy: {\n           createdAt: \"desc\"\n         },\n         skip: 0,\n         take: 20\n       })\n\nInvalid value for argument `gte`: Provided Date object is invalid. Expected Date.","name":"PrismaClientValidationError","stack":"PrismaClientValidationError: \nInvalid `prisma.user.findMany()` invocation in\nE:\\green-peddle\\gp-app\\server\\src\\modules\\admin\\admin.service.ts:97:17\n\n  94 const take = Number(limit);\n  95 \n  96 const [users, totalRecords] = await Promise.all([\n→ 97   prisma.user.findMany({\n         where: {\n           role: \"BUYER\",\n           createdAt: {\n             gte: new Date(\"Invalid Date\"),\n                  ~~~~~~~~~~~~~~~~~~~~~~~~\n             lte: new Date(\"Invalid Date\")\n           }\n         },\n         select: {\n           id: true,\n           name: true,\n           email: true,\n           role: true,\n           isEmailVerified: true,\n           createdAt: true\n         },\n         orderBy: {\n           createdAt: \"desc\"\n         },\n         skip: 0,\n         take: 20\n       })\n\nInvalid value for argument `gte`: Provided Date object is invalid. Expected Date.\n    at ar (E:\\green-peddle\\gp-app\\server\\generated\\prisma\\runtime\\client.js:14:1374)\n    at e.throwValidationError (E:\\green-peddle\\gp-app\\server\\generated\\prisma\\runtime\\client.js:14:10216)\n    at Ao (E:\\green-peddle\\gp-app\\server\\generated\\prisma\\runtime\\client.js:14:7548)\n    at Co (E:\\green-peddle\\gp-app\\server\\generated\\prisma\\runtime\\client.js:14:8907)\n    at Ao (E:\\green-peddle\\gp-app\\server\\generated\\prisma\\runtime\\client.js:14:8414)\n    at Co (E:\\green-peddle\\gp-app\\server\\generated\\prisma\\runtime\\client.js:14:8907)\n    at Ao (E:\\green-peddle\\gp-app\\server\\generated\\prisma\\runtime\\client.js:14:8414)\n    at Co (E:\\green-peddle\\gp-app\\server\\generated\\prisma\\runtime\\client.js:14:8907)\n    at Et (E:\\green-peddle\\gp-app\\server\\generated\\prisma\\runtime\\client.js:14:5909)\n    at pr (E:\\green-peddle\\gp-app\\server\\generated\\prisma\\runtime\\client.js:14:5811)","timestamp":"2026-04-09T12:38:14.172Z"}
{"alpha":"","endDate":"null","level":"info","limit":"20","message":"Admin fetching all users with filters","page":"1","role":"BUYER","search":"","startDate":"null","status":"All","timestamp":"2026-04-09T12:38:14.262Z"}
{"clientVersion":"7.6.0","level":"error","message":"Error fetching users \nInvalid `prisma.user.findMany()` invocation in\nE:\\green-peddle\\gp-app\\server\\src\\modules\\admin\\admin.service.ts:97:17\n\n  94 const take = Number(limit);\n  95 \n  96 const [users, totalRecords] = await Promise.all([\n→ 97   prisma.user.findMany({\n         where: {\n           role: \"BUYER\",\n           createdAt: {\n             gte: new Date(\"Invalid Date\"),\n                  ~~~~~~~~~~~~~~~~~~~~~~~~\n             lte: new Date(\"Invalid Date\")\n           }\n         },\n         select: {\n           id: true,\n           name: true,\n           email: true,\n           role: true,\n           isEmailVerified: true,\n           createdAt: true\n         },\n         orderBy: {\n           createdAt: \"desc\"\n         },\n         skip: 0,\n         take: 20\n       })\n\nInvalid value for argument `gte`: Provided Date object is invalid. Expected Date.","name":"PrismaClientValidationError","stack":"PrismaClientValidationError: \nInvalid `prisma.user.findMany()` invocation in\nE:\\green-peddle\\gp-app\\server\\src\\modules\\admin\\admin.service.ts:97:17\n\n  94 const take = Number(limit);\n  95 \n  96 const [users, totalRecords] = await Promise.all([\n→ 97   prisma.user.findMany({\n         where: {\n           role: \"BUYER\",\n           createdAt: {\n             gte: new Date(\"Invalid Date\"),\n                  ~~~~~~~~~~~~~~~~~~~~~~~~\n             lte: new Date(\"Invalid Date\")\n           }\n         },\n         select: {\n           id: true,\n           name: true,\n           email: true,\n           role: true,\n           isEmailVerified: true,\n           createdAt: true\n         },\n         orderBy: {\n           createdAt: \"desc\"\n         },\n         skip: 0,\n         take: 20\n       })\n\nInvalid value for argument `gte`: Provided Date object is invalid. Expected Date.\n    at ar (E:\\green-peddle\\gp-app\\server\\generated\\prisma\\runtime\\client.js:14:1374)\n    at e.throwValidationError (E:\\green-peddle\\gp-app\\server\\generated\\prisma\\runtime\\client.js:14:10216)\n    at Ao (E:\\green-peddle\\gp-app\\server\\generated\\prisma\\runtime\\client.js:14:7548)\n    at Co (E:\\green-peddle\\gp-app\\server\\generated\\prisma\\runtime\\client.js:14:8907)\n    at Ao (E:\\green-peddle\\gp-app\\server\\generated\\prisma\\runtime\\client.js:14:8414)\n    at Co (E:\\green-peddle\\gp-app\\server\\generated\\prisma\\runtime\\client.js:14:8907)\n    at Ao (E:\\green-peddle\\gp-app\\server\\generated\\prisma\\runtime\\client.js:14:8414)\n    at Co (E:\\green-peddle\\gp-app\\server\\generated\\prisma\\runtime\\client.js:14:8907)\n    at Et (E:\\green-peddle\\gp-app\\server\\generated\\prisma\\runtime\\client.js:14:5909)\n    at pr (E:\\green-peddle\\gp-app\\server\\generated\\prisma\\runtime\\client.js:14:5811)","timestamp":"2026-04-09T12:38:14.264Z"}
{"alpha":"","endDate":"null","level":"info","message":"Admin fetching all users with filters","role":"BUYER","search":"","startDate":"null","status":"All","timestamp":"2026-04-09T12:38:14.267Z"}
{"clientVersion":"7.6.0","level":"error","message":"Error fetching users \nInvalid `prisma.user.findMany()` invocation in\nE:\\green-peddle\\gp-app\\server\\src\\modules\\admin\\admin.service.ts:97:17\n\n  94 const take = Number(limit);\n  95 \n  96 const [users, totalRecords] = await Promise.all([\n→ 97   prisma.user.findMany({\n         where: {\n           role: \"BUYER\",\n           createdAt: {\n             gte: new Date(\"Invalid Date\"),\n                  ~~~~~~~~~~~~~~~~~~~~~~~~\n             lte: new Date(\"Invalid Date\")\n           }\n         },\n         select: {\n           id: true,\n           name: true,\n           email: true,\n           role: true,\n           isEmailVerified: true,\n           createdAt: true\n         },\n         orderBy: {\n           createdAt: \"desc\"\n         },\n         skip: 0,\n         take: 20\n       })\n\nInvalid value for argument `gte`: Provided Date object is invalid. Expected Date.","name":"PrismaClientValidationError","stack":"PrismaClientValidationError: \nInvalid `prisma.user.findMany()` invocation in\nE:\\green-peddle\\gp-app\\server\\src\\modules\\admin\\admin.service.ts:97:17\n\n  94 const take = Number(limit);\n  95 \n  96 const [users, totalRecords] = await Promise.all([\n→ 97   prisma.user.findMany({\n         where: {\n           role: \"BUYER\",\n           createdAt: {\n             gte: new Date(\"Invalid Date\"),\n                  ~~~~~~~~~~~~~~~~~~~~~~~~\n             lte: new Date(\"Invalid Date\")\n           }\n         },\n         select: {\n           id: true,\n           name: true,\n           email: true,\n           role: true,\n           isEmailVerified: true,\n           createdAt: true\n         },\n         orderBy: {\n           createdAt: \"desc\"\n         },\n         skip: 0,\n         take: 20\n       })\n\nInvalid value for argument `gte`: Provided Date object is invalid. Expected Date.\n    at ar (E:\\green-peddle\\gp-app\\server\\generated\\prisma\\runtime\\client.js:14:1374)\n    at e.throwValidationError (E:\\green-peddle\\gp-app\\server\\generated\\prisma\\runtime\\client.js:14:10216)\n    at Ao (E:\\green-peddle\\gp-app\\server\\generated\\prisma\\runtime\\client.js:14:7548)\n    at Co (E:\\green-peddle\\gp-app\\server\\generated\\prisma\\runtime\\client.js:14:8907)\n    at Ao (E:\\green-peddle\\gp-app\\server\\generated\\prisma\\runtime\\client.js:14:8414)\n    at Co (E:\\green-peddle\\gp-app\\server\\generated\\prisma\\runtime\\client.js:14:8907)\n    at Ao (E:\\green-peddle\\gp-app\\server\\generated\\prisma\\runtime\\client.js:14:8414)\n    at Co (E:\\green-peddle\\gp-app\\server\\generated\\prisma\\runtime\\client.js:14:8907)\n    at Et (E:\\green-peddle\\gp-app\\server\\generated\\prisma\\runtime\\client.js:14:5909)\n    at pr (E:\\green-peddle\\gp-app\\server\\generated\\prisma\\runtime\\client.js:14:5811)","timestamp":"2026-04-09T12:38:14.269Z"}
{"alpha":"","level":"info","limit":"20","message":"Admin fetching all users with filters","page":"1","timestamp":"2026-04-09T12:43:38.370Z"}
{"alpha":"","endDate":"null","level":"info","limit":"20","message":"Admin fetching all users with filters","page":"1","role":"All","search":"","startDate":"null","status":"All","timestamp":"2026-04-09T12:43:38.374Z"}
{"clientVersion":"7.6.0","level":"error","message":"Error fetching users \nInvalid `prisma.user.findMany()` invocation in\nE:\\green-peddle\\gp-app\\server\\src\\modules\\admin\\admin.service.ts:97:17\n\n  94 const take = Number(limit);\n  95 \n  96 const [users, totalRecords] = await Promise.all([\n→ 97   prisma.user.findMany({\n         where: {\n           createdAt: {\n             gte: new Date(\"Invalid Date\"),\n                  ~~~~~~~~~~~~~~~~~~~~~~~~\n             lte: new Date(\"Invalid Date\")\n           }\n         },\n         select: {\n           id: true,\n           name: true,\n           email: true,\n           role: true,\n           isEmailVerified: true,\n           createdAt: true\n         },\n         orderBy: {\n           createdAt: \"desc\"\n         },\n         skip: 0,\n         take: 20\n       })\n\nInvalid value for argument `gte`: Provided Date object is invalid. Expected Date.","name":"PrismaClientValidationError","stack":"PrismaClientValidationError: \nInvalid `prisma.user.findMany()` invocation in\nE:\\green-peddle\\gp-app\\server\\src\\modules\\admin\\admin.service.ts:97:17\n\n  94 const take = Number(limit);\n  95 \n  96 const [users, totalRecords] = await Promise.all([\n→ 97   prisma.user.findMany({\n         where: {\n           createdAt: {\n             gte: new Date(\"Invalid Date\"),\n                  ~~~~~~~~~~~~~~~~~~~~~~~~\n             lte: new Date(\"Invalid Date\")\n           }\n         },\n         select: {\n           id: true,\n           name: true,\n           email: true,\n           role: true,\n           isEmailVerified: true,\n           createdAt: true\n         },\n         orderBy: {\n           createdAt: \"desc\"\n         },\n         skip: 0,\n         take: 20\n       })\n\nInvalid value for argument `gte`: Provided Date object is invalid. Expected Date.\n    at ar (E:\\green-peddle\\gp-app\\server\\generated\\prisma\\runtime\\client.js:14:1374)\n    at e.throwValidationError (E:\\green-peddle\\gp-app\\server\\generated\\prisma\\runtime\\client.js:14:10216)\n    at Ao (E:\\green-peddle\\gp-app\\server\\generated\\prisma\\runtime\\client.js:14:7548)\n    at Co (E:\\green-peddle\\gp-app\\server\\generated\\prisma\\runtime\\client.js:14:8907)\n    at Ao (E:\\green-peddle\\gp-app\\server\\generated\\prisma\\runtime\\client.js:14:8414)\n    at Co (E:\\green-peddle\\gp-app\\server\\generated\\prisma\\runtime\\client.js:14:8907)\n    at Ao (E:\\green-peddle\\gp-app\\server\\generated\\prisma\\runtime\\client.js:14:8414)\n    at Co (E:\\green-peddle\\gp-app\\server\\generated\\prisma\\runtime\\client.js:14:8907)\n    at Et (E:\\green-peddle\\gp-app\\server\\generated\\prisma\\runtime\\client.js:14:5909)\n    at pr (E:\\green-peddle\\gp-app\\server\\generated\\prisma\\runtime\\client.js:14:5811)","timestamp":"2026-04-09T12:43:38.376Z"}
{"alpha":"","endDate":"null","level":"info","limit":"20","message":"Admin fetching all users with filters","page":"1","role":"All","search":"","startDate":"null","status":"All","timestamp":"2026-04-09T12:43:38.381Z"}
{"clientVersion":"7.6.0","level":"error","message":"Error fetching users \nInvalid `prisma.user.findMany()` invocation in\nE:\\green-peddle\\gp-app\\server\\src\\modules\\admin\\admin.service.ts:97:17\n\n  94 const take = Number(limit);\n  95 \n  96 const [users, totalRecords] = await Promise.all([\n→ 97   prisma.user.findMany({\n         where: {\n           createdAt: {\n             gte: new Date(\"Invalid Date\"),\n                  ~~~~~~~~~~~~~~~~~~~~~~~~\n             lte: new Date(\"Invalid Date\")\n           }\n         },\n         select: {\n           id: true,\n           name: true,\n           email: true,\n           role: true,\n           isEmailVerified: true,\n           createdAt: true\n         },\n         orderBy: {\n           createdAt: \"desc\"\n         },\n         skip: 0,\n         take: 20\n       })\n\nInvalid value for argument `gte`: Provided Date object is invalid. Expected Date.","name":"PrismaClientValidationError","stack":"PrismaClientValidationError: \nInvalid `prisma.user.findMany()` invocation in\nE:\\green-peddle\\gp-app\\server\\src\\modules\\admin\\admin.service.ts:97:17\n\n  94 const take = Number(limit);\n  95 \n  96 const [users, totalRecords] = await Promise.all([\n→ 97   prisma.user.findMany({\n         where: {\n           createdAt: {\n             gte: new Date(\"Invalid Date\"),\n                  ~~~~~~~~~~~~~~~~~~~~~~~~\n             lte: new Date(\"Invalid Date\")\n           }\n         },\n         select: {\n           id: true,\n           name: true,\n           email: true,\n           role: true,\n           isEmailVerified: true,\n           createdAt: true\n         },\n         orderBy: {\n           createdAt: \"desc\"\n         },\n         skip: 0,\n         take: 20\n       })\n\nInvalid value for argument `gte`: Provided Date object is invalid. Expected Date.\n    at ar (E:\\green-peddle\\gp-app\\server\\generated\\prisma\\runtime\\client.js:14:1374)\n    at e.throwValidationError (E:\\green-peddle\\gp-app\\server\\generated\\prisma\\runtime\\client.js:14:10216)\n    at Ao (E:\\green-peddle\\gp-app\\server\\generated\\prisma\\runtime\\client.js:14:7548)\n    at Co (E:\\green-peddle\\gp-app\\server\\generated\\prisma\\runtime\\client.js:14:8907)\n    at Ao (E:\\green-peddle\\gp-app\\server\\generated\\prisma\\runtime\\client.js:14:8414)\n    at Co (E:\\green-peddle\\gp-app\\server\\generated\\prisma\\runtime\\client.js:14:8907)\n    at Ao (E:\\green-peddle\\gp-app\\server\\generated\\prisma\\runtime\\client.js:14:8414)\n    at Co (E:\\green-peddle\\gp-app\\server\\generated\\prisma\\runtime\\client.js:14:8907)\n    at Et (E:\\green-peddle\\gp-app\\server\\generated\\prisma\\runtime\\client.js:14:5909)\n    at pr (E:\\green-peddle\\gp-app\\server\\generated\\prisma\\runtime\\client.js:14:5811)","timestamp":"2026-04-09T12:43:38.383Z"}
{"alpha":"","endDate":"null","level":"info","message":"Admin fetching all users with filters","role":"All","search":"","startDate":"null","status":"All","timestamp":"2026-04-09T12:43:38.402Z"}
{"clientVersion":"7.6.0","level":"error","message":"Error fetching users \nInvalid `prisma.user.findMany()` invocation in\nE:\\green-peddle\\gp-app\\server\\src\\modules\\admin\\admin.service.ts:97:17\n\n  94 const take = Number(limit);\n  95 \n  96 const [users, totalRecords] = await Promise.all([\n→ 97   prisma.user.findMany({\n         where: {\n           createdAt: {\n             gte: new Date(\"Invalid Date\"),\n                  ~~~~~~~~~~~~~~~~~~~~~~~~\n             lte: new Date(\"Invalid Date\")\n           }\n         },\n         select: {\n           id: true,\n           name: true,\n           email: true,\n           role: true,\n           isEmailVerified: true,\n           createdAt: true\n         },\n         orderBy: {\n           createdAt: \"desc\"\n         },\n         skip: 0,\n         take: 20\n       })\n\nInvalid value for argument `gte`: Provided Date object is invalid. Expected Date.","name":"PrismaClientValidationError","stack":"PrismaClientValidationError: \nInvalid `prisma.user.findMany()` invocation in\nE:\\green-peddle\\gp-app\\server\\src\\modules\\admin\\admin.service.ts:97:17\n\n  94 const take = Number(limit);\n  95 \n  96 const [users, totalRecords] = await Promise.all([\n→ 97   prisma.user.findMany({\n         where: {\n           createdAt: {\n             gte: new Date(\"Invalid Date\"),\n                  ~~~~~~~~~~~~~~~~~~~~~~~~\n             lte: new Date(\"Invalid Date\")\n           }\n         },\n         select: {\n           id: true,\n           name: true,\n           email: true,\n           role: true,\n           isEmailVerified: true,\n           createdAt: true\n         },\n         orderBy: {\n           createdAt: \"desc\"\n         },\n         skip: 0,\n         take: 20\n       })\n\nInvalid value for argument `gte`: Provided Date object is invalid. Expected Date.\n    at ar (E:\\green-peddle\\gp-app\\server\\generated\\prisma\\runtime\\client.js:14:1374)\n    at e.throwValidationError (E:\\green-peddle\\gp-app\\server\\generated\\prisma\\runtime\\client.js:14:10216)\n    at Ao (E:\\green-peddle\\gp-app\\server\\generated\\prisma\\runtime\\client.js:14:7548)\n    at Co (E:\\green-peddle\\gp-app\\server\\generated\\prisma\\runtime\\client.js:14:8907)\n    at Ao (E:\\green-peddle\\gp-app\\server\\generated\\prisma\\runtime\\client.js:14:8414)\n    at Co (E:\\green-peddle\\gp-app\\server\\generated\\prisma\\runtime\\client.js:14:8907)\n    at Ao (E:\\green-peddle\\gp-app\\server\\generated\\prisma\\runtime\\client.js:14:8414)\n    at Co (E:\\green-peddle\\gp-app\\server\\generated\\prisma\\runtime\\client.js:14:8907)\n    at Et (E:\\green-peddle\\gp-app\\server\\generated\\prisma\\runtime\\client.js:14:5909)\n    at pr (E:\\green-peddle\\gp-app\\server\\generated\\prisma\\runtime\\client.js:14:5811)","timestamp":"2026-04-09T12:43:38.404Z"}
{"alpha":"","endDate":"null","level":"info","limit":"20","message":"Admin fetching all users with filters","page":"1","role":"All","search":"","startDate":"null","status":"All","timestamp":"2026-04-09T12:43:38.409Z"}
{"clientVersion":"7.6.0","level":"error","message":"Error fetching users \nInvalid `prisma.user.findMany()` invocation in\nE:\\green-peddle\\gp-app\\server\\src\\modules\\admin\\admin.service.ts:97:17\n\n  94 const take = Number(limit);\n  95 \n  96 const [users, totalRecords] = await Promise.all([\n→ 97   prisma.user.findMany({\n         where: {\n           createdAt: {\n             gte: new Date(\"Invalid Date\"),\n                  ~~~~~~~~~~~~~~~~~~~~~~~~\n             lte: new Date(\"Invalid Date\")\n           }\n         },\n         select: {\n           id: true,\n           name: true,\n           email: true,\n           role: true,\n           isEmailVerified: true,\n           createdAt: true\n         },\n         orderBy: {\n           createdAt: \"desc\"\n         },\n         skip: 0,\n         take: 20\n       })\n\nInvalid value for argument `gte`: Provided Date object is invalid. Expected Date.","name":"PrismaClientValidationError","stack":"PrismaClientValidationError: \nInvalid `prisma.user.findMany()` invocation in\nE:\\green-peddle\\gp-app\\server\\src\\modules\\admin\\admin.service.ts:97:17\n\n  94 const take = Number(limit);\n  95 \n  96 const [users, totalRecords] = await Promise.all([\n→ 97   prisma.user.findMany({\n         where: {\n           createdAt: {\n             gte: new Date(\"Invalid Date\"),\n                  ~~~~~~~~~~~~~~~~~~~~~~~~\n             lte: new Date(\"Invalid Date\")\n           }\n         },\n         select: {\n           id: true,\n           name: true,\n           email: true,\n           role: true,\n           isEmailVerified: true,\n           createdAt: true\n         },\n         orderBy: {\n           createdAt: \"desc\"\n         },\n         skip: 0,\n         take: 20\n       })\n\nInvalid value for argument `gte`: Provided Date object is invalid. Expected Date.\n    at ar (E:\\green-peddle\\gp-app\\server\\generated\\prisma\\runtime\\client.js:14:1374)\n    at e.throwValidationError (E:\\green-peddle\\gp-app\\server\\generated\\prisma\\runtime\\client.js:14:10216)\n    at Ao (E:\\green-peddle\\gp-app\\server\\generated\\prisma\\runtime\\client.js:14:7548)\n    at Co (E:\\green-peddle\\gp-app\\server\\generated\\prisma\\runtime\\client.js:14:8907)\n    at Ao (E:\\green-peddle\\gp-app\\server\\generated\\prisma\\runtime\\client.js:14:8414)\n    at Co (E:\\green-peddle\\gp-app\\server\\generated\\prisma\\runtime\\client.js:14:8907)\n    at Ao (E:\\green-peddle\\gp-app\\server\\generated\\prisma\\runtime\\client.js:14:8414)\n    at Co (E:\\green-peddle\\gp-app\\server\\generated\\prisma\\runtime\\client.js:14:8907)\n    at Et (E:\\green-peddle\\gp-app\\server\\generated\\prisma\\runtime\\client.js:14:5909)\n    at pr (E:\\green-peddle\\gp-app\\server\\generated\\prisma\\runtime\\client.js:14:5811)","timestamp":"2026-04-09T12:43:38.413Z"}
{"alpha":"","endDate":"null","level":"info","message":"Admin fetching all users with filters","role":"All","search":"","startDate":"null","status":"All","timestamp":"2026-04-09T12:43:38.417Z"}
{"clientVersion":"7.6.0","level":"error","message":"Error fetching users \nInvalid `prisma.user.findMany()` invocation in\nE:\\green-peddle\\gp-app\\server\\src\\modules\\admin\\admin.service.ts:97:17\n\n  94 const take = Number(limit);\n  95 \n  96 const [users, totalRecords] = await Promise.all([\n→ 97   prisma.user.findMany({\n         where: {\n           createdAt: {\n             gte: new Date(\"Invalid Date\"),\n                  ~~~~~~~~~~~~~~~~~~~~~~~~\n             lte: new Date(\"Invalid Date\")\n           }\n         },\n         select: {\n           id: true,\n           name: true,\n           email: true,\n           role: true,\n           isEmailVerified: true,\n           createdAt: true\n         },\n         orderBy: {\n           createdAt: \"desc\"\n         },\n         skip: 0,\n         take: 20\n       })\n\nInvalid value for argument `gte`: Provided Date object is invalid. Expected Date.","name":"PrismaClientValidationError","stack":"PrismaClientValidationError: \nInvalid `prisma.user.findMany()` invocation in\nE:\\green-peddle\\gp-app\\server\\src\\modules\\admin\\admin.service.ts:97:17\n\n  94 const take = Number(limit);\n  95 \n  96 const [users, totalRecords] = await Promise.all([\n→ 97   prisma.user.findMany({\n         where: {\n           createdAt: {\n             gte: new Date(\"Invalid Date\"),\n                  ~~~~~~~~~~~~~~~~~~~~~~~~\n             lte: new Date(\"Invalid Date\")\n           }\n         },\n         select: {\n           id: true,\n           name: true,\n           email: true,\n           role: true,\n           isEmailVerified: true,\n           createdAt: true\n         },\n         orderBy: {\n           createdAt: \"desc\"\n         },\n         skip: 0,\n         take: 20\n       })\n\nInvalid value for argument `gte`: Provided Date object is invalid. Expected Date.\n    at ar (E:\\green-peddle\\gp-app\\server\\generated\\prisma\\runtime\\client.js:14:1374)\n    at e.throwValidationError (E:\\green-peddle\\gp-app\\server\\generated\\prisma\\runtime\\client.js:14:10216)\n    at Ao (E:\\green-peddle\\gp-app\\server\\generated\\prisma\\runtime\\client.js:14:7548)\n    at Co (E:\\green-peddle\\gp-app\\server\\generated\\prisma\\runtime\\client.js:14:8907)\n    at Ao (E:\\green-peddle\\gp-app\\server\\generated\\prisma\\runtime\\client.js:14:8414)\n    at Co (E:\\green-peddle\\gp-app\\server\\generated\\prisma\\runtime\\client.js:14:8907)\n    at Ao (E:\\green-peddle\\gp-app\\server\\generated\\prisma\\runtime\\client.js:14:8414)\n    at Co (E:\\green-peddle\\gp-app\\server\\generated\\prisma\\runtime\\client.js:14:8907)\n    at Et (E:\\green-peddle\\gp-app\\server\\generated\\prisma\\runtime\\client.js:14:5909)\n    at pr (E:\\green-peddle\\gp-app\\server\\generated\\prisma\\runtime\\client.js:14:5811)","timestamp":"2026-04-09T12:43:38.419Z"}
{"alpha":"","endDate":"null","level":"info","limit":"20","message":"Admin fetching all users with filters","page":"1","role":"All","search":"","startDate":"null","status":"All","timestamp":"2026-04-09T12:43:38.423Z"}
{"clientVersion":"7.6.0","level":"error","message":"Error fetching users \nInvalid `prisma.user.findMany()` invocation in\nE:\\green-peddle\\gp-app\\server\\src\\modules\\admin\\admin.service.ts:97:17\n\n  94 const take = Number(limit);\n  95 \n  96 const [users, totalRecords] = await Promise.all([\n→ 97   prisma.user.findMany({\n         where: {\n           createdAt: {\n             gte: new Date(\"Invalid Date\"),\n                  ~~~~~~~~~~~~~~~~~~~~~~~~\n             lte: new Date(\"Invalid Date\")\n           }\n         },\n         select: {\n           id: true,\n           name: true,\n           email: true,\n           role: true,\n           isEmailVerified: true,\n           createdAt: true\n         },\n         orderBy: {\n           createdAt: \"desc\"\n         },\n         skip: 0,\n         take: 20\n       })\n\nInvalid value for argument `gte`: Provided Date object is invalid. Expected Date.","name":"PrismaClientValidationError","stack":"PrismaClientValidationError: \nInvalid `prisma.user.findMany()` invocation in\nE:\\green-peddle\\gp-app\\server\\src\\modules\\admin\\admin.service.ts:97:17\n\n  94 const take = Number(limit);\n  95 \n  96 const [users, totalRecords] = await Promise.all([\n→ 97   prisma.user.findMany({\n         where: {\n           createdAt: {\n             gte: new Date(\"Invalid Date\"),\n                  ~~~~~~~~~~~~~~~~~~~~~~~~\n             lte: new Date(\"Invalid Date\")\n           }\n         },\n         select: {\n           id: true,\n           name: true,\n           email: true,\n           role: true,\n           isEmailVerified: true,\n           createdAt: true\n         },\n         orderBy: {\n           createdAt: \"desc\"\n         },\n         skip: 0,\n         take: 20\n       })\n\nInvalid value for argument `gte`: Provided Date object is invalid. Expected Date.\n    at ar (E:\\green-peddle\\gp-app\\server\\generated\\prisma\\runtime\\client.js:14:1374)\n    at e.throwValidationError (E:\\green-peddle\\gp-app\\server\\generated\\prisma\\runtime\\client.js:14:10216)\n    at Ao (E:\\green-peddle\\gp-app\\server\\generated\\prisma\\runtime\\client.js:14:7548)\n    at Co (E:\\green-peddle\\gp-app\\server\\generated\\prisma\\runtime\\client.js:14:8907)\n    at Ao (E:\\green-peddle\\gp-app\\server\\generated\\prisma\\runtime\\client.js:14:8414)\n    at Co (E:\\green-peddle\\gp-app\\server\\generated\\prisma\\runtime\\client.js:14:8907)\n    at Ao (E:\\green-peddle\\gp-app\\server\\generated\\prisma\\runtime\\client.js:14:8414)\n    at Co (E:\\green-peddle\\gp-app\\server\\generated\\prisma\\runtime\\client.js:14:8907)\n    at Et (E:\\green-peddle\\gp-app\\server\\generated\\prisma\\runtime\\client.js:14:5909)\n    at pr (E:\\green-peddle\\gp-app\\server\\generated\\prisma\\runtime\\client.js:14:5811)","timestamp":"2026-04-09T12:43:38.425Z"}
{"alpha":"","endDate":"null","level":"info","message":"Admin fetching all users with filters","role":"All","search":"","startDate":"null","status":"All","timestamp":"2026-04-09T12:43:38.430Z"}
{"clientVersion":"7.6.0","level":"error","message":"Error fetching users \nInvalid `prisma.user.findMany()` invocation in\nE:\\green-peddle\\gp-app\\server\\src\\modules\\admin\\admin.service.ts:97:17\n\n  94 const take = Number(limit);\n  95 \n  96 const [users, totalRecords] = await Promise.all([\n→ 97   prisma.user.findMany({\n         where: {\n           createdAt: {\n             gte: new Date(\"Invalid Date\"),\n                  ~~~~~~~~~~~~~~~~~~~~~~~~\n             lte: new Date(\"Invalid Date\")\n           }\n         },\n         select: {\n           id: true,\n           name: true,\n           email: true,\n           role: true,\n           isEmailVerified: true,\n           createdAt: true\n         },\n         orderBy: {\n           createdAt: \"desc\"\n         },\n         skip: 0,\n         take: 20\n       })\n\nInvalid value for argument `gte`: Provided Date object is invalid. Expected Date.","name":"PrismaClientValidationError","stack":"PrismaClientValidationError: \nInvalid `prisma.user.findMany()` invocation in\nE:\\green-peddle\\gp-app\\server\\src\\modules\\admin\\admin.service.ts:97:17\n\n  94 const take = Number(limit);\n  95 \n  96 const [users, totalRecords] = await Promise.all([\n→ 97   prisma.user.findMany({\n         where: {\n           createdAt: {\n             gte: new Date(\"Invalid Date\"),\n                  ~~~~~~~~~~~~~~~~~~~~~~~~\n             lte: new Date(\"Invalid Date\")\n           }\n         },\n         select: {\n           id: true,\n           name: true,\n           email: true,\n           role: true,\n           isEmailVerified: true,\n           createdAt: true\n         },\n         orderBy: {\n           createdAt: \"desc\"\n         },\n         skip: 0,\n         take: 20\n       })\n\nInvalid value for argument `gte`: Provided Date object is invalid. Expected Date.\n    at ar (E:\\green-peddle\\gp-app\\server\\generated\\prisma\\runtime\\client.js:14:1374)\n    at e.throwValidationError (E:\\green-peddle\\gp-app\\server\\generated\\prisma\\runtime\\client.js:14:10216)\n    at Ao (E:\\green-peddle\\gp-app\\server\\generated\\prisma\\runtime\\client.js:14:7548)\n    at Co (E:\\green-peddle\\gp-app\\server\\generated\\prisma\\runtime\\client.js:14:8907)\n    at Ao (E:\\green-peddle\\gp-app\\server\\generated\\prisma\\runtime\\client.js:14:8414)\n    at Co (E:\\green-peddle\\gp-app\\server\\generated\\prisma\\runtime\\client.js:14:8907)\n    at Ao (E:\\green-peddle\\gp-app\\server\\generated\\prisma\\runtime\\client.js:14:8414)\n    at Co (E:\\green-peddle\\gp-app\\server\\generated\\prisma\\runtime\\client.js:14:8907)\n    at Et (E:\\green-peddle\\gp-app\\server\\generated\\prisma\\runtime\\client.js:14:5909)\n    at pr (E:\\green-peddle\\gp-app\\server\\generated\\prisma\\runtime\\client.js:14:5811)","timestamp":"2026-04-09T12:43:38.431Z"}
{"alpha":"","endDate":"null","level":"info","limit":"20","message":"Admin fetching all users with filters","page":"1","role":"All","search":"","startDate":"null","status":"All","timestamp":"2026-04-09T12:43:38.434Z"}
{"clientVersion":"7.6.0","level":"error","message":"Error fetching users \nInvalid `prisma.user.findMany()` invocation in\nE:\\green-peddle\\gp-app\\server\\src\\modules\\admin\\admin.service.ts:97:17\n\n  94 const take = Number(limit);\n  95 \n  96 const [users, totalRecords] = await Promise.all([\n→ 97   prisma.user.findMany({\n         where: {\n           createdAt: {\n             gte: new Date(\"Invalid Date\"),\n                  ~~~~~~~~~~~~~~~~~~~~~~~~\n             lte: new Date(\"Invalid Date\")\n           }\n         },\n         select: {\n           id: true,\n           name: true,\n           email: true,\n           role: true,\n           isEmailVerified: true,\n           createdAt: true\n         },\n         orderBy: {\n           createdAt: \"desc\"\n         },\n         skip: 0,\n         take: 20\n       })\n\nInvalid value for argument `gte`: Provided Date object is invalid. Expected Date.","name":"PrismaClientValidationError","stack":"PrismaClientValidationError: \nInvalid `prisma.user.findMany()` invocation in\nE:\\green-peddle\\gp-app\\server\\src\\modules\\admin\\admin.service.ts:97:17\n\n  94 const take = Number(limit);\n  95 \n  96 const [users, totalRecords] = await Promise.all([\n→ 97   prisma.user.findMany({\n         where: {\n           createdAt: {\n             gte: new Date(\"Invalid Date\"),\n                  ~~~~~~~~~~~~~~~~~~~~~~~~\n             lte: new Date(\"Invalid Date\")\n           }\n         },\n         select: {\n           id: true,\n           name: true,\n           email: true,\n           role: true,\n           isEmailVerified: true,\n           createdAt: true\n         },\n         orderBy: {\n           createdAt: \"desc\"\n         },\n         skip: 0,\n         take: 20\n       })\n\nInvalid value for argument `gte`: Provided Date object is invalid. Expected Date.\n    at ar (E:\\green-peddle\\gp-app\\server\\generated\\prisma\\runtime\\client.js:14:1374)\n    at e.throwValidationError (E:\\green-peddle\\gp-app\\server\\generated\\prisma\\runtime\\client.js:14:10216)\n    at Ao (E:\\green-peddle\\gp-app\\server\\generated\\prisma\\runtime\\client.js:14:7548)\n    at Co (E:\\green-peddle\\gp-app\\server\\generated\\prisma\\runtime\\client.js:14:8907)\n    at Ao (E:\\green-peddle\\gp-app\\server\\generated\\prisma\\runtime\\client.js:14:8414)\n    at Co (E:\\green-peddle\\gp-app\\server\\generated\\prisma\\runtime\\client.js:14:8907)\n    at Ao (E:\\green-peddle\\gp-app\\server\\generated\\prisma\\runtime\\client.js:14:8414)\n    at Co (E:\\green-peddle\\gp-app\\server\\generated\\prisma\\runtime\\client.js:14:8907)\n    at Et (E:\\green-peddle\\gp-app\\server\\generated\\prisma\\runtime\\client.js:14:5909)\n    at pr (E:\\green-peddle\\gp-app\\server\\generated\\prisma\\runtime\\client.js:14:5811)","timestamp":"2026-04-09T12:43:38.437Z"}
{"alpha":"","endDate":"null","level":"info","limit":"20","message":"Admin fetching all users with filters","page":"1","role":"All","search":"","startDate":"null","status":"All","timestamp":"2026-04-09T12:43:38.441Z"}
{"clientVersion":"7.6.0","level":"error","message":"Error fetching users \nInvalid `prisma.user.findMany()` invocation in\nE:\\green-peddle\\gp-app\\server\\src\\modules\\admin\\admin.service.ts:97:17\n\n  94 const take = Number(limit);\n  95 \n  96 const [users, totalRecords] = await Promise.all([\n→ 97   prisma.user.findMany({\n         where: {\n           createdAt: {\n             gte: new Date(\"Invalid Date\"),\n                  ~~~~~~~~~~~~~~~~~~~~~~~~\n             lte: new Date(\"Invalid Date\")\n           }\n         },\n         select: {\n           id: true,\n           name: true,\n           email: true,\n           role: true,\n           isEmailVerified: true,\n           createdAt: true\n         },\n         orderBy: {\n           createdAt: \"desc\"\n         },\n         skip: 0,\n         take: 20\n       })\n\nInvalid value for argument `gte`: Provided Date object is invalid. Expected Date.","name":"PrismaClientValidationError","stack":"PrismaClientValidationError: \nInvalid `prisma.user.findMany()` invocation in\nE:\\green-peddle\\gp-app\\server\\src\\modules\\admin\\admin.service.ts:97:17\n\n  94 const take = Number(limit);\n  95 \n  96 const [users, totalRecords] = await Promise.all([\n→ 97   prisma.user.findMany({\n         where: {\n           createdAt: {\n             gte: new Date(\"Invalid Date\"),\n                  ~~~~~~~~~~~~~~~~~~~~~~~~\n             lte: new Date(\"Invalid Date\")\n           }\n         },\n         select: {\n           id: true,\n           name: true,\n           email: true,\n           role: true,\n           isEmailVerified: true,\n           createdAt: true\n         },\n         orderBy: {\n           createdAt: \"desc\"\n         },\n         skip: 0,\n         take: 20\n       })\n\nInvalid value for argument `gte`: Provided Date object is invalid. Expected Date.\n    at ar (E:\\green-peddle\\gp-app\\server\\generated\\prisma\\runtime\\client.js:14:1374)\n    at e.throwValidationError (E:\\green-peddle\\gp-app\\server\\generated\\prisma\\runtime\\client.js:14:10216)\n    at Ao (E:\\green-peddle\\gp-app\\server\\generated\\prisma\\runtime\\client.js:14:7548)\n    at Co (E:\\green-peddle\\gp-app\\server\\generated\\prisma\\runtime\\client.js:14:8907)\n    at Ao (E:\\green-peddle\\gp-app\\server\\generated\\prisma\\runtime\\client.js:14:8414)\n    at Co (E:\\green-peddle\\gp-app\\server\\generated\\prisma\\runtime\\client.js:14:8907)\n    at Ao (E:\\green-peddle\\gp-app\\server\\generated\\prisma\\runtime\\client.js:14:8414)\n    at Co (E:\\green-peddle\\gp-app\\server\\generated\\prisma\\runtime\\client.js:14:8907)\n    at Et (E:\\green-peddle\\gp-app\\server\\generated\\prisma\\runtime\\client.js:14:5909)\n    at pr (E:\\green-peddle\\gp-app\\server\\generated\\prisma\\runtime\\client.js:14:5811)","timestamp":"2026-04-09T12:43:38.444Z"}
{"alpha":"","endDate":"null","level":"info","message":"Admin fetching all users with filters","role":"All","search":"","startDate":"null","status":"All","timestamp":"2026-04-09T12:43:38.489Z"}
{"clientVersion":"7.6.0","level":"error","message":"Error fetching users \nInvalid `prisma.user.findMany()` invocation in\nE:\\green-peddle\\gp-app\\server\\src\\modules\\admin\\admin.service.ts:97:17\n\n  94 const take = Number(limit);\n  95 \n  96 const [users, totalRecords] = await Promise.all([\n→ 97   prisma.user.findMany({\n         where: {\n           createdAt: {\n             gte: new Date(\"Invalid Date\"),\n                  ~~~~~~~~~~~~~~~~~~~~~~~~\n             lte: new Date(\"Invalid Date\")\n           }\n         },\n         select: {\n           id: true,\n           name: true,\n           email: true,\n           role: true,\n           isEmailVerified: true,\n           createdAt: true\n         },\n         orderBy: {\n           createdAt: \"desc\"\n         },\n         skip: 0,\n         take: 20\n       })\n\nInvalid value for argument `gte`: Provided Date object is invalid. Expected Date.","name":"PrismaClientValidationError","stack":"PrismaClientValidationError: \nInvalid `prisma.user.findMany()` invocation in\nE:\\green-peddle\\gp-app\\server\\src\\modules\\admin\\admin.service.ts:97:17\n\n  94 const take = Number(limit);\n  95 \n  96 const [users, totalRecords] = await Promise.all([\n→ 97   prisma.user.findMany({\n         where: {\n           createdAt: {\n             gte: new Date(\"Invalid Date\"),\n                  ~~~~~~~~~~~~~~~~~~~~~~~~\n             lte: new Date(\"Invalid Date\")\n           }\n         },\n         select: {\n           id: true,\n           name: true,\n           email: true,\n           role: true,\n           isEmailVerified: true,\n           createdAt: true\n         },\n         orderBy: {\n           createdAt: \"desc\"\n         },\n         skip: 0,\n         take: 20\n       })\n\nInvalid value for argument `gte`: Provided Date object is invalid. Expected Date.\n    at ar (E:\\green-peddle\\gp-app\\server\\generated\\prisma\\runtime\\client.js:14:1374)\n    at e.throwValidationError (E:\\green-peddle\\gp-app\\server\\generated\\prisma\\runtime\\client.js:14:10216)\n    at Ao (E:\\green-peddle\\gp-app\\server\\generated\\prisma\\runtime\\client.js:14:7548)\n    at Co (E:\\green-peddle\\gp-app\\server\\generated\\prisma\\runtime\\client.js:14:8907)\n    at Ao (E:\\green-peddle\\gp-app\\server\\generated\\prisma\\runtime\\client.js:14:8414)\n    at Co (E:\\green-peddle\\gp-app\\server\\generated\\prisma\\runtime\\client.js:14:8907)\n    at Ao (E:\\green-peddle\\gp-app\\server\\generated\\prisma\\runtime\\client.js:14:8414)\n    at Co (E:\\green-peddle\\gp-app\\server\\generated\\prisma\\runtime\\client.js:14:8907)\n    at Et (E:\\green-peddle\\gp-app\\server\\generated\\prisma\\runtime\\client.js:14:5909)\n    at pr (E:\\green-peddle\\gp-app\\server\\generated\\prisma\\runtime\\client.js:14:5811)","timestamp":"2026-04-09T12:43:38.493Z"}
{"alpha":"","level":"info","limit":"20","message":"Admin fetching all users with filters","page":"1","timestamp":"2026-04-09T12:43:38.498Z"}
{"alpha":"","level":"info","limit":"20","message":"Admin fetching all users with filters","page":"1","timestamp":"2026-04-09T12:45:53.213Z"}
{"alpha":"","endDate":"null","level":"info","limit":"20","message":"Admin fetching all users with filters","page":"1","role":"All","search":"","startDate":"null","status":"All","timestamp":"2026-04-09T12:45:53.224Z"}
{"clientVersion":"7.6.0","level":"error","message":"Error fetching users \nInvalid `prisma.user.findMany()` invocation in\nE:\\green-peddle\\gp-app\\server\\src\\modules\\admin\\admin.service.ts:97:17\n\n  94 const take = Number(limit);\n  95 \n  96 const [users, totalRecords] = await Promise.all([\n→ 97   prisma.user.findMany({\n         where: {\n           createdAt: {\n             gte: new Date(\"Invalid Date\"),\n                  ~~~~~~~~~~~~~~~~~~~~~~~~\n             lte: new Date(\"Invalid Date\")\n           }\n         },\n         select: {\n           id: true,\n           name: true,\n           email: true,\n           role: true,\n           isEmailVerified: true,\n           createdAt: true\n         },\n         orderBy: {\n           createdAt: \"desc\"\n         },\n         skip: 0,\n         take: 20\n       })\n\nInvalid value for argument `gte`: Provided Date object is invalid. Expected Date.","name":"PrismaClientValidationError","stack":"PrismaClientValidationError: \nInvalid `prisma.user.findMany()` invocation in\nE:\\green-peddle\\gp-app\\server\\src\\modules\\admin\\admin.service.ts:97:17\n\n  94 const take = Number(limit);\n  95 \n  96 const [users, totalRecords] = await Promise.all([\n→ 97   prisma.user.findMany({\n         where: {\n           createdAt: {\n             gte: new Date(\"Invalid Date\"),\n                  ~~~~~~~~~~~~~~~~~~~~~~~~\n             lte: new Date(\"Invalid Date\")\n           }\n         },\n         select: {\n           id: true,\n           name: true,\n           email: true,\n           role: true,\n           isEmailVerified: true,\n           createdAt: true\n         },\n         orderBy: {\n           createdAt: \"desc\"\n         },\n         skip: 0,\n         take: 20\n       })\n\nInvalid value for argument `gte`: Provided Date object is invalid. Expected Date.\n    at ar (E:\\green-peddle\\gp-app\\server\\generated\\prisma\\runtime\\client.js:14:1374)\n    at e.throwValidationError (E:\\green-peddle\\gp-app\\server\\generated\\prisma\\runtime\\client.js:14:10216)\n    at Ao (E:\\green-peddle\\gp-app\\server\\generated\\prisma\\runtime\\client.js:14:7548)\n    at Co (E:\\green-peddle\\gp-app\\server\\generated\\prisma\\runtime\\client.js:14:8907)\n    at Ao (E:\\green-peddle\\gp-app\\server\\generated\\prisma\\runtime\\client.js:14:8414)\n    at Co (E:\\green-peddle\\gp-app\\server\\generated\\prisma\\runtime\\client.js:14:8907)\n    at Ao (E:\\green-peddle\\gp-app\\server\\generated\\prisma\\runtime\\client.js:14:8414)\n    at Co (E:\\green-peddle\\gp-app\\server\\generated\\prisma\\runtime\\client.js:14:8907)\n    at Et (E:\\green-peddle\\gp-app\\server\\generated\\prisma\\runtime\\client.js:14:5909)\n    at pr (E:\\green-peddle\\gp-app\\server\\generated\\prisma\\runtime\\client.js:14:5811)","timestamp":"2026-04-09T12:45:53.229Z"}
{"alpha":"","endDate":"null","level":"info","limit":"20","message":"Admin fetching all users with filters","page":"1","role":"All","search":"","startDate":"null","status":"All","timestamp":"2026-04-09T12:45:53.233Z"}
{"clientVersion":"7.6.0","level":"error","message":"Error fetching users \nInvalid `prisma.user.findMany()` invocation in\nE:\\green-peddle\\gp-app\\server\\src\\modules\\admin\\admin.service.ts:97:17\n\n  94 const take = Number(limit);\n  95 \n  96 const [users, totalRecords] = await Promise.all([\n→ 97   prisma.user.findMany({\n         where: {\n           createdAt: {\n             gte: new Date(\"Invalid Date\"),\n                  ~~~~~~~~~~~~~~~~~~~~~~~~\n             lte: new Date(\"Invalid Date\")\n           }\n         },\n         select: {\n           id: true,\n           name: true,\n           email: true,\n           role: true,\n           isEmailVerified: true,\n           createdAt: true\n         },\n         orderBy: {\n           createdAt: \"desc\"\n         },\n         skip: 0,\n         take: 20\n       })\n\nInvalid value for argument `gte`: Provided Date object is invalid. Expected Date.","name":"PrismaClientValidationError","stack":"PrismaClientValidationError: \nInvalid `prisma.user.findMany()` invocation in\nE:\\green-peddle\\gp-app\\server\\src\\modules\\admin\\admin.service.ts:97:17\n\n  94 const take = Number(limit);\n  95 \n  96 const [users, totalRecords] = await Promise.all([\n→ 97   prisma.user.findMany({\n         where: {\n           createdAt: {\n             gte: new Date(\"Invalid Date\"),\n                  ~~~~~~~~~~~~~~~~~~~~~~~~\n             lte: new Date(\"Invalid Date\")\n           }\n         },\n         select: {\n           id: true,\n           name: true,\n           email: true,\n           role: true,\n           isEmailVerified: true,\n           createdAt: true\n         },\n         orderBy: {\n           createdAt: \"desc\"\n         },\n         skip: 0,\n         take: 20\n       })\n\nInvalid value for argument `gte`: Provided Date object is invalid. Expected Date.\n    at ar (E:\\green-peddle\\gp-app\\server\\generated\\prisma\\runtime\\client.js:14:1374)\n    at e.throwValidationError (E:\\green-peddle\\gp-app\\server\\generated\\prisma\\runtime\\client.js:14:10216)\n    at Ao (E:\\green-peddle\\gp-app\\server\\generated\\prisma\\runtime\\client.js:14:7548)\n    at Co (E:\\green-peddle\\gp-app\\server\\generated\\prisma\\runtime\\client.js:14:8907)\n    at Ao (E:\\green-peddle\\gp-app\\server\\generated\\prisma\\runtime\\client.js:14:8414)\n    at Co (E:\\green-peddle\\gp-app\\server\\generated\\prisma\\runtime\\client.js:14:8907)\n    at Ao (E:\\green-peddle\\gp-app\\server\\generated\\prisma\\runtime\\client.js:14:8414)\n    at Co (E:\\green-peddle\\gp-app\\server\\generated\\prisma\\runtime\\client.js:14:8907)\n    at Et (E:\\green-peddle\\gp-app\\server\\generated\\prisma\\runtime\\client.js:14:5909)\n    at pr (E:\\green-peddle\\gp-app\\server\\generated\\prisma\\runtime\\client.js:14:5811)","timestamp":"2026-04-09T12:45:53.238Z"}
{"alpha":"","endDate":"null","level":"info","limit":"20","message":"Admin fetching all users with filters","page":"1","role":"All","search":"","startDate":"null","status":"All","timestamp":"2026-04-09T12:45:53.243Z"}
{"clientVersion":"7.6.0","level":"error","message":"Error fetching users \nInvalid `prisma.user.findMany()` invocation in\nE:\\green-peddle\\gp-app\\server\\src\\modules\\admin\\admin.service.ts:97:17\n\n  94 const take = Number(limit);\n  95 \n  96 const [users, totalRecords] = await Promise.all([\n→ 97   prisma.user.findMany({\n         where: {\n           createdAt: {\n             gte: new Date(\"Invalid Date\"),\n                  ~~~~~~~~~~~~~~~~~~~~~~~~\n             lte: new Date(\"Invalid Date\")\n           }\n         },\n         select: {\n           id: true,\n           name: true,\n           email: true,\n           role: true,\n           isEmailVerified: true,\n           createdAt: true\n         },\n         orderBy: {\n           createdAt: \"desc\"\n         },\n         skip: 0,\n         take: 20\n       })\n\nInvalid value for argument `gte`: Provided Date object is invalid. Expected Date.","name":"PrismaClientValidationError","stack":"PrismaClientValidationError: \nInvalid `prisma.user.findMany()` invocation in\nE:\\green-peddle\\gp-app\\server\\src\\modules\\admin\\admin.service.ts:97:17\n\n  94 const take = Number(limit);\n  95 \n  96 const [users, totalRecords] = await Promise.all([\n→ 97   prisma.user.findMany({\n         where: {\n           createdAt: {\n             gte: new Date(\"Invalid Date\"),\n                  ~~~~~~~~~~~~~~~~~~~~~~~~\n             lte: new Date(\"Invalid Date\")\n           }\n         },\n         select: {\n           id: true,\n           name: true,\n           email: true,\n           role: true,\n           isEmailVerified: true,\n           createdAt: true\n         },\n         orderBy: {\n           createdAt: \"desc\"\n         },\n         skip: 0,\n         take: 20\n       })\n\nInvalid value for argument `gte`: Provided Date object is invalid. Expected Date.\n    at ar (E:\\green-peddle\\gp-app\\server\\generated\\prisma\\runtime\\client.js:14:1374)\n    at e.throwValidationError (E:\\green-peddle\\gp-app\\server\\generated\\prisma\\runtime\\client.js:14:10216)\n    at Ao (E:\\green-peddle\\gp-app\\server\\generated\\prisma\\runtime\\client.js:14:7548)\n    at Co (E:\\green-peddle\\gp-app\\server\\generated\\prisma\\runtime\\client.js:14:8907)\n    at Ao (E:\\green-peddle\\gp-app\\server\\generated\\prisma\\runtime\\client.js:14:8414)\n    at Co (E:\\green-peddle\\gp-app\\server\\generated\\prisma\\runtime\\client.js:14:8907)\n    at Ao (E:\\green-peddle\\gp-app\\server\\generated\\prisma\\runtime\\client.js:14:8414)\n    at Co (E:\\green-peddle\\gp-app\\server\\generated\\prisma\\runtime\\client.js:14:8907)\n    at Et (E:\\green-peddle\\gp-app\\server\\generated\\prisma\\runtime\\client.js:14:5909)\n    at pr (E:\\green-peddle\\gp-app\\server\\generated\\prisma\\runtime\\client.js:14:5811)","timestamp":"2026-04-09T12:45:53.251Z"}
{"alpha":"","endDate":"null","level":"info","limit":"20","message":"Admin fetching all users with filters","page":"1","role":"All","search":"","startDate":"null","status":"All","timestamp":"2026-04-09T12:45:53.271Z"}
{"clientVersion":"7.6.0","level":"error","message":"Error fetching users \nInvalid `prisma.user.findMany()` invocation in\nE:\\green-peddle\\gp-app\\server\\src\\modules\\admin\\admin.service.ts:97:17\n\n  94 const take = Number(limit);\n  95 \n  96 const [users, totalRecords] = await Promise.all([\n→ 97   prisma.user.findMany({\n         where: {\n           createdAt: {\n             gte: new Date(\"Invalid Date\"),\n                  ~~~~~~~~~~~~~~~~~~~~~~~~\n             lte: new Date(\"Invalid Date\")\n           }\n         },\n         select: {\n           id: true,\n           name: true,\n           email: true,\n           role: true,\n           isEmailVerified: true,\n           createdAt: true\n         },\n         orderBy: {\n           createdAt: \"desc\"\n         },\n         skip: 0,\n         take: 20\n       })\n\nInvalid value for argument `gte`: Provided Date object is invalid. Expected Date.","name":"PrismaClientValidationError","stack":"PrismaClientValidationError: \nInvalid `prisma.user.findMany()` invocation in\nE:\\green-peddle\\gp-app\\server\\src\\modules\\admin\\admin.service.ts:97:17\n\n  94 const take = Number(limit);\n  95 \n  96 const [users, totalRecords] = await Promise.all([\n→ 97   prisma.user.findMany({\n         where: {\n           createdAt: {\n             gte: new Date(\"Invalid Date\"),\n                  ~~~~~~~~~~~~~~~~~~~~~~~~\n             lte: new Date(\"Invalid Date\")\n           }\n         },\n         select: {\n           id: true,\n           name: true,\n           email: true,\n           role: true,\n           isEmailVerified: true,\n           createdAt: true\n         },\n         orderBy: {\n           createdAt: \"desc\"\n         },\n         skip: 0,\n         take: 20\n       })\n\nInvalid value for argument `gte`: Provided Date object is invalid. Expected Date.\n    at ar (E:\\green-peddle\\gp-app\\server\\generated\\prisma\\runtime\\client.js:14:1374)\n    at e.throwValidationError (E:\\green-peddle\\gp-app\\server\\generated\\prisma\\runtime\\client.js:14:10216)\n    at Ao (E:\\green-peddle\\gp-app\\server\\generated\\prisma\\runtime\\client.js:14:7548)\n    at Co (E:\\green-peddle\\gp-app\\server\\generated\\prisma\\runtime\\client.js:14:8907)\n    at Ao (E:\\green-peddle\\gp-app\\server\\generated\\prisma\\runtime\\client.js:14:8414)\n    at Co (E:\\green-peddle\\gp-app\\server\\generated\\prisma\\runtime\\client.js:14:8907)\n    at Ao (E:\\green-peddle\\gp-app\\server\\generated\\prisma\\runtime\\client.js:14:8414)\n    at Co (E:\\green-peddle\\gp-app\\server\\generated\\prisma\\runtime\\client.js:14:8907)\n    at Et (E:\\green-peddle\\gp-app\\server\\generated\\prisma\\runtime\\client.js:14:5909)\n    at pr (E:\\green-peddle\\gp-app\\server\\generated\\prisma\\runtime\\client.js:14:5811)","timestamp":"2026-04-09T12:45:53.274Z"}
{"alpha":"","endDate":"null","level":"info","message":"Admin fetching all users with filters","role":"All","search":"","startDate":"null","status":"All","timestamp":"2026-04-09T12:45:53.279Z"}
{"clientVersion":"7.6.0","level":"error","message":"Error fetching users \nInvalid `prisma.user.findMany()` invocation in\nE:\\green-peddle\\gp-app\\server\\src\\modules\\admin\\admin.service.ts:97:17\n\n  94 const take = Number(limit);\n  95 \n  96 const [users, totalRecords] = await Promise.all([\n→ 97   prisma.user.findMany({\n         where: {\n           createdAt: {\n             gte: new Date(\"Invalid Date\"),\n                  ~~~~~~~~~~~~~~~~~~~~~~~~\n             lte: new Date(\"Invalid Date\")\n           }\n         },\n         select: {\n           id: true,\n           name: true,\n           email: true,\n           role: true,\n           isEmailVerified: true,\n           createdAt: true\n         },\n         orderBy: {\n           createdAt: \"desc\"\n         },\n         skip: 0,\n         take: 20\n       })\n\nInvalid value for argument `gte`: Provided Date object is invalid. Expected Date.","name":"PrismaClientValidationError","stack":"PrismaClientValidationError: \nInvalid `prisma.user.findMany()` invocation in\nE:\\green-peddle\\gp-app\\server\\src\\modules\\admin\\admin.service.ts:97:17\n\n  94 const take = Number(limit);\n  95 \n  96 const [users, totalRecords] = await Promise.all([\n→ 97   prisma.user.findMany({\n         where: {\n           createdAt: {\n             gte: new Date(\"Invalid Date\"),\n                  ~~~~~~~~~~~~~~~~~~~~~~~~\n             lte: new Date(\"Invalid Date\")\n           }\n         },\n         select: {\n           id: true,\n           name: true,\n           email: true,\n           role: true,\n           isEmailVerified: true,\n           createdAt: true\n         },\n         orderBy: {\n           createdAt: \"desc\"\n         },\n         skip: 0,\n         take: 20\n       })\n\nInvalid value for argument `gte`: Provided Date object is invalid. Expected Date.\n    at ar (E:\\green-peddle\\gp-app\\server\\generated\\prisma\\runtime\\client.js:14:1374)\n    at e.throwValidationError (E:\\green-peddle\\gp-app\\server\\generated\\prisma\\runtime\\client.js:14:10216)\n    at Ao (E:\\green-peddle\\gp-app\\server\\generated\\prisma\\runtime\\client.js:14:7548)\n    at Co (E:\\green-peddle\\gp-app\\server\\generated\\prisma\\runtime\\client.js:14:8907)\n    at Ao (E:\\green-peddle\\gp-app\\server\\generated\\prisma\\runtime\\client.js:14:8414)\n    at Co (E:\\green-peddle\\gp-app\\server\\generated\\prisma\\runtime\\client.js:14:8907)\n    at Ao (E:\\green-peddle\\gp-app\\server\\generated\\prisma\\runtime\\client.js:14:8414)\n    at Co (E:\\green-peddle\\gp-app\\server\\generated\\prisma\\runtime\\client.js:14:8907)\n    at Et (E:\\green-peddle\\gp-app\\server\\generated\\prisma\\runtime\\client.js:14:5909)\n    at pr (E:\\green-peddle\\gp-app\\server\\generated\\prisma\\runtime\\client.js:14:5811)","timestamp":"2026-04-09T12:45:53.283Z"}
{"alpha":"","endDate":"null","level":"info","limit":"20","message":"Admin fetching all users with filters","page":"1","role":"All","search":"","startDate":"null","status":"All","timestamp":"2026-04-09T12:45:53.287Z"}
{"clientVersion":"7.6.0","level":"error","message":"Error fetching users \nInvalid `prisma.user.findMany()` invocation in\nE:\\green-peddle\\gp-app\\server\\src\\modules\\admin\\admin.service.ts:97:17\n\n  94 const take = Number(limit);\n  95 \n  96 const [users, totalRecords] = await Promise.all([\n→ 97   prisma.user.findMany({\n         where: {\n           createdAt: {\n             gte: new Date(\"Invalid Date\"),\n                  ~~~~~~~~~~~~~~~~~~~~~~~~\n             lte: new Date(\"Invalid Date\")\n           }\n         },\n         select: {\n           id: true,\n           name: true,\n           email: true,\n           role: true,\n           isEmailVerified: true,\n           createdAt: true\n         },\n         orderBy: {\n           createdAt: \"desc\"\n         },\n         skip: 0,\n         take: 20\n       })\n\nInvalid value for argument `gte`: Provided Date object is invalid. Expected Date.","name":"PrismaClientValidationError","stack":"PrismaClientValidationError: \nInvalid `prisma.user.findMany()` invocation in\nE:\\green-peddle\\gp-app\\server\\src\\modules\\admin\\admin.service.ts:97:17\n\n  94 const take = Number(limit);\n  95 \n  96 const [users, totalRecords] = await Promise.all([\n→ 97   prisma.user.findMany({\n         where: {\n           createdAt: {\n             gte: new Date(\"Invalid Date\"),\n                  ~~~~~~~~~~~~~~~~~~~~~~~~\n             lte: new Date(\"Invalid Date\")\n           }\n         },\n         select: {\n           id: true,\n           name: true,\n           email: true,\n           role: true,\n           isEmailVerified: true,\n           createdAt: true\n         },\n         orderBy: {\n           createdAt: \"desc\"\n         },\n         skip: 0,\n         take: 20\n       })\n\nInvalid value for argument `gte`: Provided Date object is invalid. Expected Date.\n    at ar (E:\\green-peddle\\gp-app\\server\\generated\\prisma\\runtime\\client.js:14:1374)\n    at e.throwValidationError (E:\\green-peddle\\gp-app\\server\\generated\\prisma\\runtime\\client.js:14:10216)\n    at Ao (E:\\green-peddle\\gp-app\\server\\generated\\prisma\\runtime\\client.js:14:7548)\n    at Co (E:\\green-peddle\\gp-app\\server\\generated\\prisma\\runtime\\client.js:14:8907)\n    at Ao (E:\\green-peddle\\gp-app\\server\\generated\\prisma\\runtime\\client.js:14:8414)\n    at Co (E:\\green-peddle\\gp-app\\server\\generated\\prisma\\runtime\\client.js:14:8907)\n    at Ao (E:\\green-peddle\\gp-app\\server\\generated\\prisma\\runtime\\client.js:14:8414)\n    at Co (E:\\green-peddle\\gp-app\\server\\generated\\prisma\\runtime\\client.js:14:8907)\n    at Et (E:\\green-peddle\\gp-app\\server\\generated\\prisma\\runtime\\client.js:14:5909)\n    at pr (E:\\green-peddle\\gp-app\\server\\generated\\prisma\\runtime\\client.js:14:5811)","timestamp":"2026-04-09T12:45:53.290Z"}
{"alpha":"","endDate":"null","level":"info","message":"Admin fetching all users with filters","role":"All","search":"","startDate":"null","status":"All","timestamp":"2026-04-09T12:45:53.295Z"}
{"clientVersion":"7.6.0","level":"error","message":"Error fetching users \nInvalid `prisma.user.findMany()` invocation in\nE:\\green-peddle\\gp-app\\server\\src\\modules\\admin\\admin.service.ts:97:17\n\n  94 const take = Number(limit);\n  95 \n  96 const [users, totalRecords] = await Promise.all([\n→ 97   prisma.user.findMany({\n         where: {\n           createdAt: {\n             gte: new Date(\"Invalid Date\"),\n                  ~~~~~~~~~~~~~~~~~~~~~~~~\n             lte: new Date(\"Invalid Date\")\n           }\n         },\n         select: {\n           id: true,\n           name: true,\n           email: true,\n           role: true,\n           isEmailVerified: true,\n           createdAt: true\n         },\n         orderBy: {\n           createdAt: \"desc\"\n         },\n         skip: 0,\n         take: 20\n       })\n\nInvalid value for argument `gte`: Provided Date object is invalid. Expected Date.","name":"PrismaClientValidationError","stack":"PrismaClientValidationError: \nInvalid `prisma.user.findMany()` invocation in\nE:\\green-peddle\\gp-app\\server\\src\\modules\\admin\\admin.service.ts:97:17\n\n  94 const take = Number(limit);\n  95 \n  96 const [users, totalRecords] = await Promise.all([\n→ 97   prisma.user.findMany({\n         where: {\n           createdAt: {\n             gte: new Date(\"Invalid Date\"),\n                  ~~~~~~~~~~~~~~~~~~~~~~~~\n             lte: new Date(\"Invalid Date\")\n           }\n         },\n         select: {\n           id: true,\n           name: true,\n           email: true,\n           role: true,\n           isEmailVerified: true,\n           createdAt: true\n         },\n         orderBy: {\n           createdAt: \"desc\"\n         },\n         skip: 0,\n         take: 20\n       })\n\nInvalid value for argument `gte`: Provided Date object is invalid. Expected Date.\n    at ar (E:\\green-peddle\\gp-app\\server\\generated\\prisma\\runtime\\client.js:14:1374)\n    at e.throwValidationError (E:\\green-peddle\\gp-app\\server\\generated\\prisma\\runtime\\client.js:14:10216)\n    at Ao (E:\\green-peddle\\gp-app\\server\\generated\\prisma\\runtime\\client.js:14:7548)\n    at Co (E:\\green-peddle\\gp-app\\server\\generated\\prisma\\runtime\\client.js:14:8907)\n    at Ao (E:\\green-peddle\\gp-app\\server\\generated\\prisma\\runtime\\client.js:14:8414)\n    at Co (E:\\green-peddle\\gp-app\\server\\generated\\prisma\\runtime\\client.js:14:8907)\n    at Ao (E:\\green-peddle\\gp-app\\server\\generated\\prisma\\runtime\\client.js:14:8414)\n    at Co (E:\\green-peddle\\gp-app\\server\\generated\\prisma\\runtime\\client.js:14:8907)\n    at Et (E:\\green-peddle\\gp-app\\server\\generated\\prisma\\runtime\\client.js:14:5909)\n    at pr (E:\\green-peddle\\gp-app\\server\\generated\\prisma\\runtime\\client.js:14:5811)","timestamp":"2026-04-09T12:45:53.299Z"}
{"alpha":"","endDate":"null","level":"info","limit":"20","message":"Admin fetching all users with filters","page":"1","role":"All","search":"","startDate":"null","status":"All","timestamp":"2026-04-09T12:45:53.302Z"}
{"clientVersion":"7.6.0","level":"error","message":"Error fetching users \nInvalid `prisma.user.findMany()` invocation in\nE:\\green-peddle\\gp-app\\server\\src\\modules\\admin\\admin.service.ts:97:17\n\n  94 const take = Number(limit);\n  95 \n  96 const [users, totalRecords] = await Promise.all([\n→ 97   prisma.user.findMany({\n         where: {\n           createdAt: {\n             gte: new Date(\"Invalid Date\"),\n                  ~~~~~~~~~~~~~~~~~~~~~~~~\n             lte: new Date(\"Invalid Date\")\n           }\n         },\n         select: {\n           id: true,\n           name: true,\n           email: true,\n           role: true,\n           isEmailVerified: true,\n           createdAt: true\n         },\n         orderBy: {\n           createdAt: \"desc\"\n         },\n         skip: 0,\n         take: 20\n       })\n\nInvalid value for argument `gte`: Provided Date object is invalid. Expected Date.","name":"PrismaClientValidationError","stack":"PrismaClientValidationError: \nInvalid `prisma.user.findMany()` invocation in\nE:\\green-peddle\\gp-app\\server\\src\\modules\\admin\\admin.service.ts:97:17\n\n  94 const take = Number(limit);\n  95 \n  96 const [users, totalRecords] = await Promise.all([\n→ 97   prisma.user.findMany({\n         where: {\n           createdAt: {\n             gte: new Date(\"Invalid Date\"),\n                  ~~~~~~~~~~~~~~~~~~~~~~~~\n             lte: new Date(\"Invalid Date\")\n           }\n         },\n         select: {\n           id: true,\n           name: true,\n           email: true,\n           role: true,\n           isEmailVerified: true,\n           createdAt: true\n         },\n         orderBy: {\n           createdAt: \"desc\"\n         },\n         skip: 0,\n         take: 20\n       })\n\nInvalid value for argument `gte`: Provided Date object is invalid. Expected Date.\n    at ar (E:\\green-peddle\\gp-app\\server\\generated\\prisma\\runtime\\client.js:14:1374)\n    at e.throwValidationError (E:\\green-peddle\\gp-app\\server\\generated\\prisma\\runtime\\client.js:14:10216)\n    at Ao (E:\\green-peddle\\gp-app\\server\\generated\\prisma\\runtime\\client.js:14:7548)\n    at Co (E:\\green-peddle\\gp-app\\server\\generated\\prisma\\runtime\\client.js:14:8907)\n    at Ao (E:\\green-peddle\\gp-app\\server\\generated\\prisma\\runtime\\client.js:14:8414)\n    at Co (E:\\green-peddle\\gp-app\\server\\generated\\prisma\\runtime\\client.js:14:8907)\n    at Ao (E:\\green-peddle\\gp-app\\server\\generated\\prisma\\runtime\\client.js:14:8414)\n    at Co (E:\\green-peddle\\gp-app\\server\\generated\\prisma\\runtime\\client.js:14:8907)\n    at Et (E:\\green-peddle\\gp-app\\server\\generated\\prisma\\runtime\\client.js:14:5909)\n    at pr (E:\\green-peddle\\gp-app\\server\\generated\\prisma\\runtime\\client.js:14:5811)","timestamp":"2026-04-09T12:45:53.303Z"}
{"alpha":"","endDate":"null","level":"info","message":"Admin fetching all users with filters","role":"All","search":"","startDate":"null","status":"All","timestamp":"2026-04-09T12:45:53.308Z"}
{"clientVersion":"7.6.0","level":"error","message":"Error fetching users \nInvalid `prisma.user.findMany()` invocation in\nE:\\green-peddle\\gp-app\\server\\src\\modules\\admin\\admin.service.ts:97:17\n\n  94 const take = Number(limit);\n  95 \n  96 const [users, totalRecords] = await Promise.all([\n→ 97   prisma.user.findMany({\n         where: {\n           createdAt: {\n             gte: new Date(\"Invalid Date\"),\n                  ~~~~~~~~~~~~~~~~~~~~~~~~\n             lte: new Date(\"Invalid Date\")\n           }\n         },\n         select: {\n           id: true,\n           name: true,\n           email: true,\n           role: true,\n           isEmailVerified: true,\n           createdAt: true\n         },\n         orderBy: {\n           createdAt: \"desc\"\n         },\n         skip: 0,\n         take: 20\n       })\n\nInvalid value for argument `gte`: Provided Date object is invalid. Expected Date.","name":"PrismaClientValidationError","stack":"PrismaClientValidationError: \nInvalid `prisma.user.findMany()` invocation in\nE:\\green-peddle\\gp-app\\server\\src\\modules\\admin\\admin.service.ts:97:17\n\n  94 const take = Number(limit);\n  95 \n  96 const [users, totalRecords] = await Promise.all([\n→ 97   prisma.user.findMany({\n         where: {\n           createdAt: {\n             gte: new Date(\"Invalid Date\"),\n                  ~~~~~~~~~~~~~~~~~~~~~~~~\n             lte: new Date(\"Invalid Date\")\n           }\n         },\n         select: {\n           id: true,\n           name: true,\n           email: true,\n           role: true,\n           isEmailVerified: true,\n           createdAt: true\n         },\n         orderBy: {\n           createdAt: \"desc\"\n         },\n         skip: 0,\n         take: 20\n       })\n\nInvalid value for argument `gte`: Provided Date object is invalid. Expected Date.\n    at ar (E:\\green-peddle\\gp-app\\server\\generated\\prisma\\runtime\\client.js:14:1374)\n    at e.throwValidationError (E:\\green-peddle\\gp-app\\server\\generated\\prisma\\runtime\\client.js:14:10216)\n    at Ao (E:\\green-peddle\\gp-app\\server\\generated\\prisma\\runtime\\client.js:14:7548)\n    at Co (E:\\green-peddle\\gp-app\\server\\generated\\prisma\\runtime\\client.js:14:8907)\n    at Ao (E:\\green-peddle\\gp-app\\server\\generated\\prisma\\runtime\\client.js:14:8414)\n    at Co (E:\\green-peddle\\gp-app\\server\\generated\\prisma\\runtime\\client.js:14:8907)\n    at Ao (E:\\green-peddle\\gp-app\\server\\generated\\prisma\\runtime\\client.js:14:8414)\n    at Co (E:\\green-peddle\\gp-app\\server\\generated\\prisma\\runtime\\client.js:14:8907)\n    at Et (E:\\green-peddle\\gp-app\\server\\generated\\prisma\\runtime\\client.js:14:5909)\n    at pr (E:\\green-peddle\\gp-app\\server\\generated\\prisma\\runtime\\client.js:14:5811)","timestamp":"2026-04-09T12:45:53.311Z"}
{"alpha":"","endDate":"null","level":"info","message":"Admin fetching all users with filters","role":"All","search":"","startDate":"null","status":"All","timestamp":"2026-04-09T12:45:53.366Z"}
{"clientVersion":"7.6.0","level":"error","message":"Error fetching users \nInvalid `prisma.user.findMany()` invocation in\nE:\\green-peddle\\gp-app\\server\\src\\modules\\admin\\admin.service.ts:97:17\n\n  94 const take = Number(limit);\n  95 \n  96 const [users, totalRecords] = await Promise.all([\n→ 97   prisma.user.findMany({\n         where: {\n           createdAt: {\n             gte: new Date(\"Invalid Date\"),\n                  ~~~~~~~~~~~~~~~~~~~~~~~~\n             lte: new Date(\"Invalid Date\")\n           }\n         },\n         select: {\n           id: true,\n           name: true,\n           email: true,\n           role: true,\n           isEmailVerified: true,\n           createdAt: true\n         },\n         orderBy: {\n           createdAt: \"desc\"\n         },\n         skip: 0,\n         take: 20\n       })\n\nInvalid value for argument `gte`: Provided Date object is invalid. Expected Date.","name":"PrismaClientValidationError","stack":"PrismaClientValidationError: \nInvalid `prisma.user.findMany()` invocation in\nE:\\green-peddle\\gp-app\\server\\src\\modules\\admin\\admin.service.ts:97:17\n\n  94 const take = Number(limit);\n  95 \n  96 const [users, totalRecords] = await Promise.all([\n→ 97   prisma.user.findMany({\n         where: {\n           createdAt: {\n             gte: new Date(\"Invalid Date\"),\n                  ~~~~~~~~~~~~~~~~~~~~~~~~\n             lte: new Date(\"Invalid Date\")\n           }\n         },\n         select: {\n           id: true,\n           name: true,\n           email: true,\n           role: true,\n           isEmailVerified: true,\n           createdAt: true\n         },\n         orderBy: {\n           createdAt: \"desc\"\n         },\n         skip: 0,\n         take: 20\n       })\n\nInvalid value for argument `gte`: Provided Date object is invalid. Expected Date.\n    at ar (E:\\green-peddle\\gp-app\\server\\generated\\prisma\\runtime\\client.js:14:1374)\n    at e.throwValidationError (E:\\green-peddle\\gp-app\\server\\generated\\prisma\\runtime\\client.js:14:10216)\n    at Ao (E:\\green-peddle\\gp-app\\server\\generated\\prisma\\runtime\\client.js:14:7548)\n    at Co (E:\\green-peddle\\gp-app\\server\\generated\\prisma\\runtime\\client.js:14:8907)\n    at Ao (E:\\green-peddle\\gp-app\\server\\generated\\prisma\\runtime\\client.js:14:8414)\n    at Co (E:\\green-peddle\\gp-app\\server\\generated\\prisma\\runtime\\client.js:14:8907)\n    at Ao (E:\\green-peddle\\gp-app\\server\\generated\\prisma\\runtime\\client.js:14:8414)\n    at Co (E:\\green-peddle\\gp-app\\server\\generated\\prisma\\runtime\\client.js:14:8907)\n    at Et (E:\\green-peddle\\gp-app\\server\\generated\\prisma\\runtime\\client.js:14:5909)\n    at pr (E:\\green-peddle\\gp-app\\server\\generated\\prisma\\runtime\\client.js:14:5811)","timestamp":"2026-04-09T12:45:53.369Z"}
{"alpha":"","level":"info","limit":"20","message":"Admin fetching all users with filters","page":"1","timestamp":"2026-04-09T12:45:53.372Z"}
{"alpha":"","endDate":"null","level":"info","limit":"20","message":"Admin fetching all users with filters","page":"1","role":"All","search":"s","startDate":"null","status":"All","timestamp":"2026-04-09T12:46:07.827Z"}
{"clientVersion":"7.6.0","level":"error","message":"Error fetching users \nInvalid `prisma.user.findMany()` invocation in\nE:\\green-peddle\\gp-app\\server\\src\\modules\\admin\\admin.service.ts:97:17\n\n  94 const take = Number(limit);\n  95 \n  96 const [users, totalRecords] = await Promise.all([\n→ 97   prisma.user.findMany({\n         where: {\n           createdAt: {\n             gte: new Date(\"Invalid Date\"),\n                  ~~~~~~~~~~~~~~~~~~~~~~~~\n             lte: new Date(\"Invalid Date\")\n           },\n           OR: [\n             {\n               name: {\n                 contains: \"s\",\n                 mode: \"insensitive\"\n               }\n             },\n             {\n               email: {\n                 contains: \"s\",\n                 mode: \"insensitive\"\n               }\n             }\n           ]\n         },\n         select: {\n           id: true,\n           name: true,\n           email: true,\n           role: true,\n           isEmailVerified: true,\n           createdAt: true\n         },\n         orderBy: {\n           createdAt: \"desc\"\n         },\n         skip: 0,\n         take: 20\n       })\n\nInvalid value for argument `gte`: Provided Date object is invalid. Expected Date.","name":"PrismaClientValidationError","stack":"PrismaClientValidationError: \nInvalid `prisma.user.findMany()` invocation in\nE:\\green-peddle\\gp-app\\server\\src\\modules\\admin\\admin.service.ts:97:17\n\n  94 const take = Number(limit);\n  95 \n  96 const [users, totalRecords] = await Promise.all([\n→ 97   prisma.user.findMany({\n         where: {\n           createdAt: {\n             gte: new Date(\"Invalid Date\"),\n                  ~~~~~~~~~~~~~~~~~~~~~~~~\n             lte: new Date(\"Invalid Date\")\n           },\n           OR: [\n             {\n               name: {\n                 contains: \"s\",\n                 mode: \"insensitive\"\n               }\n             },\n             {\n               email: {\n                 contains: \"s\",\n                 mode: \"insensitive\"\n               }\n             }\n           ]\n         },\n         select: {\n           id: true,\n           name: true,\n           email: true,\n           role: true,\n           isEmailVerified: true,\n           createdAt: true\n         },\n         orderBy: {\n           createdAt: \"desc\"\n         },\n         skip: 0,\n         take: 20\n       })\n\nInvalid value for argument `gte`: Provided Date object is invalid. Expected Date.\n    at ar (E:\\green-peddle\\gp-app\\server\\generated\\prisma\\runtime\\client.js:14:1374)\n    at e.throwValidationError (E:\\green-peddle\\gp-app\\server\\generated\\prisma\\runtime\\client.js:14:10216)\n    at Ao (E:\\green-peddle\\gp-app\\server\\generated\\prisma\\runtime\\client.js:14:7548)\n    at Co (E:\\green-peddle\\gp-app\\server\\generated\\prisma\\runtime\\client.js:14:8907)\n    at Ao (E:\\green-peddle\\gp-app\\server\\generated\\prisma\\runtime\\client.js:14:8414)\n    at Co (E:\\green-peddle\\gp-app\\server\\generated\\prisma\\runtime\\client.js:14:8907)\n    at Ao (E:\\green-peddle\\gp-app\\server\\generated\\prisma\\runtime\\client.js:14:8414)\n    at Co (E:\\green-peddle\\gp-app\\server\\generated\\prisma\\runtime\\client.js:14:8907)\n    at Et (E:\\green-peddle\\gp-app\\server\\generated\\prisma\\runtime\\client.js:14:5909)\n    at pr (E:\\green-peddle\\gp-app\\server\\generated\\prisma\\runtime\\client.js:14:5811)","timestamp":"2026-04-09T12:46:07.832Z"}
{"alpha":"","endDate":"null","level":"info","limit":"20","message":"Admin fetching all users with filters","page":"1","role":"All","search":"s","startDate":"null","status":"All","timestamp":"2026-04-09T12:46:07.863Z"}
{"clientVersion":"7.6.0","level":"error","message":"Error fetching users \nInvalid `prisma.user.findMany()` invocation in\nE:\\green-peddle\\gp-app\\server\\src\\modules\\admin\\admin.service.ts:97:17\n\n  94 const take = Number(limit);\n  95 \n  96 const [users, totalRecords] = await Promise.all([\n→ 97   prisma.user.findMany({\n         where: {\n           createdAt: {\n             gte: new Date(\"Invalid Date\"),\n                  ~~~~~~~~~~~~~~~~~~~~~~~~\n             lte: new Date(\"Invalid Date\")\n           },\n           OR: [\n             {\n               name: {\n                 contains: \"s\",\n                 mode: \"insensitive\"\n               }\n             },\n             {\n               email: {\n                 contains: \"s\",\n                 mode: \"insensitive\"\n               }\n             }\n           ]\n         },\n         select: {\n           id: true,\n           name: true,\n           email: true,\n           role: true,\n           isEmailVerified: true,\n           createdAt: true\n         },\n         orderBy: {\n           createdAt: \"desc\"\n         },\n         skip: 0,\n         take: 20\n       })\n\nInvalid value for argument `gte`: Provided Date object is invalid. Expected Date.","name":"PrismaClientValidationError","stack":"PrismaClientValidationError: \nInvalid `prisma.user.findMany()` invocation in\nE:\\green-peddle\\gp-app\\server\\src\\modules\\admin\\admin.service.ts:97:17\n\n  94 const take = Number(limit);\n  95 \n  96 const [users, totalRecords] = await Promise.all([\n→ 97   prisma.user.findMany({\n         where: {\n           createdAt: {\n             gte: new Date(\"Invalid Date\"),\n                  ~~~~~~~~~~~~~~~~~~~~~~~~\n             lte: new Date(\"Invalid Date\")\n           },\n           OR: [\n             {\n               name: {\n                 contains: \"s\",\n                 mode: \"insensitive\"\n               }\n             },\n             {\n               email: {\n                 contains: \"s\",\n                 mode: \"insensitive\"\n               }\n             }\n           ]\n         },\n         select: {\n           id: true,\n           name: true,\n           email: true,\n           role: true,\n           isEmailVerified: true,\n           createdAt: true\n         },\n         orderBy: {\n           createdAt: \"desc\"\n         },\n         skip: 0,\n         take: 20\n       })\n\nInvalid value for argument `gte`: Provided Date object is invalid. Expected Date.\n    at ar (E:\\green-peddle\\gp-app\\server\\generated\\prisma\\runtime\\client.js:14:1374)\n    at e.throwValidationError (E:\\green-peddle\\gp-app\\server\\generated\\prisma\\runtime\\client.js:14:10216)\n    at Ao (E:\\green-peddle\\gp-app\\server\\generated\\prisma\\runtime\\client.js:14:7548)\n    at Co (E:\\green-peddle\\gp-app\\server\\generated\\prisma\\runtime\\client.js:14:8907)\n    at Ao (E:\\green-peddle\\gp-app\\server\\generated\\prisma\\runtime\\client.js:14:8414)\n    at Co (E:\\green-peddle\\gp-app\\server\\generated\\prisma\\runtime\\client.js:14:8907)\n    at Ao (E:\\green-peddle\\gp-app\\server\\generated\\prisma\\runtime\\client.js:14:8414)\n    at Co (E:\\green-peddle\\gp-app\\server\\generated\\prisma\\runtime\\client.js:14:8907)\n    at Et (E:\\green-peddle\\gp-app\\server\\generated\\prisma\\runtime\\client.js:14:5909)\n    at pr (E:\\green-peddle\\gp-app\\server\\generated\\prisma\\runtime\\client.js:14:5811)","timestamp":"2026-04-09T12:46:07.866Z"}
{"alpha":"","endDate":"null","level":"info","message":"Admin fetching all users with filters","role":"All","search":"s","startDate":"null","status":"All","timestamp":"2026-04-09T12:46:07.870Z"}
{"clientVersion":"7.6.0","level":"error","message":"Error fetching users \nInvalid `prisma.user.findMany()` invocation in\nE:\\green-peddle\\gp-app\\server\\src\\modules\\admin\\admin.service.ts:97:17\n\n  94 const take = Number(limit);\n  95 \n  96 const [users, totalRecords] = await Promise.all([\n→ 97   prisma.user.findMany({\n         where: {\n           createdAt: {\n             gte: new Date(\"Invalid Date\"),\n                  ~~~~~~~~~~~~~~~~~~~~~~~~\n             lte: new Date(\"Invalid Date\")\n           },\n           OR: [\n             {\n               name: {\n                 contains: \"s\",\n                 mode: \"insensitive\"\n               }\n             },\n             {\n               email: {\n                 contains: \"s\",\n                 mode: \"insensitive\"\n               }\n             }\n           ]\n         },\n         select: {\n           id: true,\n           name: true,\n           email: true,\n           role: true,\n           isEmailVerified: true,\n           createdAt: true\n         },\n         orderBy: {\n           createdAt: \"desc\"\n         },\n         skip: 0,\n         take: 20\n       })\n\nInvalid value for argument `gte`: Provided Date object is invalid. Expected Date.","name":"PrismaClientValidationError","stack":"PrismaClientValidationError: \nInvalid `prisma.user.findMany()` invocation in\nE:\\green-peddle\\gp-app\\server\\src\\modules\\admin\\admin.service.ts:97:17\n\n  94 const take = Number(limit);\n  95 \n  96 const [users, totalRecords] = await Promise.all([\n→ 97   prisma.user.findMany({\n         where: {\n           createdAt: {\n             gte: new Date(\"Invalid Date\"),\n                  ~~~~~~~~~~~~~~~~~~~~~~~~\n             lte: new Date(\"Invalid Date\")\n           },\n           OR: [\n             {\n               name: {\n                 contains: \"s\",\n                 mode: \"insensitive\"\n               }\n             },\n             {\n               email: {\n                 contains: \"s\",\n                 mode: \"insensitive\"\n               }\n             }\n           ]\n         },\n         select: {\n           id: true,\n           name: true,\n           email: true,\n           role: true,\n           isEmailVerified: true,\n           createdAt: true\n         },\n         orderBy: {\n           createdAt: \"desc\"\n         },\n         skip: 0,\n         take: 20\n       })\n\nInvalid value for argument `gte`: Provided Date object is invalid. Expected Date.\n    at ar (E:\\green-peddle\\gp-app\\server\\generated\\prisma\\runtime\\client.js:14:1374)\n    at e.throwValidationError (E:\\green-peddle\\gp-app\\server\\generated\\prisma\\runtime\\client.js:14:10216)\n    at Ao (E:\\green-peddle\\gp-app\\server\\generated\\prisma\\runtime\\client.js:14:7548)\n    at Co (E:\\green-peddle\\gp-app\\server\\generated\\prisma\\runtime\\client.js:14:8907)\n    at Ao (E:\\green-peddle\\gp-app\\server\\generated\\prisma\\runtime\\client.js:14:8414)\n    at Co (E:\\green-peddle\\gp-app\\server\\generated\\prisma\\runtime\\client.js:14:8907)\n    at Ao (E:\\green-peddle\\gp-app\\server\\generated\\prisma\\runtime\\client.js:14:8414)\n    at Co (E:\\green-peddle\\gp-app\\server\\generated\\prisma\\runtime\\client.js:14:8907)\n    at Et (E:\\green-peddle\\gp-app\\server\\generated\\prisma\\runtime\\client.js:14:5909)\n    at pr (E:\\green-peddle\\gp-app\\server\\generated\\prisma\\runtime\\client.js:14:5811)","timestamp":"2026-04-09T12:46:07.874Z"}
{"alpha":"","endDate":"null","level":"info","limit":"20","message":"Admin fetching all users with filters","page":"1","role":"All","search":"","startDate":"null","status":"All","timestamp":"2026-04-09T12:46:10.326Z"}
{"clientVersion":"7.6.0","level":"error","message":"Error fetching users \nInvalid `prisma.user.findMany()` invocation in\nE:\\green-peddle\\gp-app\\server\\src\\modules\\admin\\admin.service.ts:97:17\n\n  94 const take = Number(limit);\n  95 \n  96 const [users, totalRecords] = await Promise.all([\n→ 97   prisma.user.findMany({\n         where: {\n           createdAt: {\n             gte: new Date(\"Invalid Date\"),\n                  ~~~~~~~~~~~~~~~~~~~~~~~~\n             lte: new Date(\"Invalid Date\")\n           }\n         },\n         select: {\n           id: true,\n           name: true,\n           email: true,\n           role: true,\n           isEmailVerified: true,\n           createdAt: true\n         },\n         orderBy: {\n           createdAt: \"desc\"\n         },\n         skip: 0,\n         take: 20\n       })\n\nInvalid value for argument `gte`: Provided Date object is invalid. Expected Date.","name":"PrismaClientValidationError","stack":"PrismaClientValidationError: \nInvalid `prisma.user.findMany()` invocation in\nE:\\green-peddle\\gp-app\\server\\src\\modules\\admin\\admin.service.ts:97:17\n\n  94 const take = Number(limit);\n  95 \n  96 const [users, totalRecords] = await Promise.all([\n→ 97   prisma.user.findMany({\n         where: {\n           createdAt: {\n             gte: new Date(\"Invalid Date\"),\n                  ~~~~~~~~~~~~~~~~~~~~~~~~\n             lte: new Date(\"Invalid Date\")\n           }\n         },\n         select: {\n           id: true,\n           name: true,\n           email: true,\n           role: true,\n           isEmailVerified: true,\n           createdAt: true\n         },\n         orderBy: {\n           createdAt: \"desc\"\n         },\n         skip: 0,\n         take: 20\n       })\n\nInvalid value for argument `gte`: Provided Date object is invalid. Expected Date.\n    at ar (E:\\green-peddle\\gp-app\\server\\generated\\prisma\\runtime\\client.js:14:1374)\n    at e.throwValidationError (E:\\green-peddle\\gp-app\\server\\generated\\prisma\\runtime\\client.js:14:10216)\n    at Ao (E:\\green-peddle\\gp-app\\server\\generated\\prisma\\runtime\\client.js:14:7548)\n    at Co (E:\\green-peddle\\gp-app\\server\\generated\\prisma\\runtime\\client.js:14:8907)\n    at Ao (E:\\green-peddle\\gp-app\\server\\generated\\prisma\\runtime\\client.js:14:8414)\n    at Co (E:\\green-peddle\\gp-app\\server\\generated\\prisma\\runtime\\client.js:14:8907)\n    at Ao (E:\\green-peddle\\gp-app\\server\\generated\\prisma\\runtime\\client.js:14:8414)\n    at Co (E:\\green-peddle\\gp-app\\server\\generated\\prisma\\runtime\\client.js:14:8907)\n    at Et (E:\\green-peddle\\gp-app\\server\\generated\\prisma\\runtime\\client.js:14:5909)\n    at pr (E:\\green-peddle\\gp-app\\server\\generated\\prisma\\runtime\\client.js:14:5811)","timestamp":"2026-04-09T12:46:10.329Z"}
{"alpha":"","endDate":"null","level":"info","limit":"20","message":"Admin fetching all users with filters","page":"1","role":"All","search":"","startDate":"null","status":"All","timestamp":"2026-04-09T12:46:10.335Z"}
{"clientVersion":"7.6.0","level":"error","message":"Error fetching users \nInvalid `prisma.user.findMany()` invocation in\nE:\\green-peddle\\gp-app\\server\\src\\modules\\admin\\admin.service.ts:97:17\n\n  94 const take = Number(limit);\n  95 \n  96 const [users, totalRecords] = await Promise.all([\n→ 97   prisma.user.findMany({\n         where: {\n           createdAt: {\n             gte: new Date(\"Invalid Date\"),\n                  ~~~~~~~~~~~~~~~~~~~~~~~~\n             lte: new Date(\"Invalid Date\")\n           }\n         },\n         select: {\n           id: true,\n           name: true,\n           email: true,\n           role: true,\n           isEmailVerified: true,\n           createdAt: true\n         },\n         orderBy: {\n           createdAt: \"desc\"\n         },\n         skip: 0,\n         take: 20\n       })\n\nInvalid value for argument `gte`: Provided Date object is invalid. Expected Date.","name":"PrismaClientValidationError","stack":"PrismaClientValidationError: \nInvalid `prisma.user.findMany()` invocation in\nE:\\green-peddle\\gp-app\\server\\src\\modules\\admin\\admin.service.ts:97:17\n\n  94 const take = Number(limit);\n  95 \n  96 const [users, totalRecords] = await Promise.all([\n→ 97   prisma.user.findMany({\n         where: {\n           createdAt: {\n             gte: new Date(\"Invalid Date\"),\n                  ~~~~~~~~~~~~~~~~~~~~~~~~\n             lte: new Date(\"Invalid Date\")\n           }\n         },\n         select: {\n           id: true,\n           name: true,\n           email: true,\n           role: true,\n           isEmailVerified: true,\n           createdAt: true\n         },\n         orderBy: {\n           createdAt: \"desc\"\n         },\n         skip: 0,\n         take: 20\n       })\n\nInvalid value for argument `gte`: Provided Date object is invalid. Expected Date.\n    at ar (E:\\green-peddle\\gp-app\\server\\generated\\prisma\\runtime\\client.js:14:1374)\n    at e.throwValidationError (E:\\green-peddle\\gp-app\\server\\generated\\prisma\\runtime\\client.js:14:10216)\n    at Ao (E:\\green-peddle\\gp-app\\server\\generated\\prisma\\runtime\\client.js:14:7548)\n    at Co (E:\\green-peddle\\gp-app\\server\\generated\\prisma\\runtime\\client.js:14:8907)\n    at Ao (E:\\green-peddle\\gp-app\\server\\generated\\prisma\\runtime\\client.js:14:8414)\n    at Co (E:\\green-peddle\\gp-app\\server\\generated\\prisma\\runtime\\client.js:14:8907)\n    at Ao (E:\\green-peddle\\gp-app\\server\\generated\\prisma\\runtime\\client.js:14:8414)\n    at Co (E:\\green-peddle\\gp-app\\server\\generated\\prisma\\runtime\\client.js:14:8907)\n    at Et (E:\\green-peddle\\gp-app\\server\\generated\\prisma\\runtime\\client.js:14:5909)\n    at pr (E:\\green-peddle\\gp-app\\server\\generated\\prisma\\runtime\\client.js:14:5811)","timestamp":"2026-04-09T12:46:10.337Z"}
{"alpha":"","endDate":"null","level":"info","message":"Admin fetching all users with filters","role":"All","search":"","startDate":"null","status":"All","timestamp":"2026-04-09T12:46:10.340Z"}
{"clientVersion":"7.6.0","level":"error","message":"Error fetching users \nInvalid `prisma.user.findMany()` invocation in\nE:\\green-peddle\\gp-app\\server\\src\\modules\\admin\\admin.service.ts:97:17\n\n  94 const take = Number(limit);\n  95 \n  96 const [users, totalRecords] = await Promise.all([\n→ 97   prisma.user.findMany({\n         where: {\n           createdAt: {\n             gte: new Date(\"Invalid Date\"),\n                  ~~~~~~~~~~~~~~~~~~~~~~~~\n             lte: new Date(\"Invalid Date\")\n           }\n         },\n         select: {\n           id: true,\n           name: true,\n           email: true,\n           role: true,\n           isEmailVerified: true,\n           createdAt: true\n         },\n         orderBy: {\n           createdAt: \"desc\"\n         },\n         skip: 0,\n         take: 20\n       })\n\nInvalid value for argument `gte`: Provided Date object is invalid. Expected Date.","name":"PrismaClientValidationError","stack":"PrismaClientValidationError: \nInvalid `prisma.user.findMany()` invocation in\nE:\\green-peddle\\gp-app\\server\\src\\modules\\admin\\admin.service.ts:97:17\n\n  94 const take = Number(limit);\n  95 \n  96 const [users, totalRecords] = await Promise.all([\n→ 97   prisma.user.findMany({\n         where: {\n           createdAt: {\n             gte: new Date(\"Invalid Date\"),\n                  ~~~~~~~~~~~~~~~~~~~~~~~~\n             lte: new Date(\"Invalid Date\")\n           }\n         },\n         select: {\n           id: true,\n           name: true,\n           email: true,\n           role: true,\n           isEmailVerified: true,\n           createdAt: true\n         },\n         orderBy: {\n           createdAt: \"desc\"\n         },\n         skip: 0,\n         take: 20\n       })\n\nInvalid value for argument `gte`: Provided Date object is invalid. Expected Date.\n    at ar (E:\\green-peddle\\gp-app\\server\\generated\\prisma\\runtime\\client.js:14:1374)\n    at e.throwValidationError (E:\\green-peddle\\gp-app\\server\\generated\\prisma\\runtime\\client.js:14:10216)\n    at Ao (E:\\green-peddle\\gp-app\\server\\generated\\prisma\\runtime\\client.js:14:7548)\n    at Co (E:\\green-peddle\\gp-app\\server\\generated\\prisma\\runtime\\client.js:14:8907)\n    at Ao (E:\\green-peddle\\gp-app\\server\\generated\\prisma\\runtime\\client.js:14:8414)\n    at Co (E:\\green-peddle\\gp-app\\server\\generated\\prisma\\runtime\\client.js:14:8907)\n    at Ao (E:\\green-peddle\\gp-app\\server\\generated\\prisma\\runtime\\client.js:14:8414)\n    at Co (E:\\green-peddle\\gp-app\\server\\generated\\prisma\\runtime\\client.js:14:8907)\n    at Et (E:\\green-peddle\\gp-app\\server\\generated\\prisma\\runtime\\client.js:14:5909)\n    at pr (E:\\green-peddle\\gp-app\\server\\generated\\prisma\\runtime\\client.js:14:5811)","timestamp":"2026-04-09T12:46:10.342Z"}
{"alpha":"","endDate":"null","level":"info","limit":"20","message":"Admin fetching all users with filters","page":"1","role":"All","search":"s","startDate":"null","status":"All","timestamp":"2026-04-09T12:46:17.267Z"}
{"clientVersion":"7.6.0","level":"error","message":"Error fetching users \nInvalid `prisma.user.findMany()` invocation in\nE:\\green-peddle\\gp-app\\server\\src\\modules\\admin\\admin.service.ts:97:17\n\n  94 const take = Number(limit);\n  95 \n  96 const [users, totalRecords] = await Promise.all([\n→ 97   prisma.user.findMany({\n         where: {\n           createdAt: {\n             gte: new Date(\"Invalid Date\"),\n                  ~~~~~~~~~~~~~~~~~~~~~~~~\n             lte: new Date(\"Invalid Date\")\n           },\n           OR: [\n             {\n               name: {\n                 contains: \"s\",\n                 mode: \"insensitive\"\n               }\n             },\n             {\n               email: {\n                 contains: \"s\",\n                 mode: \"insensitive\"\n               }\n             }\n           ]\n         },\n         select: {\n           id: true,\n           name: true,\n           email: true,\n           role: true,\n           isEmailVerified: true,\n           createdAt: true\n         },\n         orderBy: {\n           createdAt: \"desc\"\n         },\n         skip: 0,\n         take: 20\n       })\n\nInvalid value for argument `gte`: Provided Date object is invalid. Expected Date.","name":"PrismaClientValidationError","stack":"PrismaClientValidationError: \nInvalid `prisma.user.findMany()` invocation in\nE:\\green-peddle\\gp-app\\server\\src\\modules\\admin\\admin.service.ts:97:17\n\n  94 const take = Number(limit);\n  95 \n  96 const [users, totalRecords] = await Promise.all([\n→ 97   prisma.user.findMany({\n         where: {\n           createdAt: {\n             gte: new Date(\"Invalid Date\"),\n                  ~~~~~~~~~~~~~~~~~~~~~~~~\n             lte: new Date(\"Invalid Date\")\n           },\n           OR: [\n             {\n               name: {\n                 contains: \"s\",\n                 mode: \"insensitive\"\n               }\n             },\n             {\n               email: {\n                 contains: \"s\",\n                 mode: \"insensitive\"\n               }\n             }\n           ]\n         },\n         select: {\n           id: true,\n           name: true,\n           email: true,\n           role: true,\n           isEmailVerified: true,\n           createdAt: true\n         },\n         orderBy: {\n           createdAt: \"desc\"\n         },\n         skip: 0,\n         take: 20\n       })\n\nInvalid value for argument `gte`: Provided Date object is invalid. Expected Date.\n    at ar (E:\\green-peddle\\gp-app\\server\\generated\\prisma\\runtime\\client.js:14:1374)\n    at e.throwValidationError (E:\\green-peddle\\gp-app\\server\\generated\\prisma\\runtime\\client.js:14:10216)\n    at Ao (E:\\green-peddle\\gp-app\\server\\generated\\prisma\\runtime\\client.js:14:7548)\n    at Co (E:\\green-peddle\\gp-app\\server\\generated\\prisma\\runtime\\client.js:14:8907)\n    at Ao (E:\\green-peddle\\gp-app\\server\\generated\\prisma\\runtime\\client.js:14:8414)\n    at Co (E:\\green-peddle\\gp-app\\server\\generated\\prisma\\runtime\\client.js:14:8907)\n    at Ao (E:\\green-peddle\\gp-app\\server\\generated\\prisma\\runtime\\client.js:14:8414)\n    at Co (E:\\green-peddle\\gp-app\\server\\generated\\prisma\\runtime\\client.js:14:8907)\n    at Et (E:\\green-peddle\\gp-app\\server\\generated\\prisma\\runtime\\client.js:14:5909)\n    at pr (E:\\green-peddle\\gp-app\\server\\generated\\prisma\\runtime\\client.js:14:5811)","timestamp":"2026-04-09T12:46:17.271Z"}
{"alpha":"","endDate":"null","level":"info","limit":"20","message":"Admin fetching all users with filters","page":"1","role":"All","search":"s","startDate":"null","status":"All","timestamp":"2026-04-09T12:46:17.318Z"}
{"clientVersion":"7.6.0","level":"error","message":"Error fetching users \nInvalid `prisma.user.findMany()` invocation in\nE:\\green-peddle\\gp-app\\server\\src\\modules\\admin\\admin.service.ts:97:17\n\n  94 const take = Number(limit);\n  95 \n  96 const [users, totalRecords] = await Promise.all([\n→ 97   prisma.user.findMany({\n         where: {\n           createdAt: {\n             gte: new Date(\"Invalid Date\"),\n                  ~~~~~~~~~~~~~~~~~~~~~~~~\n             lte: new Date(\"Invalid Date\")\n           },\n           OR: [\n             {\n               name: {\n                 contains: \"s\",\n                 mode: \"insensitive\"\n               }\n             },\n             {\n               email: {\n                 contains: \"s\",\n                 mode: \"insensitive\"\n               }\n             }\n           ]\n         },\n         select: {\n           id: true,\n           name: true,\n           email: true,\n           role: true,\n           isEmailVerified: true,\n           createdAt: true\n         },\n         orderBy: {\n           createdAt: \"desc\"\n         },\n         skip: 0,\n         take: 20\n       })\n\nInvalid value for argument `gte`: Provided Date object is invalid. Expected Date.","name":"PrismaClientValidationError","stack":"PrismaClientValidationError: \nInvalid `prisma.user.findMany()` invocation in\nE:\\green-peddle\\gp-app\\server\\src\\modules\\admin\\admin.service.ts:97:17\n\n  94 const take = Number(limit);\n  95 \n  96 const [users, totalRecords] = await Promise.all([\n→ 97   prisma.user.findMany({\n         where: {\n           createdAt: {\n             gte: new Date(\"Invalid Date\"),\n                  ~~~~~~~~~~~~~~~~~~~~~~~~\n             lte: new Date(\"Invalid Date\")\n           },\n           OR: [\n             {\n               name: {\n                 contains: \"s\",\n                 mode: \"insensitive\"\n               }\n             },\n             {\n               email: {\n                 contains: \"s\",\n                 mode: \"insensitive\"\n               }\n             }\n           ]\n         },\n         select: {\n           id: true,\n           name: true,\n           email: true,\n           role: true,\n           isEmailVerified: true,\n           createdAt: true\n         },\n         orderBy: {\n           createdAt: \"desc\"\n         },\n         skip: 0,\n         take: 20\n       })\n\nInvalid value for argument `gte`: Provided Date object is invalid. Expected Date.\n    at ar (E:\\green-peddle\\gp-app\\server\\generated\\prisma\\runtime\\client.js:14:1374)\n    at e.throwValidationError (E:\\green-peddle\\gp-app\\server\\generated\\prisma\\runtime\\client.js:14:10216)\n    at Ao (E:\\green-peddle\\gp-app\\server\\generated\\prisma\\runtime\\client.js:14:7548)\n    at Co (E:\\green-peddle\\gp-app\\server\\generated\\prisma\\runtime\\client.js:14:8907)\n    at Ao (E:\\green-peddle\\gp-app\\server\\generated\\prisma\\runtime\\client.js:14:8414)\n    at Co (E:\\green-peddle\\gp-app\\server\\generated\\prisma\\runtime\\client.js:14:8907)\n    at Ao (E:\\green-peddle\\gp-app\\server\\generated\\prisma\\runtime\\client.js:14:8414)\n    at Co (E:\\green-peddle\\gp-app\\server\\generated\\prisma\\runtime\\client.js:14:8907)\n    at Et (E:\\green-peddle\\gp-app\\server\\generated\\prisma\\runtime\\client.js:14:5909)\n    at pr (E:\\green-peddle\\gp-app\\server\\generated\\prisma\\runtime\\client.js:14:5811)","timestamp":"2026-04-09T12:46:17.322Z"}
{"alpha":"","endDate":"null","level":"info","message":"Admin fetching all users with filters","role":"All","search":"s","startDate":"null","status":"All","timestamp":"2026-04-09T12:46:17.339Z"}
{"clientVersion":"7.6.0","level":"error","message":"Error fetching users \nInvalid `prisma.user.findMany()` invocation in\nE:\\green-peddle\\gp-app\\server\\src\\modules\\admin\\admin.service.ts:97:17\n\n  94 const take = Number(limit);\n  95 \n  96 const [users, totalRecords] = await Promise.all([\n→ 97   prisma.user.findMany({\n         where: {\n           createdAt: {\n             gte: new Date(\"Invalid Date\"),\n                  ~~~~~~~~~~~~~~~~~~~~~~~~\n             lte: new Date(\"Invalid Date\")\n           },\n           OR: [\n             {\n               name: {\n                 contains: \"s\",\n                 mode: \"insensitive\"\n               }\n             },\n             {\n               email: {\n                 contains: \"s\",\n                 mode: \"insensitive\"\n               }\n             }\n           ]\n         },\n         select: {\n           id: true,\n           name: true,\n           email: true,\n           role: true,\n           isEmailVerified: true,\n           createdAt: true\n         },\n         orderBy: {\n           createdAt: \"desc\"\n         },\n         skip: 0,\n         take: 20\n       })\n\nInvalid value for argument `gte`: Provided Date object is invalid. Expected Date.","name":"PrismaClientValidationError","stack":"PrismaClientValidationError: \nInvalid `prisma.user.findMany()` invocation in\nE:\\green-peddle\\gp-app\\server\\src\\modules\\admin\\admin.service.ts:97:17\n\n  94 const take = Number(limit);\n  95 \n  96 const [users, totalRecords] = await Promise.all([\n→ 97   prisma.user.findMany({\n         where: {\n           createdAt: {\n             gte: new Date(\"Invalid Date\"),\n                  ~~~~~~~~~~~~~~~~~~~~~~~~\n             lte: new Date(\"Invalid Date\")\n           },\n           OR: [\n             {\n               name: {\n                 contains: \"s\",\n                 mode: \"insensitive\"\n               }\n             },\n             {\n               email: {\n                 contains: \"s\",\n                 mode: \"insensitive\"\n               }\n             }\n           ]\n         },\n         select: {\n           id: true,\n           name: true,\n           email: true,\n           role: true,\n           isEmailVerified: true,\n           createdAt: true\n         },\n         orderBy: {\n           createdAt: \"desc\"\n         },\n         skip: 0,\n         take: 20\n       })\n\nInvalid value for argument `gte`: Provided Date object is invalid. Expected Date.\n    at ar (E:\\green-peddle\\gp-app\\server\\generated\\prisma\\runtime\\client.js:14:1374)\n    at e.throwValidationError (E:\\green-peddle\\gp-app\\server\\generated\\prisma\\runtime\\client.js:14:10216)\n    at Ao (E:\\green-peddle\\gp-app\\server\\generated\\prisma\\runtime\\client.js:14:7548)\n    at Co (E:\\green-peddle\\gp-app\\server\\generated\\prisma\\runtime\\client.js:14:8907)\n    at Ao (E:\\green-peddle\\gp-app\\server\\generated\\prisma\\runtime\\client.js:14:8414)\n    at Co (E:\\green-peddle\\gp-app\\server\\generated\\prisma\\runtime\\client.js:14:8907)\n    at Ao (E:\\green-peddle\\gp-app\\server\\generated\\prisma\\runtime\\client.js:14:8414)\n    at Co (E:\\green-peddle\\gp-app\\server\\generated\\prisma\\runtime\\client.js:14:8907)\n    at Et (E:\\green-peddle\\gp-app\\server\\generated\\prisma\\runtime\\client.js:14:5909)\n    at pr (E:\\green-peddle\\gp-app\\server\\generated\\prisma\\runtime\\client.js:14:5811)","timestamp":"2026-04-09T12:46:17.350Z"}
{"alpha":"","endDate":"null","level":"info","limit":"20","message":"Admin fetching all users with filters","page":"1","role":"All","search":"ss","startDate":"null","status":"All","timestamp":"2026-04-09T12:46:22.156Z"}
{"clientVersion":"7.6.0","level":"error","message":"Error fetching users \nInvalid `prisma.user.findMany()` invocation in\nE:\\green-peddle\\gp-app\\server\\src\\modules\\admin\\admin.service.ts:97:17\n\n  94 const take = Number(limit);\n  95 \n  96 const [users, totalRecords] = await Promise.all([\n→ 97   prisma.user.findMany({\n         where: {\n           createdAt: {\n             gte: new Date(\"Invalid Date\"),\n                  ~~~~~~~~~~~~~~~~~~~~~~~~\n             lte: new Date(\"Invalid Date\")\n           },\n           OR: [\n             {\n               name: {\n                 contains: \"ss\",\n                 mode: \"insensitive\"\n               }\n             },\n             {\n               email: {\n                 contains: \"ss\",\n                 mode: \"insensitive\"\n               }\n             }\n           ]\n         },\n         select: {\n           id: true,\n           name: true,\n           email: true,\n           role: true,\n           isEmailVerified: true,\n           createdAt: true\n         },\n         orderBy: {\n           createdAt: \"desc\"\n         },\n         skip: 0,\n         take: 20\n       })\n\nInvalid value for argument `gte`: Provided Date object is invalid. Expected Date.","name":"PrismaClientValidationError","stack":"PrismaClientValidationError: \nInvalid `prisma.user.findMany()` invocation in\nE:\\green-peddle\\gp-app\\server\\src\\modules\\admin\\admin.service.ts:97:17\n\n  94 const take = Number(limit);\n  95 \n  96 const [users, totalRecords] = await Promise.all([\n→ 97   prisma.user.findMany({\n         where: {\n           createdAt: {\n             gte: new Date(\"Invalid Date\"),\n                  ~~~~~~~~~~~~~~~~~~~~~~~~\n             lte: new Date(\"Invalid Date\")\n           },\n           OR: [\n             {\n               name: {\n                 contains: \"ss\",\n                 mode: \"insensitive\"\n               }\n             },\n             {\n               email: {\n                 contains: \"ss\",\n                 mode: \"insensitive\"\n               }\n             }\n           ]\n         },\n         select: {\n           id: true,\n           name: true,\n           email: true,\n           role: true,\n           isEmailVerified: true,\n           createdAt: true\n         },\n         orderBy: {\n           createdAt: \"desc\"\n         },\n         skip: 0,\n         take: 20\n       })\n\nInvalid value for argument `gte`: Provided Date object is invalid. Expected Date.\n    at ar (E:\\green-peddle\\gp-app\\server\\generated\\prisma\\runtime\\client.js:14:1374)\n    at e.throwValidationError (E:\\green-peddle\\gp-app\\server\\generated\\prisma\\runtime\\client.js:14:10216)\n    at Ao (E:\\green-peddle\\gp-app\\server\\generated\\prisma\\runtime\\client.js:14:7548)\n    at Co (E:\\green-peddle\\gp-app\\server\\generated\\prisma\\runtime\\client.js:14:8907)\n    at Ao (E:\\green-peddle\\gp-app\\server\\generated\\prisma\\runtime\\client.js:14:8414)\n    at Co (E:\\green-peddle\\gp-app\\server\\generated\\prisma\\runtime\\client.js:14:8907)\n    at Ao (E:\\green-peddle\\gp-app\\server\\generated\\prisma\\runtime\\client.js:14:8414)\n    at Co (E:\\green-peddle\\gp-app\\server\\generated\\prisma\\runtime\\client.js:14:8907)\n    at Et (E:\\green-peddle\\gp-app\\server\\generated\\prisma\\runtime\\client.js:14:5909)\n    at pr (E:\\green-peddle\\gp-app\\server\\generated\\prisma\\runtime\\client.js:14:5811)","timestamp":"2026-04-09T12:46:22.158Z"}
{"alpha":"","endDate":"null","level":"info","limit":"20","message":"Admin fetching all users with filters","page":"1","role":"All","search":"ss","startDate":"null","status":"All","timestamp":"2026-04-09T12:46:22.194Z"}
{"clientVersion":"7.6.0","level":"error","message":"Error fetching users \nInvalid `prisma.user.findMany()` invocation in\nE:\\green-peddle\\gp-app\\server\\src\\modules\\admin\\admin.service.ts:97:17\n\n  94 const take = Number(limit);\n  95 \n  96 const [users, totalRecords] = await Promise.all([\n→ 97   prisma.user.findMany({\n         where: {\n           createdAt: {\n             gte: new Date(\"Invalid Date\"),\n                  ~~~~~~~~~~~~~~~~~~~~~~~~\n             lte: new Date(\"Invalid Date\")\n           },\n           OR: [\n             {\n               name: {\n                 contains: \"ss\",\n                 mode: \"insensitive\"\n               }\n             },\n             {\n               email: {\n                 contains: \"ss\",\n                 mode: \"insensitive\"\n               }\n             }\n           ]\n         },\n         select: {\n           id: true,\n           name: true,\n           email: true,\n           role: true,\n           isEmailVerified: true,\n           createdAt: true\n         },\n         orderBy: {\n           createdAt: \"desc\"\n         },\n         skip: 0,\n         take: 20\n       })\n\nInvalid value for argument `gte`: Provided Date object is invalid. Expected Date.","name":"PrismaClientValidationError","stack":"PrismaClientValidationError: \nInvalid `prisma.user.findMany()` invocation in\nE:\\green-peddle\\gp-app\\server\\src\\modules\\admin\\admin.service.ts:97:17\n\n  94 const take = Number(limit);\n  95 \n  96 const [users, totalRecords] = await Promise.all([\n→ 97   prisma.user.findMany({\n         where: {\n           createdAt: {\n             gte: new Date(\"Invalid Date\"),\n                  ~~~~~~~~~~~~~~~~~~~~~~~~\n             lte: new Date(\"Invalid Date\")\n           },\n           OR: [\n             {\n               name: {\n                 contains: \"ss\",\n                 mode: \"insensitive\"\n               }\n             },\n             {\n               email: {\n                 contains: \"ss\",\n                 mode: \"insensitive\"\n               }\n             }\n           ]\n         },\n         select: {\n           id: true,\n           name: true,\n           email: true,\n           role: true,\n           isEmailVerified: true,\n           createdAt: true\n         },\n         orderBy: {\n           createdAt: \"desc\"\n         },\n         skip: 0,\n         take: 20\n       })\n\nInvalid value for argument `gte`: Provided Date object is invalid. Expected Date.\n    at ar (E:\\green-peddle\\gp-app\\server\\generated\\prisma\\runtime\\client.js:14:1374)\n    at e.throwValidationError (E:\\green-peddle\\gp-app\\server\\generated\\prisma\\runtime\\client.js:14:10216)\n    at Ao (E:\\green-peddle\\gp-app\\server\\generated\\prisma\\runtime\\client.js:14:7548)\n    at Co (E:\\green-peddle\\gp-app\\server\\generated\\prisma\\runtime\\client.js:14:8907)\n    at Ao (E:\\green-peddle\\gp-app\\server\\generated\\prisma\\runtime\\client.js:14:8414)\n    at Co (E:\\green-peddle\\gp-app\\server\\generated\\prisma\\runtime\\client.js:14:8907)\n    at Ao (E:\\green-peddle\\gp-app\\server\\generated\\prisma\\runtime\\client.js:14:8414)\n    at Co (E:\\green-peddle\\gp-app\\server\\generated\\prisma\\runtime\\client.js:14:8907)\n    at Et (E:\\green-peddle\\gp-app\\server\\generated\\prisma\\runtime\\client.js:14:5909)\n    at pr (E:\\green-peddle\\gp-app\\server\\generated\\prisma\\runtime\\client.js:14:5811)","timestamp":"2026-04-09T12:46:22.196Z"}
{"alpha":"","endDate":"null","level":"info","message":"Admin fetching all users with filters","role":"All","search":"ss","startDate":"null","status":"All","timestamp":"2026-04-09T12:46:22.200Z"}
{"clientVersion":"7.6.0","level":"error","message":"Error fetching users \nInvalid `prisma.user.findMany()` invocation in\nE:\\green-peddle\\gp-app\\server\\src\\modules\\admin\\admin.service.ts:97:17\n\n  94 const take = Number(limit);\n  95 \n  96 const [users, totalRecords] = await Promise.all([\n→ 97   prisma.user.findMany({\n         where: {\n           createdAt: {\n             gte: new Date(\"Invalid Date\"),\n                  ~~~~~~~~~~~~~~~~~~~~~~~~\n             lte: new Date(\"Invalid Date\")\n           },\n           OR: [\n             {\n               name: {\n                 contains: \"ss\",\n                 mode: \"insensitive\"\n               }\n             },\n             {\n               email: {\n                 contains: \"ss\",\n                 mode: \"insensitive\"\n               }\n             }\n           ]\n         },\n         select: {\n           id: true,\n           name: true,\n           email: true,\n           role: true,\n           isEmailVerified: true,\n           createdAt: true\n         },\n         orderBy: {\n           createdAt: \"desc\"\n         },\n         skip: 0,\n         take: 20\n       })\n\nInvalid value for argument `gte`: Provided Date object is invalid. Expected Date.","name":"PrismaClientValidationError","stack":"PrismaClientValidationError: \nInvalid `prisma.user.findMany()` invocation in\nE:\\green-peddle\\gp-app\\server\\src\\modules\\admin\\admin.service.ts:97:17\n\n  94 const take = Number(limit);\n  95 \n  96 const [users, totalRecords] = await Promise.all([\n→ 97   prisma.user.findMany({\n         where: {\n           createdAt: {\n             gte: new Date(\"Invalid Date\"),\n                  ~~~~~~~~~~~~~~~~~~~~~~~~\n             lte: new Date(\"Invalid Date\")\n           },\n           OR: [\n             {\n               name: {\n                 contains: \"ss\",\n                 mode: \"insensitive\"\n               }\n             },\n             {\n               email: {\n                 contains: \"ss\",\n                 mode: \"insensitive\"\n               }\n             }\n           ]\n         },\n         select: {\n           id: true,\n           name: true,\n           email: true,\n           role: true,\n           isEmailVerified: true,\n           createdAt: true\n         },\n         orderBy: {\n           createdAt: \"desc\"\n         },\n         skip: 0,\n         take: 20\n       })\n\nInvalid value for argument `gte`: Provided Date object is invalid. Expected Date.\n    at ar (E:\\green-peddle\\gp-app\\server\\generated\\prisma\\runtime\\client.js:14:1374)\n    at e.throwValidationError (E:\\green-peddle\\gp-app\\server\\generated\\prisma\\runtime\\client.js:14:10216)\n    at Ao (E:\\green-peddle\\gp-app\\server\\generated\\prisma\\runtime\\client.js:14:7548)\n    at Co (E:\\green-peddle\\gp-app\\server\\generated\\prisma\\runtime\\client.js:14:8907)\n    at Ao (E:\\green-peddle\\gp-app\\server\\generated\\prisma\\runtime\\client.js:14:8414)\n    at Co (E:\\green-peddle\\gp-app\\server\\generated\\prisma\\runtime\\client.js:14:8907)\n    at Ao (E:\\green-peddle\\gp-app\\server\\generated\\prisma\\runtime\\client.js:14:8414)\n    at Co (E:\\green-peddle\\gp-app\\server\\generated\\prisma\\runtime\\client.js:14:8907)\n    at Et (E:\\green-peddle\\gp-app\\server\\generated\\prisma\\runtime\\client.js:14:5909)\n    at pr (E:\\green-peddle\\gp-app\\server\\generated\\prisma\\runtime\\client.js:14:5811)","timestamp":"2026-04-09T12:46:22.204Z"}
{"alpha":"","endDate":"null","level":"info","limit":"20","message":"Admin fetching all users with filters","page":"1","role":"All","search":"","startDate":"null","status":"All","timestamp":"2026-04-09T12:46:24.502Z"}
{"clientVersion":"7.6.0","level":"error","message":"Error fetching users \nInvalid `prisma.user.findMany()` invocation in\nE:\\green-peddle\\gp-app\\server\\src\\modules\\admin\\admin.service.ts:97:17\n\n  94 const take = Number(limit);\n  95 \n  96 const [users, totalRecords] = await Promise.all([\n→ 97   prisma.user.findMany({\n         where: {\n           createdAt: {\n             gte: new Date(\"Invalid Date\"),\n                  ~~~~~~~~~~~~~~~~~~~~~~~~\n             lte: new Date(\"Invalid Date\")\n           }\n         },\n         select: {\n           id: true,\n           name: true,\n           email: true,\n           role: true,\n           isEmailVerified: true,\n           createdAt: true\n         },\n         orderBy: {\n           createdAt: \"desc\"\n         },\n         skip: 0,\n         take: 20\n       })\n\nInvalid value for argument `gte`: Provided Date object is invalid. Expected Date.","name":"PrismaClientValidationError","stack":"PrismaClientValidationError: \nInvalid `prisma.user.findMany()` invocation in\nE:\\green-peddle\\gp-app\\server\\src\\modules\\admin\\admin.service.ts:97:17\n\n  94 const take = Number(limit);\n  95 \n  96 const [users, totalRecords] = await Promise.all([\n→ 97   prisma.user.findMany({\n         where: {\n           createdAt: {\n             gte: new Date(\"Invalid Date\"),\n                  ~~~~~~~~~~~~~~~~~~~~~~~~\n             lte: new Date(\"Invalid Date\")\n           }\n         },\n         select: {\n           id: true,\n           name: true,\n           email: true,\n           role: true,\n           isEmailVerified: true,\n           createdAt: true\n         },\n         orderBy: {\n           createdAt: \"desc\"\n         },\n         skip: 0,\n         take: 20\n       })\n\nInvalid value for argument `gte`: Provided Date object is invalid. Expected Date.\n    at ar (E:\\green-peddle\\gp-app\\server\\generated\\prisma\\runtime\\client.js:14:1374)\n    at e.throwValidationError (E:\\green-peddle\\gp-app\\server\\generated\\prisma\\runtime\\client.js:14:10216)\n    at Ao (E:\\green-peddle\\gp-app\\server\\generated\\prisma\\runtime\\client.js:14:7548)\n    at Co (E:\\green-peddle\\gp-app\\server\\generated\\prisma\\runtime\\client.js:14:8907)\n    at Ao (E:\\green-peddle\\gp-app\\server\\generated\\prisma\\runtime\\client.js:14:8414)\n    at Co (E:\\green-peddle\\gp-app\\server\\generated\\prisma\\runtime\\client.js:14:8907)\n    at Ao (E:\\green-peddle\\gp-app\\server\\generated\\prisma\\runtime\\client.js:14:8414)\n    at Co (E:\\green-peddle\\gp-app\\server\\generated\\prisma\\runtime\\client.js:14:8907)\n    at Et (E:\\green-peddle\\gp-app\\server\\generated\\prisma\\runtime\\client.js:14:5909)\n    at pr (E:\\green-peddle\\gp-app\\server\\generated\\prisma\\runtime\\client.js:14:5811)","timestamp":"2026-04-09T12:46:24.505Z"}
{"alpha":"","endDate":"null","level":"info","limit":"20","message":"Admin fetching all users with filters","page":"1","role":"All","search":"","startDate":"null","status":"All","timestamp":"2026-04-09T12:46:24.552Z"}
{"clientVersion":"7.6.0","level":"error","message":"Error fetching users \nInvalid `prisma.user.findMany()` invocation in\nE:\\green-peddle\\gp-app\\server\\src\\modules\\admin\\admin.service.ts:97:17\n\n  94 const take = Number(limit);\n  95 \n  96 const [users, totalRecords] = await Promise.all([\n→ 97   prisma.user.findMany({\n         where: {\n           createdAt: {\n             gte: new Date(\"Invalid Date\"),\n                  ~~~~~~~~~~~~~~~~~~~~~~~~\n             lte: new Date(\"Invalid Date\")\n           }\n         },\n         select: {\n           id: true,\n           name: true,\n           email: true,\n           role: true,\n           isEmailVerified: true,\n           createdAt: true\n         },\n         orderBy: {\n           createdAt: \"desc\"\n         },\n         skip: 0,\n         take: 20\n       })\n\nInvalid value for argument `gte`: Provided Date object is invalid. Expected Date.","name":"PrismaClientValidationError","stack":"PrismaClientValidationError: \nInvalid `prisma.user.findMany()` invocation in\nE:\\green-peddle\\gp-app\\server\\src\\modules\\admin\\admin.service.ts:97:17\n\n  94 const take = Number(limit);\n  95 \n  96 const [users, totalRecords] = await Promise.all([\n→ 97   prisma.user.findMany({\n         where: {\n           createdAt: {\n             gte: new Date(\"Invalid Date\"),\n                  ~~~~~~~~~~~~~~~~~~~~~~~~\n             lte: new Date(\"Invalid Date\")\n           }\n         },\n         select: {\n           id: true,\n           name: true,\n           email: true,\n           role: true,\n           isEmailVerified: true,\n           createdAt: true\n         },\n         orderBy: {\n           createdAt: \"desc\"\n         },\n         skip: 0,\n         take: 20\n       })\n\nInvalid value for argument `gte`: Provided Date object is invalid. Expected Date.\n    at ar (E:\\green-peddle\\gp-app\\server\\generated\\prisma\\runtime\\client.js:14:1374)\n    at e.throwValidationError (E:\\green-peddle\\gp-app\\server\\generated\\prisma\\runtime\\client.js:14:10216)\n    at Ao (E:\\green-peddle\\gp-app\\server\\generated\\prisma\\runtime\\client.js:14:7548)\n    at Co (E:\\green-peddle\\gp-app\\server\\generated\\prisma\\runtime\\client.js:14:8907)\n    at Ao (E:\\green-peddle\\gp-app\\server\\generated\\prisma\\runtime\\client.js:14:8414)\n    at Co (E:\\green-peddle\\gp-app\\server\\generated\\prisma\\runtime\\client.js:14:8907)\n    at Ao (E:\\green-peddle\\gp-app\\server\\generated\\prisma\\runtime\\client.js:14:8414)\n    at Co (E:\\green-peddle\\gp-app\\server\\generated\\prisma\\runtime\\client.js:14:8907)\n    at Et (E:\\green-peddle\\gp-app\\server\\generated\\prisma\\runtime\\client.js:14:5909)\n    at pr (E:\\green-peddle\\gp-app\\server\\generated\\prisma\\runtime\\client.js:14:5811)","timestamp":"2026-04-09T12:46:24.554Z"}
{"alpha":"","endDate":"null","level":"info","message":"Admin fetching all users with filters","role":"All","search":"","startDate":"null","status":"All","timestamp":"2026-04-09T12:46:24.557Z"}
{"clientVersion":"7.6.0","level":"error","message":"Error fetching users \nInvalid `prisma.user.findMany()` invocation in\nE:\\green-peddle\\gp-app\\server\\src\\modules\\admin\\admin.service.ts:97:17\n\n  94 const take = Number(limit);\n  95 \n  96 const [users, totalRecords] = await Promise.all([\n→ 97   prisma.user.findMany({\n         where: {\n           createdAt: {\n             gte: new Date(\"Invalid Date\"),\n                  ~~~~~~~~~~~~~~~~~~~~~~~~\n             lte: new Date(\"Invalid Date\")\n           }\n         },\n         select: {\n           id: true,\n           name: true,\n           email: true,\n           role: true,\n           isEmailVerified: true,\n           createdAt: true\n         },\n         orderBy: {\n           createdAt: \"desc\"\n         },\n         skip: 0,\n         take: 20\n       })\n\nInvalid value for argument `gte`: Provided Date object is invalid. Expected Date.","name":"PrismaClientValidationError","stack":"PrismaClientValidationError: \nInvalid `prisma.user.findMany()` invocation in\nE:\\green-peddle\\gp-app\\server\\src\\modules\\admin\\admin.service.ts:97:17\n\n  94 const take = Number(limit);\n  95 \n  96 const [users, totalRecords] = await Promise.all([\n→ 97   prisma.user.findMany({\n         where: {\n           createdAt: {\n             gte: new Date(\"Invalid Date\"),\n                  ~~~~~~~~~~~~~~~~~~~~~~~~\n             lte: new Date(\"Invalid Date\")\n           }\n         },\n         select: {\n           id: true,\n           name: true,\n           email: true,\n           role: true,\n           isEmailVerified: true,\n           createdAt: true\n         },\n         orderBy: {\n           createdAt: \"desc\"\n         },\n         skip: 0,\n         take: 20\n       })\n\nInvalid value for argument `gte`: Provided Date object is invalid. Expected Date.\n    at ar (E:\\green-peddle\\gp-app\\server\\generated\\prisma\\runtime\\client.js:14:1374)\n    at e.throwValidationError (E:\\green-peddle\\gp-app\\server\\generated\\prisma\\runtime\\client.js:14:10216)\n    at Ao (E:\\green-peddle\\gp-app\\server\\generated\\prisma\\runtime\\client.js:14:7548)\n    at Co (E:\\green-peddle\\gp-app\\server\\generated\\prisma\\runtime\\client.js:14:8907)\n    at Ao (E:\\green-peddle\\gp-app\\server\\generated\\prisma\\runtime\\client.js:14:8414)\n    at Co (E:\\green-peddle\\gp-app\\server\\generated\\prisma\\runtime\\client.js:14:8907)\n    at Ao (E:\\green-peddle\\gp-app\\server\\generated\\prisma\\runtime\\client.js:14:8414)\n    at Co (E:\\green-peddle\\gp-app\\server\\generated\\prisma\\runtime\\client.js:14:8907)\n    at Et (E:\\green-peddle\\gp-app\\server\\generated\\prisma\\runtime\\client.js:14:5909)\n    at pr (E:\\green-peddle\\gp-app\\server\\generated\\prisma\\runtime\\client.js:14:5811)","timestamp":"2026-04-09T12:46:24.559Z"}
[2026-04-09 18:17:38] [32minfo[39m: 🚀 Server running on port 5000
[2026-04-09 18:17:38] [32minfo[39m: 📦 Connected to PostgreSQL using Prisma 7 adapter
{"level":"info","limit":"20","message":"Admin fetching all users with filters","page":"1","timestamp":"2026-04-09T12:51:04.828Z"}
{"level":"info","limit":"20","message":"Admin fetching all users with filters","page":"1","timestamp":"2026-04-09T12:51:04.909Z"}
{"level":"info","limit":"20","message":"Admin fetching all users with filters","page":"1","timestamp":"2026-04-09T12:51:04.970Z"}
{"level":"info","message":"Admin fetching all users with filters","timestamp":"2026-04-09T12:51:04.975Z"}
{"level":"info","limit":"20","message":"Admin fetching all users with filters","page":"1","timestamp":"2026-04-09T12:51:04.997Z"}
{"level":"info","message":"Admin fetching all users with filters","timestamp":"2026-04-09T12:51:05.038Z"}
{"level":"info","limit":"20","message":"Admin fetching all users with filters","page":"1","timestamp":"2026-04-09T12:51:27.707Z"}
{"level":"info","limit":"20","message":"Admin fetching all users with filters","page":"1","timestamp":"2026-04-09T12:51:27.755Z"}
{"level":"info","limit":"20","message":"Admin fetching all users with filters","page":"1","timestamp":"2026-04-09T12:51:27.766Z"}
{"level":"info","message":"Admin fetching all users with filters","timestamp":"2026-04-09T12:51:27.770Z"}
{"level":"info","limit":"20","message":"Admin fetching all users with filters","page":"1","timestamp":"2026-04-09T12:51:27.777Z"}
{"level":"info","message":"Admin fetching all users with filters","timestamp":"2026-04-09T12:51:27.812Z"}
{"level":"info","limit":"20","message":"Admin fetching all users with filters","page":"1","role":"SELLER","timestamp":"2026-04-09T12:51:34.428Z"}
{"level":"info","limit":"20","message":"Admin fetching all users with filters","page":"1","role":"SELLER","timestamp":"2026-04-09T12:51:34.452Z"}
{"level":"info","message":"Admin fetching all users with filters","role":"SELLER","timestamp":"2026-04-09T12:51:34.455Z"}
{"level":"info","limit":"20","message":"Admin fetching all users with filters","page":"1","timestamp":"2026-04-09T12:54:50.248Z"}
{"level":"info","limit":"20","message":"Admin fetching all users with filters","page":"1","timestamp":"2026-04-09T12:54:50.351Z"}
{"level":"info","message":"Admin fetching all users with filters","timestamp":"2026-04-09T12:54:50.357Z"}
{"level":"info","limit":"20","message":"Admin fetching all users with filters","page":"1","timestamp":"2026-04-09T12:54:50.362Z"}
{"level":"info","message":"Admin fetching all users with filters","timestamp":"2026-04-09T12:54:50.368Z"}
{"level":"info","limit":"20","message":"Admin fetching all users with filters","page":"1","timestamp":"2026-04-09T12:54:50.413Z"}
[2026-04-09 19:56:28] [32minfo[39m: 🚀 Server running on port 5000
[2026-04-09 19:56:29] [32minfo[39m: 📦 Connected to PostgreSQL using Prisma 7 adapter
{"level":"info","limit":"20","message":"Admin fetching all users with filters","page":"1","timestamp":"2026-04-09T14:39:42.527Z"}
{"level":"info","limit":"20","message":"Admin fetching all users with filters","page":"1","timestamp":"2026-04-09T14:39:42.654Z"}
{"level":"info","message":"Admin fetching all users with filters","timestamp":"2026-04-09T14:39:42.665Z"}
{"level":"info","limit":"20","message":"Admin fetching all users with filters","page":"1","timestamp":"2026-04-09T14:39:42.671Z"}
{"level":"info","message":"Admin fetching all users with filters","timestamp":"2026-04-09T14:39:42.685Z"}
{"level":"info","limit":"20","message":"Admin fetching all users with filters","page":"1","timestamp":"2026-04-09T14:39:42.743Z"}
{"level":"info","limit":"20","message":"Admin fetching all users with filters","page":"1","timestamp":"2026-04-09T14:58:32.469Z"}
{"level":"info","limit":"20","message":"Admin fetching all users with filters","page":"1","timestamp":"2026-04-09T14:58:32.614Z"}
{"level":"info","message":"Admin fetching all users with filters","timestamp":"2026-04-09T14:58:32.623Z"}
{"level":"info","limit":"20","message":"Admin fetching all users with filters","page":"1","timestamp":"2026-04-09T14:58:32.627Z"}
{"level":"info","message":"Admin fetching all users with filters","timestamp":"2026-04-09T14:58:32.638Z"}
{"level":"info","limit":"20","message":"Admin fetching all users with filters","page":"1","timestamp":"2026-04-09T14:58:32.693Z"}
{"level":"info","message":"Admin fetching user: fde079a5-9355-4043-be58-a03565432042","timestamp":"2026-04-09T14:58:34.644Z"}
{"level":"info","message":"Admin fetching user: fde079a5-9355-4043-be58-a03565432042","timestamp":"2026-04-09T14:58:34.706Z"}
{"level":"info","limit":"20","message":"Admin fetching all users with filters","page":"1","timestamp":"2026-04-09T14:58:39.047Z"}
{"level":"info","limit":"20","message":"Admin fetching all users with filters","page":"1","timestamp":"2026-04-09T14:58:39.053Z"}
{"level":"info","limit":"20","message":"Admin fetching all users with filters","page":"1","timestamp":"2026-04-09T14:58:39.074Z"}
{"level":"info","message":"Admin fetching all users with filters","timestamp":"2026-04-09T14:58:39.078Z"}
{"level":"info","limit":"20","message":"Admin fetching all users with filters","page":"1","timestamp":"2026-04-09T14:58:39.091Z"}
{"level":"info","message":"Admin fetching all users with filters","timestamp":"2026-04-09T14:58:39.095Z"}
{"level":"info","message":"Admin fetching user: a2766cc2-8b25-482f-beee-9c1d30de8e18","timestamp":"2026-04-09T14:58:40.894Z"}
{"level":"info","message":"Admin fetching user: a2766cc2-8b25-482f-beee-9c1d30de8e18","timestamp":"2026-04-09T14:58:40.907Z"}
{"level":"info","limit":"20","message":"Admin fetching all users with filters","page":"1","timestamp":"2026-04-09T14:58:42.965Z"}
{"level":"info","limit":"20","message":"Admin fetching all users with filters","page":"1","timestamp":"2026-04-09T14:58:42.971Z"}
{"level":"info","message":"Admin fetching all users with filters","timestamp":"2026-04-09T14:58:42.992Z"}
{"level":"info","limit":"20","message":"Admin fetching all users with filters","page":"1","timestamp":"2026-04-09T14:58:42.998Z"}
{"level":"info","message":"Admin fetching all users with filters","timestamp":"2026-04-09T14:58:43.007Z"}
{"level":"info","limit":"20","message":"Admin fetching all users with filters","page":"1","timestamp":"2026-04-09T14:58:43.010Z"}
{"alpha":"I","level":"info","limit":"20","message":"Admin fetching all users with filters","page":"1","timestamp":"2026-04-09T15:00:44.152Z"}
{"alpha":"I","level":"info","limit":"20","message":"Admin fetching all users with filters","page":"1","timestamp":"2026-04-09T15:00:44.408Z"}
{"alpha":"I","level":"info","message":"Admin fetching all users with filters","timestamp":"2026-04-09T15:00:44.418Z"}
{"alpha":"S","level":"info","limit":"20","message":"Admin fetching all users with filters","page":"1","timestamp":"2026-04-09T15:00:47.818Z"}
{"alpha":"S","level":"info","limit":"20","message":"Admin fetching all users with filters","page":"1","timestamp":"2026-04-09T15:00:47.882Z"}
{"alpha":"S","level":"info","message":"Admin fetching all users with filters","timestamp":"2026-04-09T15:00:47.890Z"}
{"alpha":"S","level":"info","limit":"20","message":"Admin fetching all users with filters","page":"1","timestamp":"2026-04-09T15:00:53.946Z"}
{"alpha":"S","level":"info","limit":"20","message":"Admin fetching all users with filters","page":"1","timestamp":"2026-04-09T15:00:53.971Z"}
{"alpha":"S","level":"info","message":"Admin fetching all users with filters","timestamp":"2026-04-09T15:00:53.978Z"}
{"alpha":"S","level":"info","limit":"20","message":"Admin fetching all users with filters","page":"1","timestamp":"2026-04-09T15:00:55.057Z"}
{"alpha":"S","level":"info","message":"Admin fetching all users with filters","timestamp":"2026-04-09T15:00:55.078Z"}
{"alpha":"S","level":"info","limit":"20","message":"Admin fetching all users with filters","page":"1","timestamp":"2026-04-09T15:00:55.085Z"}
{"alpha":"S","level":"info","limit":"20","message":"Admin fetching all users with filters","page":"1","timestamp":"2026-04-09T15:00:56.069Z"}
{"alpha":"S","level":"info","message":"Admin fetching all users with filters","timestamp":"2026-04-09T15:00:56.094Z"}
{"alpha":"S","level":"info","limit":"20","message":"Admin fetching all users with filters","page":"1","timestamp":"2026-04-09T15:00:56.096Z"}
{"alpha":"S","level":"info","limit":"20","message":"Admin fetching all users with filters","page":"1","timestamp":"2026-04-09T15:00:57.869Z"}
{"alpha":"S","level":"info","message":"Admin fetching all users with filters","timestamp":"2026-04-09T15:00:57.881Z"}
{"alpha":"S","level":"info","limit":"20","message":"Admin fetching all users with filters","page":"1","timestamp":"2026-04-09T15:00:57.884Z"}
{"alpha":"S","level":"info","limit":"20","message":"Admin fetching all users with filters","page":"1","timestamp":"2026-04-09T15:00:58.648Z"}
{"alpha":"S","level":"info","message":"Admin fetching all users with filters","timestamp":"2026-04-09T15:00:58.655Z"}
{"alpha":"S","level":"info","limit":"20","message":"Admin fetching all users with filters","page":"1","timestamp":"2026-04-09T15:00:58.658Z"}
{"alpha":"S","level":"info","limit":"20","message":"Admin fetching all users with filters","page":"1","timestamp":"2026-04-09T15:00:59.585Z"}
{"alpha":"S","level":"info","limit":"20","message":"Admin fetching all users with filters","page":"1","timestamp":"2026-04-09T15:00:59.593Z"}
{"alpha":"S","level":"info","message":"Admin fetching all users with filters","timestamp":"2026-04-09T15:00:59.596Z"}
{"level":"info","limit":"20","message":"Admin fetching all users with filters","page":"1","timestamp":"2026-04-09T15:01:36.554Z"}
{"level":"info","limit":"20","message":"Admin fetching all users with filters","page":"1","timestamp":"2026-04-09T15:01:36.619Z"}
{"level":"info","message":"Admin fetching all users with filters","timestamp":"2026-04-09T15:01:36.627Z"}
{"level":"info","limit":"20","message":"Admin fetching all users with filters","page":"1","timestamp":"2026-04-09T15:01:36.630Z"}
{"level":"info","message":"Admin fetching all users with filters","timestamp":"2026-04-09T15:01:36.636Z"}
{"level":"info","limit":"20","message":"Admin fetching all users with filters","page":"1","timestamp":"2026-04-09T15:01:36.686Z"}
{"level":"info","message":"Admin fetching user: 4e21db01-97db-42ea-be6f-cad203ff424e","timestamp":"2026-04-09T15:01:58.804Z"}
{"level":"info","message":"Admin fetching user: 4e21db01-97db-42ea-be6f-cad203ff424e","timestamp":"2026-04-09T15:01:58.868Z"}
{"level":"info","message":"Admin fetching user: 4e21db01-97db-42ea-be6f-cad203ff424e","timestamp":"2026-04-09T15:02:27.926Z"}
{"level":"info","message":"Admin fetching user: 4e21db01-97db-42ea-be6f-cad203ff424e","timestamp":"2026-04-09T15:02:28.080Z"}
{"level":"info","message":"Admin fetching user: 4e21db01-97db-42ea-be6f-cad203ff424e","timestamp":"2026-04-09T15:02:58.359Z"}
{"level":"info","message":"Admin fetching user: 4e21db01-97db-42ea-be6f-cad203ff424e","timestamp":"2026-04-09T15:02:58.425Z"}
{"level":"info","message":"Admin fetching user: 4e21db01-97db-42ea-be6f-cad203ff424e","timestamp":"2026-04-09T15:03:24.626Z"}
{"level":"info","message":"Admin fetching user: 4e21db01-97db-42ea-be6f-cad203ff424e","timestamp":"2026-04-09T15:03:24.682Z"}
{"level":"info","message":"Admin fetching user: 4e21db01-97db-42ea-be6f-cad203ff424e","timestamp":"2026-04-09T15:06:54.250Z"}
{"level":"info","message":"Admin fetching user: 4e21db01-97db-42ea-be6f-cad203ff424e","timestamp":"2026-04-09T15:06:54.315Z"}
{"level":"info","message":"Admin fetching user: 4e21db01-97db-42ea-be6f-cad203ff424e","timestamp":"2026-04-09T15:07:22.770Z"}
{"level":"info","message":"Admin fetching user: 4e21db01-97db-42ea-be6f-cad203ff424e","timestamp":"2026-04-09T15:07:22.859Z"}
{"level":"info","message":"Admin fetching user: 4e21db01-97db-42ea-be6f-cad203ff424e","timestamp":"2026-04-09T15:07:29.853Z"}
{"level":"info","message":"Admin fetching user: 4e21db01-97db-42ea-be6f-cad203ff424e","timestamp":"2026-04-09T15:07:29.863Z"}
{"level":"info","limit":"20","message":"Admin fetching all users with filters","page":"1","timestamp":"2026-04-09T15:07:31.455Z"}
{"level":"info","limit":"20","message":"Admin fetching all users with filters","page":"1","timestamp":"2026-04-09T15:07:31.513Z"}
{"level":"info","message":"Admin fetching all users with filters","timestamp":"2026-04-09T15:07:31.522Z"}
{"level":"info","limit":"20","message":"Admin fetching all users with filters","page":"1","timestamp":"2026-04-09T15:07:31.528Z"}
{"level":"info","message":"Admin fetching all users with filters","timestamp":"2026-04-09T15:07:31.534Z"}
{"level":"info","limit":"20","message":"Admin fetching all users with filters","page":"1","timestamp":"2026-04-09T15:07:31.579Z"}
{"level":"info","message":"Admin fetching user: fde079a5-9355-4043-be58-a03565432042","timestamp":"2026-04-09T15:07:34.757Z"}
{"level":"info","message":"Admin fetching user: fde079a5-9355-4043-be58-a03565432042","timestamp":"2026-04-09T15:07:34.770Z"}
{"level":"info","message":"Admin fetching user: fde079a5-9355-4043-be58-a03565432042","timestamp":"2026-04-09T15:09:03.489Z"}
{"level":"info","message":"Admin fetching user: fde079a5-9355-4043-be58-a03565432042","timestamp":"2026-04-09T15:09:03.655Z"}
{"level":"info","message":"Admin fetching user: fde079a5-9355-4043-be58-a03565432042","timestamp":"2026-04-09T15:09:13.587Z"}
{"level":"info","message":"Admin fetching user: fde079a5-9355-4043-be58-a03565432042","timestamp":"2026-04-09T15:09:13.597Z"}
{"level":"info","limit":"20","message":"Admin fetching all users with filters","page":"1","timestamp":"2026-04-09T15:10:59.873Z"}
{"level":"info","limit":"20","message":"Admin fetching all users with filters","page":"1","timestamp":"2026-04-09T15:10:59.927Z"}
{"level":"info","message":"Admin fetching all users with filters","timestamp":"2026-04-09T15:10:59.934Z"}
{"level":"info","limit":"20","message":"Admin fetching all users with filters","page":"1","timestamp":"2026-04-09T15:10:59.937Z"}
{"level":"info","message":"Admin fetching all users with filters","timestamp":"2026-04-09T15:10:59.945Z"}
{"level":"info","limit":"20","message":"Admin fetching all users with filters","page":"1","timestamp":"2026-04-09T15:10:59.992Z"}
{"level":"info","message":"Admin fetching user: fde079a5-9355-4043-be58-a03565432042","timestamp":"2026-04-09T15:26:53.785Z"}
{"level":"info","message":"Admin fetching user: fde079a5-9355-4043-be58-a03565432042","timestamp":"2026-04-09T15:26:53.939Z"}
{"level":"info","limit":"20","message":"Admin fetching all users with filters","page":"1","timestamp":"2026-04-09T15:28:16.118Z"}
{"level":"info","limit":"20","message":"Admin fetching all users with filters","page":"1","timestamp":"2026-04-09T15:28:16.296Z"}
{"level":"info","limit":"20","message":"Admin fetching all users with filters","page":"1","timestamp":"2026-04-09T15:28:16.306Z"}
{"level":"info","message":"Admin fetching all users with filters","timestamp":"2026-04-09T15:28:16.312Z"}
{"level":"info","limit":"20","message":"Admin fetching all users with filters","page":"1","timestamp":"2026-04-09T15:28:16.330Z"}
{"level":"info","message":"Admin fetching all users with filters","timestamp":"2026-04-09T15:28:16.381Z"}
{"level":"info","limit":"20","message":"Admin fetching all users with filters","page":"1","search":"sel","timestamp":"2026-04-09T15:35:00.499Z"}
{"level":"info","limit":"20","message":"Admin fetching all users with filters","page":"1","search":"sell","timestamp":"2026-04-09T15:35:00.651Z"}
{"level":"info","limit":"20","message":"Admin fetching all users with filters","page":"1","search":"sel","timestamp":"2026-04-09T15:35:00.739Z"}
{"level":"info","limit":"20","message":"Admin fetching all users with filters","page":"1","search":"sell","timestamp":"2026-04-09T15:35:00.745Z"}
{"level":"info","message":"Admin fetching all users with filters","search":"sell","timestamp":"2026-04-09T15:35:00.754Z"}
{"level":"info","message":"Admin fetching all users with filters","search":"sell","timestamp":"2026-04-09T15:35:00.833Z"}
{"level":"info","limit":"20","message":"Admin fetching all users with filters","page":"1","search":"selle","timestamp":"2026-04-09T15:35:00.868Z"}
{"level":"info","limit":"20","message":"Admin fetching all users with filters","page":"1","search":"selle","timestamp":"2026-04-09T15:35:00.884Z"}
{"level":"info","message":"Admin fetching all users with filters","search":"selle","timestamp":"2026-04-09T15:35:00.888Z"}
{"level":"info","limit":"20","message":"Admin fetching all users with filters","page":"1","search":"seller","timestamp":"2026-04-09T15:35:01.040Z"}
{"level":"info","limit":"20","message":"Admin fetching all users with filters","page":"1","search":"seller","timestamp":"2026-04-09T15:35:01.075Z"}
{"level":"info","message":"Admin fetching all users with filters","search":"seller","timestamp":"2026-04-09T15:35:01.080Z"}
{"level":"info","limit":"20","message":"Admin fetching all users with filters","page":"1","search":"seller","timestamp":"2026-04-09T15:35:01.210Z"}
{"level":"info","message":"Admin fetching all users with filters","search":"seller","timestamp":"2026-04-09T15:35:01.253Z"}
{"level":"info","limit":"20","message":"Admin fetching all users with filters","page":"1","search":"seller","timestamp":"2026-04-09T15:35:01.258Z"}
{"level":"info","limit":"20","message":"Admin fetching all users with filters","page":"1","search":"seller","timestamp":"2026-04-09T15:35:01.444Z"}
{"level":"info","message":"Admin fetching all users with filters","search":"seller","timestamp":"2026-04-09T15:35:01.462Z"}
{"level":"info","limit":"20","message":"Admin fetching all users with filters","page":"1","search":"seller","timestamp":"2026-04-09T15:35:01.465Z"}
{"level":"info","limit":"20","message":"Admin fetching all users with filters","page":"1","search":"sellerfive","timestamp":"2026-04-09T15:35:04.177Z"}
{"level":"info","limit":"20","message":"Admin fetching all users with filters","page":"1","search":"sellerfive","timestamp":"2026-04-09T15:35:04.228Z"}
{"level":"info","message":"Admin fetching all users with filters","search":"sellerfive","timestamp":"2026-04-09T15:35:04.233Z"}
{"level":"info","limit":"20","message":"Admin fetching all users with filters","page":"1","search":"sellerfive","timestamp":"2026-04-09T15:35:04.309Z"}
{"level":"info","message":"Admin fetching all users with filters","search":"sellerfive","timestamp":"2026-04-09T15:35:04.324Z"}
{"level":"info","limit":"20","message":"Admin fetching all users with filters","page":"1","search":"sellerfive","timestamp":"2026-04-09T15:35:04.328Z"}
{"level":"info","limit":"20","message":"Admin fetching all users with filters","page":"1","search":"sellerfive","timestamp":"2026-04-09T15:35:04.427Z"}
{"level":"info","message":"Admin fetching all users with filters","search":"sellerfive","timestamp":"2026-04-09T15:35:04.441Z"}
{"level":"info","limit":"20","message":"Admin fetching all users with filters","page":"1","search":"sellerfive","timestamp":"2026-04-09T15:35:04.447Z"}
{"level":"info","limit":"20","message":"Admin fetching all users with filters","page":"1","search":"sellerfive","timestamp":"2026-04-09T15:35:04.628Z"}
{"level":"info","message":"Admin fetching all users with filters","search":"sellerfive","timestamp":"2026-04-09T15:35:04.661Z"}
{"level":"info","limit":"20","message":"Admin fetching all users with filters","page":"1","search":"sellerfive","timestamp":"2026-04-09T15:35:04.665Z"}
{"level":"info","limit":"20","message":"Admin fetching all users with filters","page":"1","timestamp":"2026-04-09T15:35:06.102Z"}
{"level":"info","limit":"20","message":"Admin fetching all users with filters","page":"1","timestamp":"2026-04-09T15:35:06.139Z"}
{"level":"info","message":"Admin fetching all users with filters","timestamp":"2026-04-09T15:35:06.143Z"}
{"level":"info","limit":"20","message":"Admin fetching all users with filters","page":"1","search":"se","timestamp":"2026-04-09T15:35:06.864Z"}
{"level":"info","limit":"20","message":"Admin fetching all users with filters","page":"1","search":"se","timestamp":"2026-04-09T15:35:06.912Z"}
{"level":"info","message":"Admin fetching all users with filters","search":"se","timestamp":"2026-04-09T15:35:06.916Z"}
{"level":"info","limit":"20","message":"Admin fetching all users with filters","page":"1","search":"seee","timestamp":"2026-04-09T15:35:07.067Z"}
{"level":"info","limit":"20","message":"Admin fetching all users with filters","page":"1","search":"seee","timestamp":"2026-04-09T15:35:07.090Z"}
{"level":"info","message":"Admin fetching all users with filters","search":"seee","timestamp":"2026-04-09T15:35:07.095Z"}
{"level":"info","limit":"20","message":"Admin fetching all users with filters","page":"1","search":"seee","timestamp":"2026-04-09T15:35:07.378Z"}
{"level":"info","message":"Admin fetching all users with filters","search":"seee","timestamp":"2026-04-09T15:35:07.416Z"}
{"level":"info","limit":"20","message":"Admin fetching all users with filters","page":"1","search":"seee","timestamp":"2026-04-09T15:35:07.421Z"}
{"level":"info","limit":"20","message":"Admin fetching all users with filters","page":"1","search":"seee","timestamp":"2026-04-09T15:35:07.547Z"}
{"level":"info","message":"Admin fetching all users with filters","search":"seee","timestamp":"2026-04-09T15:35:07.584Z"}
{"level":"info","limit":"20","message":"Admin fetching all users with filters","page":"1","search":"seee","timestamp":"2026-04-09T15:35:07.589Z"}
{"level":"info","limit":"20","message":"Admin fetching all users with filters","page":"1","timestamp":"2026-04-09T15:35:09.812Z"}
{"level":"info","message":"Admin fetching all users with filters","timestamp":"2026-04-09T15:35:09.844Z"}
{"level":"info","limit":"20","message":"Admin fetching all users with filters","page":"1","timestamp":"2026-04-09T15:35:09.848Z"}
{"alpha":"F","level":"info","limit":"20","message":"Admin fetching all users with filters","page":"1","timestamp":"2026-04-09T15:36:21.176Z"}
{"alpha":"F","level":"info","limit":"20","message":"Admin fetching all users with filters","page":"1","timestamp":"2026-04-09T15:36:21.271Z"}
{"alpha":"F","level":"info","message":"Admin fetching all users with filters","timestamp":"2026-04-09T15:36:21.276Z"}
{"alpha":"E","level":"info","limit":"20","message":"Admin fetching all users with filters","page":"1","timestamp":"2026-04-09T15:36:22.307Z"}
{"alpha":"E","level":"info","limit":"20","message":"Admin fetching all users with filters","page":"1","timestamp":"2026-04-09T15:36:22.339Z"}
{"alpha":"E","level":"info","message":"Admin fetching all users with filters","timestamp":"2026-04-09T15:36:22.344Z"}
{"level":"info","limit":"20","message":"Admin fetching all users with filters","page":"1","timestamp":"2026-04-09T15:36:23.859Z"}
{"level":"info","limit":"20","message":"Admin fetching all users with filters","page":"1","timestamp":"2026-04-09T15:36:23.885Z"}
{"level":"info","message":"Admin fetching all users with filters","timestamp":"2026-04-09T15:36:23.892Z"}
{"level":"info","limit":"20","message":"Admin fetching all users with filters","page":"1","role":"BUYER","timestamp":"2026-04-09T15:36:26.612Z"}
{"level":"info","limit":"20","message":"Admin fetching all users with filters","page":"1","role":"BUYER","timestamp":"2026-04-09T15:36:26.715Z"}
{"level":"info","message":"Admin fetching all users with filters","role":"BUYER","timestamp":"2026-04-09T15:36:26.720Z"}
{"level":"info","limit":"20","message":"Admin fetching all users with filters","page":"1","timestamp":"2026-04-09T15:36:28.331Z"}
{"level":"info","message":"Admin fetching all users with filters","timestamp":"2026-04-09T15:36:28.383Z"}
{"level":"info","limit":"20","message":"Admin fetching all users with filters","page":"1","timestamp":"2026-04-09T15:36:28.387Z"}
{"level":"info","limit":"20","message":"Admin fetching all users with filters","page":"1","role":"ADMIN","timestamp":"2026-04-09T15:36:30.554Z"}
{"level":"info","message":"Admin fetching all users with filters","role":"ADMIN","timestamp":"2026-04-09T15:36:30.656Z"}
{"level":"info","limit":"20","message":"Admin fetching all users with filters","page":"1","role":"ADMIN","timestamp":"2026-04-09T15:36:30.661Z"}
{"level":"info","message":"Admin fetching user: a39ce1dd-3e13-4285-8c27-0af5dc3089ab","timestamp":"2026-04-09T15:36:34.485Z"}
{"level":"info","message":"Admin fetching user: a39ce1dd-3e13-4285-8c27-0af5dc3089ab","timestamp":"2026-04-09T15:36:34.513Z"}
{"level":"info","limit":"20","message":"Admin fetching all users with filters","page":"1","timestamp":"2026-04-09T15:36:36.820Z"}
{"level":"info","limit":"20","message":"Admin fetching all users with filters","page":"1","timestamp":"2026-04-09T15:36:36.828Z"}
{"level":"info","limit":"20","message":"Admin fetching all users with filters","page":"1","timestamp":"2026-04-09T15:36:36.890Z"}
{"level":"info","message":"Admin fetching all users with filters","timestamp":"2026-04-09T15:36:36.896Z"}
{"level":"info","limit":"20","message":"Admin fetching all users with filters","page":"1","timestamp":"2026-04-09T15:36:36.939Z"}
{"level":"info","message":"Admin fetching all users with filters","timestamp":"2026-04-09T15:36:36.948Z"}
{"dateRange":"[]","level":"info","limit":"20","message":"Admin fetching all users with filters","page":"1","status":"PENDING","timestamp":"2026-04-09T15:36:39.244Z"}
{"dateRange":"[]","level":"info","limit":"20","message":"Admin fetching all users with filters","page":"1","status":"PENDING","timestamp":"2026-04-09T15:36:39.369Z"}
{"dateRange":"[]","level":"info","message":"Admin fetching all users with filters","status":"PENDING","timestamp":"2026-04-09T15:36:39.376Z"}
{"dateRange":"[]","level":"info","limit":"20","message":"Admin fetching all users with filters","page":"1","status":"APPROVED","timestamp":"2026-04-09T15:36:42.096Z"}
{"dateRange":"[]","level":"info","limit":"20","message":"Admin fetching all users with filters","page":"1","status":"APPROVED","timestamp":"2026-04-09T15:36:42.151Z"}
{"dateRange":"[]","level":"info","message":"Admin fetching all users with filters","status":"APPROVED","timestamp":"2026-04-09T15:36:42.155Z"}
{"dateRange":"[]","level":"info","limit":"20","message":"Admin fetching all users with filters","page":"1","status":"REJECTED","timestamp":"2026-04-09T15:36:44.603Z"}
{"dateRange":"[]","level":"info","limit":"20","message":"Admin fetching all users with filters","page":"1","status":"REJECTED","timestamp":"2026-04-09T15:36:44.649Z"}
{"dateRange":"[]","level":"info","message":"Admin fetching all users with filters","status":"REJECTED","timestamp":"2026-04-09T15:36:44.655Z"}
{"dateRange":"[]","level":"info","limit":"20","message":"Admin fetching all users with filters","page":"1","timestamp":"2026-04-09T15:36:47.396Z"}
{"dateRange":"[]","level":"info","limit":"20","message":"Admin fetching all users with filters","page":"1","timestamp":"2026-04-09T15:36:47.443Z"}
{"dateRange":"[]","level":"info","message":"Admin fetching all users with filters","timestamp":"2026-04-09T15:36:47.447Z"}
{"dateRange":"[\"2026-04-09T15:36:56.521Z\",\"2026-04-09T15:36:56.521Z\"]","endDate":"2026-04-09T15:36:56.521Z","level":"info","limit":"20","message":"Admin fetching all users with filters","page":"1","startDate":"2026-04-09T15:36:56.521Z","timestamp":"2026-04-09T15:36:56.929Z"}
{"dateRange":"[\"2026-04-09T15:36:56.521Z\",\"2026-04-09T15:36:56.521Z\"]","endDate":"2026-04-09T15:36:56.521Z","level":"info","limit":"20","message":"Admin fetching all users with filters","page":"1","startDate":"2026-04-09T15:36:56.521Z","timestamp":"2026-04-09T15:36:57.064Z"}
{"dateRange":"[\"2026-04-09T15:36:56.521Z\",\"2026-04-09T15:36:56.521Z\"]","endDate":"2026-04-09T15:36:56.521Z","level":"info","message":"Admin fetching all users with filters","startDate":"2026-04-09T15:36:56.521Z","timestamp":"2026-04-09T15:36:57.082Z"}
{"dateRange":"[]","level":"info","limit":"20","message":"Admin fetching all users with filters","page":"1","timestamp":"2026-04-09T15:36:59.276Z"}
{"dateRange":"[]","level":"info","limit":"20","message":"Admin fetching all users with filters","page":"1","timestamp":"2026-04-09T15:36:59.310Z"}
{"dateRange":"[]","level":"info","message":"Admin fetching all users with filters","timestamp":"2026-04-09T15:36:59.314Z"}
{"dateRange":"[\"2026-04-09T15:37:02.602Z\",\"2026-04-09T15:37:02.602Z\"]","endDate":"2026-04-09T15:37:02.602Z","level":"info","limit":"20","message":"Admin fetching all users with filters","page":"1","startDate":"2026-04-09T15:37:02.602Z","timestamp":"2026-04-09T15:37:03.015Z"}
{"dateRange":"[\"2026-04-09T15:37:02.602Z\",\"2026-04-09T15:37:02.602Z\"]","endDate":"2026-04-09T15:37:02.602Z","level":"info","limit":"20","message":"Admin fetching all users with filters","page":"1","startDate":"2026-04-09T15:37:02.602Z","timestamp":"2026-04-09T15:37:03.203Z"}
{"dateRange":"[\"2026-04-09T15:37:02.602Z\",\"2026-04-09T15:37:02.602Z\"]","endDate":"2026-04-09T15:37:02.602Z","level":"info","message":"Admin fetching all users with filters","startDate":"2026-04-09T15:37:02.602Z","timestamp":"2026-04-09T15:37:03.215Z"}
{"dateRange":"[]","level":"info","limit":"20","message":"Admin fetching all users with filters","page":"1","timestamp":"2026-04-09T15:37:06.774Z"}
{"dateRange":"[]","level":"info","limit":"20","message":"Admin fetching all users with filters","page":"1","timestamp":"2026-04-09T15:37:06.816Z"}
{"dateRange":"[]","level":"info","message":"Admin fetching all users with filters","timestamp":"2026-04-09T15:37:06.821Z"}
{"dateRange":"[]","level":"info","limit":"20","message":"Admin fetching all users with filters","page":"1","search":"seller","timestamp":"2026-04-09T15:37:16.057Z"}
{"dateRange":"[]","level":"info","limit":"20","message":"Admin fetching all users with filters","page":"1","search":"seller","timestamp":"2026-04-09T15:37:16.121Z"}
{"dateRange":"[]","level":"info","message":"Admin fetching all users with filters","search":"seller","timestamp":"2026-04-09T15:37:16.124Z"}
{"dateRange":"[]","level":"info","limit":"20","message":"Admin fetching all users with filters","page":"1","timestamp":"2026-04-09T15:37:19.972Z"}
{"dateRange":"[]","level":"info","limit":"20","message":"Admin fetching all users with filters","page":"1","timestamp":"2026-04-09T15:37:20.013Z"}
{"dateRange":"[]","level":"info","message":"Admin fetching all users with filters","timestamp":"2026-04-09T15:37:20.016Z"}
{"dateRange":"[]","level":"info","limit":"20","message":"Admin fetching all users with filters","page":"1","search":"seller5","timestamp":"2026-04-09T15:37:24.153Z"}
{"dateRange":"[]","level":"info","limit":"20","message":"Admin fetching all users with filters","page":"1","search":"seller5","timestamp":"2026-04-09T15:37:24.210Z"}
{"dateRange":"[]","level":"info","message":"Admin fetching all users with filters","search":"seller5","timestamp":"2026-04-09T15:37:24.213Z"}
{"dateRange":"[]","level":"info","limit":"20","message":"Admin fetching all users with filters","page":"1","timestamp":"2026-04-09T15:37:26.462Z"}
{"dateRange":"[]","level":"info","limit":"20","message":"Admin fetching all users with filters","page":"1","timestamp":"2026-04-09T15:37:26.490Z"}
{"dateRange":"[]","level":"info","message":"Admin fetching all users with filters","timestamp":"2026-04-09T15:37:26.492Z"}
{"level":"info","limit":"20","message":"Admin fetching all users with filters","page":"1","timestamp":"2026-04-09T15:38:00.627Z"}
{"level":"info","limit":"20","message":"Admin fetching all users with filters","page":"1","timestamp":"2026-04-09T15:38:00.694Z"}
{"level":"info","limit":"20","message":"Admin fetching all users with filters","page":"1","timestamp":"2026-04-09T15:38:00.716Z"}
{"level":"info","message":"Admin fetching all users with filters","timestamp":"2026-04-09T15:38:00.720Z"}
{"level":"info","limit":"20","message":"Admin fetching all users with filters","page":"1","timestamp":"2026-04-09T15:38:00.727Z"}
{"level":"info","message":"Admin fetching all users with filters","timestamp":"2026-04-09T15:38:00.780Z"}
{"level":"info","limit":"20","message":"Admin fetching all users with filters","page":"1","timestamp":"2026-04-09T15:38:08.118Z"}
{"level":"info","limit":"20","message":"Admin fetching all users with filters","page":"1","timestamp":"2026-04-09T15:38:08.127Z"}
{"level":"info","limit":"20","message":"Admin fetching all users with filters","page":"1","timestamp":"2026-04-09T15:38:08.205Z"}
{"level":"info","message":"Admin fetching all users with filters","timestamp":"2026-04-09T15:38:08.211Z"}
{"level":"info","limit":"20","message":"Admin fetching all users with filters","page":"1","timestamp":"2026-04-09T15:38:08.221Z"}
{"level":"info","message":"Admin fetching all users with filters","timestamp":"2026-04-09T15:38:08.226Z"}
{"level":"info","limit":"20","message":"Admin fetching all users with filters","page":"1","timestamp":"2026-04-09T15:42:36.246Z"}
{"level":"info","limit":"20","message":"Admin fetching all users with filters","page":"1","timestamp":"2026-04-09T15:42:36.316Z"}
{"level":"info","limit":"20","message":"Admin fetching all users with filters","page":"1","timestamp":"2026-04-09T15:42:36.345Z"}
{"level":"info","message":"Admin fetching all users with filters","timestamp":"2026-04-09T15:42:36.351Z"}
{"level":"info","limit":"20","message":"Admin fetching all users with filters","page":"1","timestamp":"2026-04-09T15:42:36.364Z"}
{"level":"info","message":"Admin fetching all users with filters","timestamp":"2026-04-09T15:42:36.429Z"}
{"endDate":"2026-04-09T18:29:59.999Z","level":"info","limit":"20","message":"Admin fetching all users with filters","page":"1","startDate":"2026-04-08T18:30:00.000Z","timestamp":"2026-04-09T15:42:40.239Z"}
{"endDate":"2026-04-09T18:29:59.999Z","level":"info","limit":"20","message":"Admin fetching all users with filters","page":"1","startDate":"2026-04-08T18:30:00.000Z","timestamp":"2026-04-09T15:42:40.428Z"}
{"endDate":"2026-04-09T18:29:59.999Z","level":"info","message":"Admin fetching all users with filters","startDate":"2026-04-08T18:30:00.000Z","timestamp":"2026-04-09T15:42:40.433Z"}
{"level":"info","limit":"20","message":"Admin fetching all users with filters","page":"1","timestamp":"2026-04-09T15:42:45.950Z"}
{"level":"info","limit":"20","message":"Admin fetching all users with filters","page":"1","timestamp":"2026-04-09T15:42:46.005Z"}
{"level":"info","message":"Admin fetching all users with filters","timestamp":"2026-04-09T15:42:46.015Z"}
{"level":"info","limit":"20","message":"Admin fetching all users with filters","page":"1","timestamp":"2026-04-09T15:44:31.158Z"}
{"level":"info","limit":"20","message":"Admin fetching all users with filters","page":"1","timestamp":"2026-04-09T15:44:31.243Z"}
{"level":"info","message":"Admin fetching all users with filters","timestamp":"2026-04-09T15:44:31.256Z"}
{"level":"info","limit":"20","message":"Admin fetching all users with filters","page":"1","timestamp":"2026-04-09T15:44:31.259Z"}
{"level":"info","message":"Admin fetching all users with filters","timestamp":"2026-04-09T15:44:31.267Z"}
{"level":"info","limit":"20","message":"Admin fetching all users with filters","page":"1","timestamp":"2026-04-09T15:44:31.315Z"}
{"level":"info","limit":"20","message":"Admin fetching all users with filters","page":"1","timestamp":"2026-04-09T15:44:39.384Z"}
{"level":"info","limit":"20","message":"Admin fetching all users with filters","page":"1","timestamp":"2026-04-09T15:44:39.389Z"}
{"level":"info","limit":"20","message":"Admin fetching all users with filters","page":"1","timestamp":"2026-04-09T15:44:39.443Z"}
{"level":"info","message":"Admin fetching all users with filters","timestamp":"2026-04-09T15:44:39.449Z"}
{"level":"info","limit":"20","message":"Admin fetching all users with filters","page":"1","timestamp":"2026-04-09T15:44:39.461Z"}
{"level":"info","message":"Admin fetching all users with filters","timestamp":"2026-04-09T15:44:39.465Z"}
[2026-04-09 21:18:51] [32minfo[39m: 🚀 Server running on port 5000
[2026-04-09 21:18:51] [32minfo[39m: 📦 Connected to PostgreSQL using Prisma 7 adapter
{"level":"info","limit":"20","listType":"count","message":"Admin fetching all users with filters","page":"1","timestamp":"2026-04-09T15:49:14.389Z"}
{"level":"info","limit":"20","message":"Admin fetching all users with filters","page":"1","timestamp":"2026-04-09T15:49:14.637Z"}
{"level":"info","limit":"20","listType":"count","message":"Admin fetching all users with filters","page":"1","timestamp":"2026-04-09T20:22:40.417Z"}
{"level":"info","limit":"20","listType":"count","message":"Admin fetching all users with filters","page":"1","timestamp":"2026-04-09T20:22:40.580Z"}
{"level":"info","limit":"20","message":"Admin fetching all users with filters","page":"1","timestamp":"2026-04-09T20:22:40.646Z"}
{"level":"info","limit":"20","message":"Admin fetching all users with filters","page":"1","timestamp":"2026-04-09T20:22:40.688Z"}
{"level":"info","limit":"20","listType":"count","message":"Admin fetching all users with filters","page":"1","timestamp":"2026-04-09T20:22:46.332Z"}
{"level":"info","limit":"20","message":"Admin fetching all users with filters","page":"1","timestamp":"2026-04-09T20:22:46.350Z"}
{"level":"info","limit":"20","listType":"count","message":"Admin fetching all users with filters","page":"1","timestamp":"2026-04-09T20:22:47.595Z"}
{"level":"info","limit":"20","message":"Admin fetching all users with filters","page":"1","timestamp":"2026-04-09T20:22:47.608Z"}
{"level":"info","limit":"20","listType":"count","message":"Admin fetching all users with filters","page":"1","timestamp":"2026-04-09T20:22:48.846Z"}
{"level":"info","limit":"20","message":"Admin fetching all users with filters","page":"1","timestamp":"2026-04-09T20:22:48.883Z"}
{"level":"info","message":"Admin fetching user: fde079a5-9355-4043-be58-a03565432042","timestamp":"2026-04-09T20:22:55.210Z"}
{"level":"info","message":"Admin fetching user: fde079a5-9355-4043-be58-a03565432042","timestamp":"2026-04-09T20:22:55.266Z"}
{"level":"info","limit":"20","listType":"count","message":"Admin fetching all users with filters","page":"1","timestamp":"2026-04-09T20:22:58.008Z"}
{"level":"info","limit":"20","listType":"count","message":"Admin fetching all users with filters","page":"1","timestamp":"2026-04-09T20:22:58.018Z"}
{"level":"info","limit":"20","message":"Admin fetching all users with filters","page":"1","timestamp":"2026-04-09T20:22:58.140Z"}
{"level":"info","limit":"20","message":"Admin fetching all users with filters","page":"1","timestamp":"2026-04-09T20:22:58.157Z"}
{"level":"info","limit":"20","listType":"count","message":"Admin fetching all users with filters","page":"1","timestamp":"2026-04-09T20:23:06.925Z"}
{"level":"info","limit":"20","listType":"count","message":"Admin fetching all users with filters","page":"1","timestamp":"2026-04-09T20:23:06.945Z"}
{"level":"info","limit":"20","message":"Admin fetching all users with filters","page":"1","timestamp":"2026-04-09T20:23:07.071Z"}
{"level":"info","limit":"20","message":"Admin fetching all users with filters","page":"1","timestamp":"2026-04-09T20:23:07.084Z"}
{"level":"info","limit":"20","listType":"count","message":"Admin fetching all users with filters","page":"1","timestamp":"2026-04-09T20:28:57.014Z"}
{"level":"info","limit":"20","message":"Admin fetching all users with filters","page":"1","timestamp":"2026-04-09T20:28:57.114Z"}
{"level":"info","limit":"20","listType":"count","message":"Admin fetching all users with filters","page":"1","timestamp":"2026-04-09T20:28:57.950Z"}
{"level":"info","limit":"20","message":"Admin fetching all users with filters","page":"1","timestamp":"2026-04-09T20:28:57.958Z"}
{"level":"info","limit":"20","listType":"count","message":"Admin fetching all users with filters","page":"1","timestamp":"2026-04-09T20:28:58.812Z"}
{"level":"info","limit":"20","message":"Admin fetching all users with filters","page":"1","timestamp":"2026-04-09T20:28:58.818Z"}
{"level":"info","limit":"20","listType":"count","message":"Admin fetching all users with filters","page":"1","timestamp":"2026-04-09T20:28:59.829Z"}
{"level":"info","limit":"20","message":"Admin fetching all users with filters","page":"1","timestamp":"2026-04-09T20:28:59.835Z"}
[2026-04-10 02:03:05] [32minfo[39m: 🚀 Server running on port 5000
[2026-04-10 02:03:05] [32minfo[39m: 📦 Connected to PostgreSQL using Prisma 7 adapter
[2026-04-10 02:03:10] [32minfo[39m: 🚀 Server running on port 5000
[2026-04-10 02:03:10] [32minfo[39m: 📦 Connected to PostgreSQL using Prisma 7 adapter
[2026-04-10 02:03:15] [32minfo[39m: 🚀 Server running on port 5000
[2026-04-10 02:03:15] [32minfo[39m: 📦 Connected to PostgreSQL using Prisma 7 adapter
{"level":"info","limit":"20","listType":"count","message":"Admin fetching all users with filters","page":"1","timestamp":"2026-04-09T20:34:54.771Z"}
{"level":"info","limit":"20","listType":"count","message":"Admin fetching all users with filters","page":"1","timestamp":"2026-04-09T20:34:54.979Z"}
{"level":"info","limit":"20","message":"Admin fetching all users with filters","page":"1","timestamp":"2026-04-09T20:34:54.988Z"}
{"level":"info","limit":"20","message":"Admin fetching all users with filters","page":"1","timestamp":"2026-04-09T20:34:55.012Z"}
{"level":"info","limit":"20","message":"Admin fetching all sellers with filters","outputType":"count","page":"1","sortBy":"createdAt","sortOrder":"desc","status":"PENDING","timestamp":"2026-04-09T20:40:17.030Z"}
{"level":"info","limit":"20","message":"Admin fetching all sellers with filters","page":"1","sortBy":"createdAt","sortOrder":"desc","status":"PENDING","timestamp":"2026-04-09T20:40:17.075Z"}
{"level":"info","limit":"20","message":"Admin fetching all sellers with filters","outputType":"count","page":"1","sortBy":"createdAt","sortOrder":"desc","status":"PENDING","timestamp":"2026-04-09T20:40:17.191Z"}
{"level":"info","limit":"20","message":"Admin fetching all sellers with filters","page":"1","sortBy":"createdAt","sortOrder":"desc","status":"PENDING","timestamp":"2026-04-09T20:40:17.217Z"}
{"level":"info","limit":"20","message":"Admin fetching all sellers with filters","outputType":"count","page":"1","sortBy":"createdAt","sortOrder":"desc","timestamp":"2026-04-09T20:41:53.917Z"}
{"level":"info","limit":"20","message":"Admin fetching all sellers with filters","page":"1","sortBy":"createdAt","sortOrder":"desc","timestamp":"2026-04-09T20:41:53.922Z"}
{"level":"info","limit":"20","message":"Admin fetching all sellers with filters","outputType":"count","page":"1","sortBy":"createdAt","sortOrder":"desc","timestamp":"2026-04-09T20:42:02.719Z"}
{"level":"info","limit":"20","message":"Admin fetching all sellers with filters","page":"1","sortBy":"createdAt","sortOrder":"desc","timestamp":"2026-04-09T20:42:02.722Z"}
{"level":"info","limit":"20","message":"Admin fetching all sellers with filters","outputType":"count","page":"1","sortBy":"createdAt","sortOrder":"asc","timestamp":"2026-04-09T20:42:03.542Z"}
{"level":"info","limit":"20","message":"Admin fetching all sellers with filters","page":"1","sortBy":"createdAt","sortOrder":"asc","timestamp":"2026-04-09T20:42:03.548Z"}
{"level":"info","message":"Admin fetching user: cb378974-bb67-473c-b9d7-cdde15ea4700","timestamp":"2026-04-09T20:44:49.009Z"}
{"level":"info","message":"Admin fetching user: cb378974-bb67-473c-b9d7-cdde15ea4700","timestamp":"2026-04-09T20:44:49.132Z"}
{"level":"info","limit":"20","message":"Admin fetching all sellers with filters","outputType":"count","page":"1","sortBy":"createdAt","sortOrder":"desc","status":"PENDING","timestamp":"2026-04-09T20:44:51.818Z"}
{"level":"info","limit":"20","message":"Admin fetching all sellers with filters","page":"1","sortBy":"createdAt","sortOrder":"desc","status":"PENDING","timestamp":"2026-04-09T20:44:51.821Z"}
{"level":"info","limit":"20","message":"Admin fetching all sellers with filters","outputType":"count","page":"1","sortBy":"createdAt","sortOrder":"desc","status":"PENDING","timestamp":"2026-04-09T20:44:51.914Z"}
{"level":"info","limit":"20","message":"Admin fetching all sellers with filters","page":"1","sortBy":"createdAt","sortOrder":"desc","status":"PENDING","timestamp":"2026-04-09T20:44:51.967Z"}
{"level":"info","message":"Admin fetching user: cb378974-bb67-473c-b9d7-cdde15ea4700","timestamp":"2026-04-09T20:44:53.952Z"}
{"level":"info","message":"Admin fetching user: cb378974-bb67-473c-b9d7-cdde15ea4700","timestamp":"2026-04-09T20:44:53.957Z"}
{"level":"info","limit":"20","message":"Admin fetching all sellers with filters","outputType":"count","page":"1","sortBy":"createdAt","sortOrder":"desc","status":"PENDING","timestamp":"2026-04-09T20:44:56.566Z"}
{"level":"info","limit":"20","message":"Admin fetching all sellers with filters","page":"1","sortBy":"createdAt","sortOrder":"desc","status":"PENDING","timestamp":"2026-04-09T20:44:56.572Z"}
{"level":"info","limit":"20","message":"Admin fetching all sellers with filters","outputType":"count","page":"1","sortBy":"createdAt","sortOrder":"desc","status":"PENDING","timestamp":"2026-04-09T20:44:56.576Z"}
{"level":"info","limit":"20","message":"Admin fetching all sellers with filters","page":"1","sortBy":"createdAt","sortOrder":"desc","status":"PENDING","timestamp":"2026-04-09T20:44:56.582Z"}
{"level":"info","limit":"20","message":"Admin fetching all sellers with filters","outputType":"count","page":"1","sortBy":"createdAt","sortOrder":"desc","status":"PENDING","timestamp":"2026-04-09T20:46:10.790Z"}
{"level":"info","limit":"20","message":"Admin fetching all sellers with filters","page":"1","sortBy":"createdAt","sortOrder":"desc","status":"PENDING","timestamp":"2026-04-09T20:46:10.794Z"}
{"level":"info","limit":"20","message":"Admin fetching all sellers with filters","outputType":"count","page":"1","sortBy":"createdAt","sortOrder":"desc","status":"PENDING","timestamp":"2026-04-09T20:46:29.927Z"}
{"level":"info","limit":"20","message":"Admin fetching all sellers with filters","page":"1","sortBy":"createdAt","sortOrder":"desc","status":"PENDING","timestamp":"2026-04-09T20:46:29.930Z"}
{"level":"info","limit":"20","message":"Admin fetching all sellers with filters","outputType":"count","page":"1","sortBy":"createdAt","sortOrder":"desc","status":"PENDING","timestamp":"2026-04-09T20:46:29.993Z"}
{"level":"info","limit":"20","message":"Admin fetching all sellers with filters","page":"1","sortBy":"createdAt","sortOrder":"desc","status":"PENDING","timestamp":"2026-04-09T20:46:30.020Z"}
{"level":"info","limit":"20","message":"Admin fetching all sellers with filters","outputType":"count","page":"1","sortBy":"createdAt","sortOrder":"desc","status":"PENDING","timestamp":"2026-04-09T20:48:29.296Z"}
{"level":"info","limit":"20","message":"Admin fetching all sellers with filters","page":"1","sortBy":"createdAt","sortOrder":"desc","status":"PENDING","timestamp":"2026-04-09T20:48:29.306Z"}
{"level":"info","message":"Admin approving seller: 8b180829-b1e3-4755-80f7-5b1d86ac0737","timestamp":"2026-04-09T20:48:48.229Z"}
{"level":"info","limit":"20","message":"Admin fetching all sellers with filters","outputType":"count","page":"1","sortBy":"createdAt","sortOrder":"desc","status":"PENDING","timestamp":"2026-04-09T20:48:48.430Z"}
{"level":"info","limit":"20","message":"Admin fetching all sellers with filters","page":"1","sortBy":"createdAt","sortOrder":"desc","status":"PENDING","timestamp":"2026-04-09T20:48:48.433Z"}
{"level":"info","message":"Admin fetching user: cb378974-bb67-473c-b9d7-cdde15ea4700","timestamp":"2026-04-09T20:49:03.027Z"}
{"level":"info","message":"Admin fetching user: cb378974-bb67-473c-b9d7-cdde15ea4700","timestamp":"2026-04-09T20:49:03.078Z"}
{"level":"info","limit":"20","listType":"count","message":"Admin fetching all users with filters","page":"1","timestamp":"2026-04-09T20:49:35.302Z"}
{"level":"info","limit":"20","listType":"count","message":"Admin fetching all users with filters","page":"1","timestamp":"2026-04-09T20:49:35.361Z"}
{"level":"info","limit":"20","message":"Admin fetching all users with filters","page":"1","timestamp":"2026-04-09T20:49:35.374Z"}
{"level":"info","limit":"20","message":"Admin fetching all users with filters","page":"1","timestamp":"2026-04-09T20:49:35.408Z"}
{"level":"info","message":"Admin fetching user: cb378974-bb67-473c-b9d7-cdde15ea4700","timestamp":"2026-04-09T20:49:36.907Z"}
{"level":"info","message":"Admin fetching user: cb378974-bb67-473c-b9d7-cdde15ea4700","timestamp":"2026-04-09T20:49:36.940Z"}
{"level":"info","limit":"20","listType":"count","message":"Admin fetching all users with filters","page":"1","timestamp":"2026-04-09T20:49:37.612Z"}
{"level":"info","limit":"20","listType":"count","message":"Admin fetching all users with filters","page":"1","timestamp":"2026-04-09T20:49:37.617Z"}
{"level":"info","limit":"20","message":"Admin fetching all users with filters","page":"1","timestamp":"2026-04-09T20:49:37.655Z"}
{"level":"info","limit":"20","message":"Admin fetching all users with filters","page":"1","timestamp":"2026-04-09T20:49:37.662Z"}
{"level":"info","limit":"20","listType":"count","message":"Admin fetching all users with filters","page":"1","timestamp":"2026-04-09T20:49:47.705Z"}
{"level":"info","limit":"20","message":"Admin fetching all users with filters","page":"1","timestamp":"2026-04-09T20:49:47.747Z"}
{"level":"info","limit":"20","listType":"count","message":"Admin fetching all users with filters","page":"1","timestamp":"2026-04-09T20:49:48.371Z"}
{"level":"info","limit":"20","message":"Admin fetching all users with filters","page":"1","timestamp":"2026-04-09T20:49:48.377Z"}
{"level":"info","message":"Admin fetching user: fde079a5-9355-4043-be58-a03565432042","timestamp":"2026-04-09T20:49:56.125Z"}
{"level":"info","message":"Admin fetching user: fde079a5-9355-4043-be58-a03565432042","timestamp":"2026-04-09T20:49:56.138Z"}
{"level":"info","limit":"20","message":"Admin fetching all sellers with filters","outputType":"count","page":"1","sortBy":"createdAt","sortOrder":"desc","status":"PENDING","timestamp":"2026-04-09T20:49:58.910Z"}
{"level":"info","limit":"20","message":"Admin fetching all sellers with filters","page":"1","sortBy":"createdAt","sortOrder":"desc","status":"PENDING","timestamp":"2026-04-09T20:49:58.913Z"}
{"level":"info","limit":"20","message":"Admin fetching all sellers with filters","outputType":"count","page":"1","sortBy":"createdAt","sortOrder":"desc","status":"PENDING","timestamp":"2026-04-09T20:49:58.969Z"}
{"level":"info","limit":"20","message":"Admin fetching all sellers with filters","page":"1","sortBy":"createdAt","sortOrder":"desc","status":"PENDING","timestamp":"2026-04-09T20:49:58.985Z"}
{"level":"info","message":"Admin fetching user: 48030522-062b-40a3-b0d5-c44201cae218","timestamp":"2026-04-09T20:50:01.054Z"}
{"level":"info","message":"Admin fetching user: 48030522-062b-40a3-b0d5-c44201cae218","timestamp":"2026-04-09T20:50:01.059Z"}
{"level":"info","limit":"20","message":"Admin fetching all sellers with filters","outputType":"count","page":"1","sortBy":"createdAt","sortOrder":"desc","status":"PENDING","timestamp":"2026-04-09T20:50:03.223Z"}
{"level":"info","limit":"20","message":"Admin fetching all sellers with filters","page":"1","sortBy":"createdAt","sortOrder":"desc","status":"PENDING","timestamp":"2026-04-09T20:50:03.225Z"}
{"level":"info","limit":"20","message":"Admin fetching all sellers with filters","outputType":"count","page":"1","sortBy":"createdAt","sortOrder":"desc","status":"PENDING","timestamp":"2026-04-09T20:50:03.230Z"}
{"level":"info","limit":"20","message":"Admin fetching all sellers with filters","page":"1","sortBy":"createdAt","sortOrder":"desc","status":"PENDING","timestamp":"2026-04-09T20:50:03.235Z"}
{"level":"info","limit":"20","message":"Admin fetching all sellers with filters","outputType":"count","page":"1","sortBy":"createdAt","sortOrder":"desc","status":"PENDING","timestamp":"2026-04-09T20:50:09.438Z"}
{"level":"info","limit":"20","message":"Admin fetching all sellers with filters","page":"1","sortBy":"createdAt","sortOrder":"desc","status":"PENDING","timestamp":"2026-04-09T20:50:09.441Z"}
{"level":"info","limit":"20","message":"Admin fetching all sellers with filters","outputType":"count","page":"1","sortBy":"createdAt","sortOrder":"desc","status":"PENDING","timestamp":"2026-04-09T20:50:09.447Z"}
{"level":"info","limit":"20","message":"Admin fetching all sellers with filters","page":"1","sortBy":"createdAt","sortOrder":"desc","status":"PENDING","timestamp":"2026-04-09T20:50:09.454Z"}
{"level":"info","message":"Admin fetching user: a2766cc2-8b25-482f-beee-9c1d30de8e18","timestamp":"2026-04-09T20:50:10.995Z"}
{"level":"info","message":"Admin fetching user: a2766cc2-8b25-482f-beee-9c1d30de8e18","timestamp":"2026-04-09T20:50:11.002Z"}
{"level":"info","limit":"20","message":"Admin fetching all sellers with filters","outputType":"count","page":"1","sortBy":"createdAt","sortOrder":"desc","status":"PENDING","timestamp":"2026-04-09T20:50:14.204Z"}
{"level":"info","limit":"20","message":"Admin fetching all sellers with filters","page":"1","sortBy":"createdAt","sortOrder":"desc","status":"PENDING","timestamp":"2026-04-09T20:50:14.207Z"}
{"level":"info","limit":"20","message":"Admin fetching all sellers with filters","outputType":"count","page":"1","sortBy":"createdAt","sortOrder":"desc","status":"PENDING","timestamp":"2026-04-09T20:50:14.213Z"}
{"level":"info","limit":"20","message":"Admin fetching all sellers with filters","page":"1","sortBy":"createdAt","sortOrder":"desc","status":"PENDING","timestamp":"2026-04-09T20:50:14.219Z"}
{"level":"info","limit":"20","message":"Admin fetching all sellers with filters","outputType":"count","page":"1","sortBy":"createdAt","sortOrder":"desc","timestamp":"2026-04-09T20:50:16.147Z"}
{"level":"info","limit":"20","message":"Admin fetching all sellers with filters","page":"1","sortBy":"createdAt","sortOrder":"desc","timestamp":"2026-04-09T20:50:16.149Z"}
{"level":"info","message":"Admin fetching user: fde079a5-9355-4043-be58-a03565432042","timestamp":"2026-04-09T20:50:18.849Z"}
{"level":"info","message":"Admin fetching user: fde079a5-9355-4043-be58-a03565432042","timestamp":"2026-04-09T20:50:18.855Z"}
{"level":"info","limit":"20","message":"Admin fetching all sellers with filters","outputType":"count","page":"1","sortBy":"createdAt","sortOrder":"desc","status":"PENDING","timestamp":"2026-04-09T20:50:36.542Z"}
{"level":"info","limit":"20","message":"Admin fetching all sellers with filters","page":"1","sortBy":"createdAt","sortOrder":"desc","status":"PENDING","timestamp":"2026-04-09T20:50:36.544Z"}
{"level":"info","limit":"20","message":"Admin fetching all sellers with filters","outputType":"count","page":"1","sortBy":"createdAt","sortOrder":"desc","status":"PENDING","timestamp":"2026-04-09T20:50:36.603Z"}
{"level":"info","limit":"20","message":"Admin fetching all sellers with filters","page":"1","sortBy":"createdAt","sortOrder":"desc","status":"PENDING","timestamp":"2026-04-09T20:50:36.611Z"}
{"level":"info","message":"Admin rejecting seller: cb378974-bb67-473c-b9d7-cdde15ea4700","timestamp":"2026-04-09T20:51:01.928Z"}
{"level":"info","limit":"20","message":"Admin fetching all sellers with filters","outputType":"count","page":"1","sortBy":"createdAt","sortOrder":"desc","status":"PENDING","timestamp":"2026-04-09T20:51:01.972Z"}
{"level":"info","limit":"20","message":"Admin fetching all sellers with filters","page":"1","sortBy":"createdAt","sortOrder":"desc","status":"PENDING","timestamp":"2026-04-09T20:51:01.975Z"}
{"level":"info","limit":"20","listType":"count","message":"Admin fetching all users with filters","page":"1","timestamp":"2026-04-09T20:51:08.357Z"}
{"level":"info","limit":"20","listType":"count","message":"Admin fetching all users with filters","page":"1","timestamp":"2026-04-09T20:51:08.363Z"}
{"level":"info","limit":"20","message":"Admin fetching all users with filters","page":"1","timestamp":"2026-04-09T20:51:08.400Z"}
{"level":"info","limit":"20","message":"Admin fetching all users with filters","page":"1","timestamp":"2026-04-09T20:51:08.405Z"}
{"level":"info","limit":"20","message":"Admin fetching all sellers with filters","outputType":"count","page":"1","sortBy":"createdAt","sortOrder":"desc","status":"PENDING","timestamp":"2026-04-09T20:51:12.838Z"}
{"level":"info","limit":"20","message":"Admin fetching all sellers with filters","page":"1","sortBy":"createdAt","sortOrder":"desc","status":"PENDING","timestamp":"2026-04-09T20:51:12.840Z"}
{"level":"info","limit":"20","message":"Admin fetching all sellers with filters","outputType":"count","page":"1","sortBy":"createdAt","sortOrder":"desc","status":"PENDING","timestamp":"2026-04-09T20:51:12.845Z"}
{"level":"info","limit":"20","message":"Admin fetching all sellers with filters","page":"1","sortBy":"createdAt","sortOrder":"desc","status":"PENDING","timestamp":"2026-04-09T20:51:12.890Z"}
{"level":"info","limit":"20","message":"Admin fetching all sellers with filters","outputType":"count","page":"1","sortBy":"createdAt","sortOrder":"desc","status":"PENDING","timestamp":"2026-04-09T20:51:47.699Z"}
{"level":"info","limit":"20","message":"Admin fetching all sellers with filters","page":"1","sortBy":"createdAt","sortOrder":"desc","status":"PENDING","timestamp":"2026-04-09T20:51:47.702Z"}
[2026-04-10 02:22:16] [32minfo[39m: 🚀 Server running on port 5000
[2026-04-10 02:22:16] [32minfo[39m: 📦 Connected to PostgreSQL using Prisma 7 adapter
[2026-04-10 02:22:25] [32minfo[39m: 🚀 Server running on port 5000
[2026-04-10 02:22:25] [32minfo[39m: 📦 Connected to PostgreSQL using Prisma 7 adapter
{"level":"info","limit":"20","message":"Admin fetching all sellers with filters","outputType":"count","page":"1","sortBy":"createdAt","sortOrder":"desc","status":"PENDING","timestamp":"2026-04-09T20:53:56.126Z"}
{"level":"info","limit":"20","message":"Admin fetching all sellers with filters","page":"1","sortBy":"createdAt","sortOrder":"desc","status":"PENDING","timestamp":"2026-04-09T20:53:56.142Z"}
{"level":"info","limit":"20","message":"Admin fetching all sellers with filters","outputType":"count","page":"1","sortBy":"createdAt","sortOrder":"desc","status":"PENDING","timestamp":"2026-04-09T20:53:56.228Z"}
{"level":"info","limit":"20","message":"Admin fetching all sellers with filters","page":"1","sortBy":"createdAt","sortOrder":"desc","status":"PENDING","timestamp":"2026-04-09T20:53:56.242Z"}
{"level":"info","message":"Admin fetching user: a2766cc2-8b25-482f-beee-9c1d30de8e18","timestamp":"2026-04-09T20:54:03.059Z"}
{"level":"info","message":"Admin fetching user: a2766cc2-8b25-482f-beee-9c1d30de8e18","timestamp":"2026-04-09T20:54:03.069Z"}
{"level":"info","limit":"20","message":"Admin fetching all sellers with filters","outputType":"count","page":"1","sortBy":"createdAt","sortOrder":"desc","status":"PENDING","timestamp":"2026-04-09T20:54:15.578Z"}
{"level":"info","limit":"20","message":"Admin fetching all sellers with filters","page":"1","sortBy":"createdAt","sortOrder":"desc","status":"PENDING","timestamp":"2026-04-09T20:54:15.582Z"}
{"level":"info","limit":"20","message":"Admin fetching all sellers with filters","outputType":"count","page":"1","sortBy":"createdAt","sortOrder":"desc","status":"PENDING","timestamp":"2026-04-09T20:54:15.644Z"}
{"level":"info","limit":"20","message":"Admin fetching all sellers with filters","page":"1","sortBy":"createdAt","sortOrder":"desc","status":"PENDING","timestamp":"2026-04-09T20:54:15.650Z"}
{"level":"info","limit":"20","message":"Admin fetching all sellers with filters","outputType":"count","page":"1","sortBy":"createdAt","sortOrder":"desc","status":"PENDING","timestamp":"2026-04-09T20:54:23.578Z"}
{"level":"info","limit":"20","message":"Admin fetching all sellers with filters","page":"1","sortBy":"createdAt","sortOrder":"desc","status":"PENDING","timestamp":"2026-04-09T20:54:23.582Z"}
{"level":"info","limit":"20","message":"Admin fetching all sellers with filters","outputType":"count","page":"1","sortBy":"createdAt","sortOrder":"desc","status":"PENDING","timestamp":"2026-04-09T20:54:23.587Z"}
{"level":"info","limit":"20","message":"Admin fetching all sellers with filters","page":"1","sortBy":"createdAt","sortOrder":"desc","status":"PENDING","timestamp":"2026-04-09T20:54:23.592Z"}
{"level":"info","limit":"20","listType":"count","message":"Admin fetching all users with filters","page":"1","timestamp":"2026-04-09T20:54:27.778Z"}
{"level":"info","limit":"20","listType":"count","message":"Admin fetching all users with filters","page":"1","timestamp":"2026-04-09T20:54:27.786Z"}
{"level":"info","limit":"20","message":"Admin fetching all users with filters","page":"1","timestamp":"2026-04-09T20:54:27.824Z"}
{"level":"info","limit":"20","message":"Admin fetching all users with filters","page":"1","timestamp":"2026-04-09T20:54:27.831Z"}
{"level":"info","limit":"20","listType":"count","message":"Admin fetching all users with filters","page":"1","timestamp":"2026-04-09T20:55:00.723Z"}
{"level":"info","limit":"20","listType":"count","message":"Admin fetching all users with filters","page":"1","timestamp":"2026-04-09T20:55:00.773Z"}
{"level":"info","limit":"20","message":"Admin fetching all users with filters","page":"1","timestamp":"2026-04-09T20:55:00.789Z"}
{"level":"info","limit":"20","message":"Admin fetching all users with filters","page":"1","timestamp":"2026-04-09T20:55:00.795Z"}
{"level":"info","limit":"20","message":"Admin fetching all sellers with filters","outputType":"count","page":"1","sortBy":"createdAt","sortOrder":"desc","status":"PENDING","timestamp":"2026-04-09T20:55:10.519Z"}
{"level":"info","limit":"20","message":"Admin fetching all sellers with filters","page":"1","sortBy":"createdAt","sortOrder":"desc","status":"PENDING","timestamp":"2026-04-09T20:55:10.521Z"}
{"level":"info","limit":"20","message":"Admin fetching all sellers with filters","outputType":"count","page":"1","sortBy":"createdAt","sortOrder":"desc","status":"PENDING","timestamp":"2026-04-09T20:55:10.526Z"}
{"level":"info","limit":"20","message":"Admin fetching all sellers with filters","page":"1","sortBy":"createdAt","sortOrder":"desc","status":"PENDING","timestamp":"2026-04-09T20:55:10.566Z"}
{"level":"info","limit":"20","listType":"count","message":"Admin fetching all users with filters","page":"1","timestamp":"2026-04-09T20:55:14.112Z"}
{"level":"info","limit":"20","listType":"count","message":"Admin fetching all users with filters","page":"1","timestamp":"2026-04-09T20:55:14.118Z"}
{"level":"info","limit":"20","message":"Admin fetching all users with filters","page":"1","timestamp":"2026-04-09T20:55:14.152Z"}
{"level":"info","limit":"20","message":"Admin fetching all users with filters","page":"1","timestamp":"2026-04-09T20:55:14.157Z"}
{"level":"info","limit":"20","message":"Admin fetching all sellers with filters","outputType":"count","page":"1","sortBy":"createdAt","sortOrder":"desc","status":"PENDING","timestamp":"2026-04-09T20:55:20.181Z"}
{"level":"info","limit":"20","message":"Admin fetching all sellers with filters","page":"1","sortBy":"createdAt","sortOrder":"desc","status":"PENDING","timestamp":"2026-04-09T20:55:20.188Z"}
{"level":"info","limit":"20","message":"Admin fetching all sellers with filters","outputType":"count","page":"1","sortBy":"createdAt","sortOrder":"desc","status":"PENDING","timestamp":"2026-04-09T20:55:20.191Z"}
{"level":"info","limit":"20","message":"Admin fetching all sellers with filters","page":"1","sortBy":"createdAt","sortOrder":"desc","status":"PENDING","timestamp":"2026-04-09T20:55:20.196Z"}
{"level":"info","limit":"20","listType":"count","message":"Admin fetching all users with filters","page":"1","timestamp":"2026-04-09T20:55:31.641Z"}
{"level":"info","limit":"20","listType":"count","message":"Admin fetching all users with filters","page":"1","timestamp":"2026-04-09T20:55:31.783Z"}
{"level":"info","limit":"20","message":"Admin fetching all users with filters","page":"1","timestamp":"2026-04-09T20:55:31.789Z"}
{"level":"info","limit":"20","message":"Admin fetching all users with filters","page":"1","timestamp":"2026-04-09T20:55:31.811Z"}
{"level":"info","limit":"20","message":"Admin fetching all sellers with filters","outputType":"count","page":"1","sortBy":"createdAt","sortOrder":"desc","status":"PENDING","timestamp":"2026-04-09T20:55:32.348Z"}
{"level":"info","limit":"20","message":"Admin fetching all sellers with filters","page":"1","sortBy":"createdAt","sortOrder":"desc","status":"PENDING","timestamp":"2026-04-09T20:55:32.352Z"}
{"level":"info","limit":"20","message":"Admin fetching all sellers with filters","outputType":"count","page":"1","sortBy":"createdAt","sortOrder":"desc","status":"PENDING","timestamp":"2026-04-09T20:55:32.357Z"}
{"level":"info","limit":"20","message":"Admin fetching all sellers with filters","page":"1","sortBy":"createdAt","sortOrder":"desc","status":"PENDING","timestamp":"2026-04-09T20:55:32.399Z"}
{"level":"info","limit":"20","listType":"count","message":"Admin fetching all users with filters","page":"1","timestamp":"2026-04-09T20:55:41.819Z"}
{"level":"info","limit":"20","listType":"count","message":"Admin fetching all users with filters","page":"1","timestamp":"2026-04-09T20:55:41.824Z"}
{"level":"info","limit":"20","message":"Admin fetching all users with filters","page":"1","timestamp":"2026-04-09T20:55:41.857Z"}
{"level":"info","limit":"20","message":"Admin fetching all users with filters","page":"1","timestamp":"2026-04-09T20:55:41.862Z"}
{"level":"info","limit":"20","message":"Admin fetching all sellers with filters","outputType":"count","page":"1","sortBy":"createdAt","sortOrder":"desc","status":"PENDING","timestamp":"2026-04-09T20:55:46.268Z"}
{"level":"info","limit":"20","message":"Admin fetching all sellers with filters","page":"1","sortBy":"createdAt","sortOrder":"desc","status":"PENDING","timestamp":"2026-04-09T20:55:46.270Z"}
{"level":"info","limit":"20","message":"Admin fetching all sellers with filters","outputType":"count","page":"1","sortBy":"createdAt","sortOrder":"desc","status":"PENDING","timestamp":"2026-04-09T20:55:46.277Z"}
{"level":"info","limit":"20","message":"Admin fetching all sellers with filters","page":"1","sortBy":"createdAt","sortOrder":"desc","status":"PENDING","timestamp":"2026-04-09T20:55:46.326Z"}
{"level":"info","limit":"20","message":"Admin fetching all sellers with filters","outputType":"count","page":"1","search":"ss","sortBy":"createdAt","sortOrder":"desc","status":"PENDING","timestamp":"2026-04-09T20:56:35.324Z"}
{"level":"info","limit":"20","message":"Admin fetching all sellers with filters","page":"1","search":"ss","sortBy":"createdAt","sortOrder":"desc","status":"PENDING","timestamp":"2026-04-09T20:56:35.327Z"}
{"level":"info","limit":"20","message":"Admin fetching all sellers with filters","outputType":"count","page":"1","sortBy":"createdAt","sortOrder":"desc","status":"PENDING","timestamp":"2026-04-09T20:56:37.547Z"}
{"level":"info","limit":"20","message":"Admin fetching all sellers with filters","page":"1","sortBy":"createdAt","sortOrder":"desc","status":"PENDING","timestamp":"2026-04-09T20:56:37.550Z"}
{"level":"info","limit":"20","message":"Admin fetching all sellers with filters","outputType":"count","page":"1","sortBy":"createdAt","sortOrder":"desc","timestamp":"2026-04-09T20:56:43.505Z"}
{"level":"info","limit":"20","message":"Admin fetching all sellers with filters","page":"1","sortBy":"createdAt","sortOrder":"desc","timestamp":"2026-04-09T20:56:43.508Z"}
{"level":"info","limit":"20","message":"Admin fetching all sellers with filters","outputType":"count","page":"1","sortBy":"createdAt","sortOrder":"desc","status":"PENDING","timestamp":"2026-04-09T21:01:12.511Z"}
{"level":"info","limit":"20","message":"Admin fetching all sellers with filters","page":"1","sortBy":"createdAt","sortOrder":"desc","status":"PENDING","timestamp":"2026-04-09T21:01:12.523Z"}
{"level":"info","limit":"20","message":"Admin fetching all sellers with filters","outputType":"count","page":"1","sortBy":"createdAt","sortOrder":"desc","status":"PENDING","timestamp":"2026-04-09T21:01:12.609Z"}
{"level":"info","limit":"20","message":"Admin fetching all sellers with filters","page":"1","sortBy":"createdAt","sortOrder":"desc","status":"PENDING","timestamp":"2026-04-09T21:01:12.624Z"}
{"level":"info","listType":"count","message":"Admin fetching all users with filters","timestamp":"2026-04-09T21:05:28.318Z"}
{"level":"info","message":"Admin fetching all sellers with filters","outputType":"count","timestamp":"2026-04-09T21:05:28.327Z"}
{"level":"info","message":"Admin fetching all sellers with filters","outputType":"count","timestamp":"2026-04-09T21:05:28.439Z"}
{"level":"info","listType":"count","message":"Admin fetching all users with filters","timestamp":"2026-04-09T21:05:28.442Z"}
{"level":"info","listType":"count","message":"Admin fetching all users with filters","timestamp":"2026-04-09T21:06:58.724Z"}
{"level":"info","message":"Admin fetching all sellers with filters","outputType":"count","timestamp":"2026-04-09T21:06:58.731Z"}
{"level":"info","message":"Admin fetching all sellers with filters","outputType":"count","timestamp":"2026-04-09T21:06:58.816Z"}
{"level":"info","listType":"count","message":"Admin fetching all users with filters","timestamp":"2026-04-09T21:06:58.820Z"}
{"level":"info","message":"Admin fetching all sellers with filters","outputType":"count","timestamp":"2026-04-09T21:08:33.224Z"}
{"level":"info","listType":"count","message":"Admin fetching all users with filters","timestamp":"2026-04-09T21:08:33.227Z"}
{"level":"info","message":"Admin fetching all sellers with filters","outputType":"count","timestamp":"2026-04-09T21:08:33.296Z"}
{"level":"info","listType":"count","message":"Admin fetching all users with filters","timestamp":"2026-04-09T21:08:33.308Z"}
{"level":"info","listType":"count","message":"Admin fetching all users with filters","timestamp":"2026-04-09T21:09:01.138Z"}
{"level":"info","message":"Admin fetching all sellers with filters","outputType":"count","timestamp":"2026-04-09T21:09:01.154Z"}
{"level":"info","listType":"count","message":"Admin fetching all users with filters","timestamp":"2026-04-09T21:09:01.239Z"}
{"level":"info","message":"Admin fetching all sellers with filters","outputType":"count","timestamp":"2026-04-09T21:09:01.242Z"}
{"level":"info","listType":"count","message":"Admin fetching all users with filters","timestamp":"2026-04-09T21:09:26.336Z"}
{"level":"info","message":"Admin fetching all sellers with filters","outputType":"count","timestamp":"2026-04-09T21:09:26.340Z"}
{"level":"info","listType":"count","message":"Admin fetching all users with filters","timestamp":"2026-04-09T21:09:26.401Z"}
{"level":"info","message":"Admin fetching all sellers with filters","outputType":"count","timestamp":"2026-04-09T21:09:26.412Z"}
{"level":"info","listType":"count","message":"Admin fetching all users with filters","timestamp":"2026-04-09T21:09:27.756Z"}
{"level":"info","message":"Admin fetching all sellers with filters","outputType":"count","timestamp":"2026-04-09T21:09:27.759Z"}
{"level":"info","listType":"count","message":"Admin fetching all users with filters","timestamp":"2026-04-09T21:09:27.767Z"}
{"level":"info","message":"Admin fetching all sellers with filters","outputType":"count","timestamp":"2026-04-09T21:09:27.773Z"}
{"level":"info","listType":"count","message":"Admin fetching all users with filters","timestamp":"2026-04-09T21:09:55.029Z"}
{"level":"info","message":"Admin fetching all sellers with filters","outputType":"count","timestamp":"2026-04-09T21:09:55.032Z"}
{"level":"info","listType":"count","message":"Admin fetching all users with filters","timestamp":"2026-04-09T21:09:55.095Z"}
{"level":"info","message":"Admin fetching all sellers with filters","outputType":"count","timestamp":"2026-04-09T21:09:55.105Z"}
{"level":"info","listType":"count","message":"Admin fetching all users with filters","timestamp":"2026-04-09T21:09:56.496Z"}
{"level":"info","message":"Admin fetching all sellers with filters","outputType":"count","timestamp":"2026-04-09T21:09:56.499Z"}
{"level":"info","listType":"count","message":"Admin fetching all users with filters","timestamp":"2026-04-09T21:09:56.505Z"}
{"level":"info","message":"Admin fetching all sellers with filters","outputType":"count","timestamp":"2026-04-09T21:09:56.508Z"}
{"level":"info","listType":"count","message":"Admin fetching all users with filters","timestamp":"2026-04-09T21:10:02.979Z"}
{"level":"info","message":"Admin fetching all sellers with filters","outputType":"count","timestamp":"2026-04-09T21:10:02.981Z"}
{"level":"info","listType":"count","message":"Admin fetching all users with filters","timestamp":"2026-04-09T21:10:02.985Z"}
{"level":"info","message":"Admin fetching all sellers with filters","outputType":"count","timestamp":"2026-04-09T21:10:02.987Z"}
{"level":"info","listType":"count","message":"Admin fetching all users with filters","timestamp":"2026-04-09T21:10:04.844Z"}
{"level":"info","message":"Admin fetching all sellers with filters","outputType":"count","timestamp":"2026-04-09T21:10:04.846Z"}
{"level":"info","listType":"count","message":"Admin fetching all users with filters","timestamp":"2026-04-09T21:10:04.852Z"}
{"level":"info","message":"Admin fetching all sellers with filters","outputType":"count","timestamp":"2026-04-09T21:10:04.854Z"}
{"level":"info","limit":"20","message":"Admin fetching all sellers with filters","outputType":"count","page":"1","sortBy":"createdAt","sortOrder":"desc","status":"PENDING","timestamp":"2026-04-09T21:11:51.222Z"}
{"level":"info","limit":"20","message":"Admin fetching all sellers with filters","page":"1","sortBy":"createdAt","sortOrder":"desc","status":"PENDING","timestamp":"2026-04-09T21:11:51.225Z"}
{"level":"info","limit":"20","message":"Admin fetching all sellers with filters","page":"1","sortBy":"createdAt","sortOrder":"desc","status":"PENDING","timestamp":"2026-04-09T21:11:51.296Z"}
{"level":"info","limit":"20","message":"Admin fetching all sellers with filters","outputType":"count","page":"1","sortBy":"createdAt","sortOrder":"desc","status":"PENDING","timestamp":"2026-04-09T21:11:51.376Z"}
{"level":"info","listType":"count","message":"Admin fetching all users with filters","timestamp":"2026-04-09T21:11:52.418Z"}
{"level":"info","message":"Admin fetching all sellers with filters","outputType":"count","timestamp":"2026-04-09T21:11:52.421Z"}
{"level":"info","listType":"count","message":"Admin fetching all users with filters","timestamp":"2026-04-09T21:11:52.427Z"}
{"level":"info","message":"Admin fetching all sellers with filters","outputType":"count","timestamp":"2026-04-09T21:11:52.460Z"}
{"level":"info","limit":"20","listType":"count","message":"Admin fetching all users with filters","page":"1","timestamp":"2026-04-09T21:11:53.564Z"}
{"level":"info","limit":"20","listType":"count","message":"Admin fetching all users with filters","page":"1","timestamp":"2026-04-09T21:11:53.569Z"}
{"level":"info","limit":"20","message":"Admin fetching all users with filters","page":"1","timestamp":"2026-04-09T21:11:53.604Z"}
{"level":"info","limit":"20","message":"Admin fetching all users with filters","page":"1","timestamp":"2026-04-09T21:11:53.612Z"}
{"level":"info","listType":"count","message":"Admin fetching all users with filters","timestamp":"2026-04-09T21:11:54.633Z"}
{"level":"info","message":"Admin fetching all sellers with filters","outputType":"count","timestamp":"2026-04-09T21:11:54.636Z"}
{"level":"info","listType":"count","message":"Admin fetching all users with filters","timestamp":"2026-04-09T21:11:54.643Z"}
{"level":"info","message":"Admin fetching all sellers with filters","outputType":"count","timestamp":"2026-04-09T21:11:54.646Z"}
{"level":"info","limit":"20","listType":"count","message":"Admin fetching all users with filters","page":"1","timestamp":"2026-04-09T21:11:57.109Z"}
{"level":"info","limit":"20","listType":"count","message":"Admin fetching all users with filters","page":"1","timestamp":"2026-04-09T21:11:57.114Z"}
{"level":"info","limit":"20","message":"Admin fetching all users with filters","page":"1","timestamp":"2026-04-09T21:11:57.147Z"}
{"level":"info","limit":"20","message":"Admin fetching all users with filters","page":"1","timestamp":"2026-04-09T21:11:57.151Z"}
{"level":"info","limit":"20","message":"Admin fetching all sellers with filters","outputType":"count","page":"1","sortBy":"createdAt","sortOrder":"desc","status":"PENDING","timestamp":"2026-04-09T21:11:58.890Z"}
{"level":"info","limit":"20","message":"Admin fetching all sellers with filters","page":"1","sortBy":"createdAt","sortOrder":"desc","status":"PENDING","timestamp":"2026-04-09T21:11:58.892Z"}
{"level":"info","limit":"20","message":"Admin fetching all sellers with filters","outputType":"count","page":"1","sortBy":"createdAt","sortOrder":"desc","status":"PENDING","timestamp":"2026-04-09T21:11:58.896Z"}
{"level":"info","limit":"20","message":"Admin fetching all sellers with filters","page":"1","sortBy":"createdAt","sortOrder":"desc","status":"PENDING","timestamp":"2026-04-09T21:11:58.902Z"}
{"level":"info","limit":"20","message":"Admin fetching all sellers with filters","outputType":"count","page":"1","sortBy":"createdAt","sortOrder":"desc","status":"PENDING","timestamp":"2026-04-09T21:12:21.282Z"}
{"level":"info","limit":"20","message":"Admin fetching all sellers with filters","page":"1","sortBy":"createdAt","sortOrder":"desc","status":"PENDING","timestamp":"2026-04-09T21:12:21.285Z"}
{"level":"info","limit":"20","message":"Admin fetching all sellers with filters","outputType":"count","page":"1","sortBy":"createdAt","sortOrder":"desc","status":"PENDING","timestamp":"2026-04-09T21:12:21.343Z"}
{"level":"info","limit":"20","message":"Admin fetching all sellers with filters","page":"1","sortBy":"createdAt","sortOrder":"desc","status":"PENDING","timestamp":"2026-04-09T21:12:21.349Z"}
{"level":"info","limit":"20","listType":"count","message":"Admin fetching all users with filters","page":"1","timestamp":"2026-04-09T21:12:22.537Z"}
{"level":"info","limit":"20","listType":"count","message":"Admin fetching all users with filters","page":"1","timestamp":"2026-04-09T21:12:22.542Z"}
{"level":"info","limit":"20","message":"Admin fetching all users with filters","page":"1","timestamp":"2026-04-09T21:12:22.571Z"}
{"level":"info","limit":"20","message":"Admin fetching all users with filters","page":"1","timestamp":"2026-04-09T21:12:22.578Z"}
{"level":"info","limit":"20","message":"Admin fetching all sellers with filters","outputType":"count","page":"1","sortBy":"createdAt","sortOrder":"desc","status":"PENDING","timestamp":"2026-04-09T21:12:25.228Z"}
{"level":"info","limit":"20","message":"Admin fetching all sellers with filters","page":"1","sortBy":"createdAt","sortOrder":"desc","status":"PENDING","timestamp":"2026-04-09T21:12:25.230Z"}
{"level":"info","limit":"20","message":"Admin fetching all sellers with filters","outputType":"count","page":"1","sortBy":"createdAt","sortOrder":"desc","status":"PENDING","timestamp":"2026-04-09T21:12:25.234Z"}
{"level":"info","limit":"20","message":"Admin fetching all sellers with filters","page":"1","sortBy":"createdAt","sortOrder":"desc","status":"PENDING","timestamp":"2026-04-09T21:12:25.238Z"}
{"level":"info","limit":"20","listType":"count","message":"Admin fetching all users with filters","page":"1","timestamp":"2026-04-09T21:12:58.658Z"}
{"level":"info","limit":"20","listType":"count","message":"Admin fetching all users with filters","page":"1","timestamp":"2026-04-09T21:12:58.823Z"}
{"level":"info","limit":"20","message":"Admin fetching all users with filters","page":"1","timestamp":"2026-04-09T21:12:58.830Z"}
{"level":"info","limit":"20","message":"Admin fetching all users with filters","page":"1","timestamp":"2026-04-09T21:12:58.852Z"}
{"level":"info","listType":"count","message":"Admin fetching all users with filters","timestamp":"2026-04-09T21:43:06.733Z"}
{"level":"info","message":"Admin fetching all sellers with filters","outputType":"count","timestamp":"2026-04-09T21:43:06.738Z"}
{"level":"info","listType":"count","message":"Admin fetching all users with filters","timestamp":"2026-04-09T21:43:06.804Z"}
{"level":"info","message":"Admin fetching all sellers with filters","outputType":"count","timestamp":"2026-04-09T21:43:06.817Z"}
[2026-04-10 08:16:52] [32minfo[39m: 🚀 Server running on port 5000
[2026-04-10 08:16:52] [32minfo[39m: 📦 Connected to PostgreSQL using Prisma 7 adapter
[2026-04-10 08:20:00] [32minfo[39m: 📧 Attempting to send email to king@gmail.com with subject: "Verify Email"
[2026-04-10 08:20:05] [32minfo[39m: ✅ Email sent successfully: <babdfbc3-a0fd-007c-b282-256f883b8b61@myapp.com>
{"level":"info","listType":"count","message":"Admin fetching all users with filters","timestamp":"2026-04-10T03:02:19.306Z"}
{"level":"info","message":"Admin fetching all sellers with filters","outputType":"count","timestamp":"2026-04-10T03:02:19.459Z"}
{"level":"info","listType":"count","message":"Admin fetching all users with filters","timestamp":"2026-04-10T03:02:19.712Z"}
{"level":"info","message":"Admin fetching all sellers with filters","outputType":"count","timestamp":"2026-04-10T03:02:19.720Z"}
{"level":"info","limit":"20","message":"Admin fetching all sellers with filters","outputType":"count","page":"1","sortBy":"createdAt","sortOrder":"desc","status":"PENDING","timestamp":"2026-04-10T03:04:55.669Z"}
{"level":"info","limit":"20","message":"Admin fetching all sellers with filters","page":"1","sortBy":"createdAt","sortOrder":"desc","status":"PENDING","timestamp":"2026-04-10T03:04:55.813Z"}
{"level":"info","limit":"20","message":"Admin fetching all sellers with filters","outputType":"count","page":"1","sortBy":"createdAt","sortOrder":"desc","status":"PENDING","timestamp":"2026-04-10T03:04:56.100Z"}
{"level":"info","limit":"20","message":"Admin fetching all sellers with filters","page":"1","sortBy":"createdAt","sortOrder":"desc","status":"PENDING","timestamp":"2026-04-10T03:04:56.185Z"}
{"level":"info","limit":"20","message":"Admin fetching all sellers with filters","page":"1","sortBy":"createdAt","sortOrder":"desc","status":"PENDING","timestamp":"2026-04-10T03:05:54.125Z"}
{"level":"info","limit":"20","message":"Admin fetching all sellers with filters","outputType":"count","page":"1","sortBy":"createdAt","sortOrder":"desc","status":"PENDING","timestamp":"2026-04-10T03:05:54.136Z"}
{"level":"info","limit":"20","message":"Admin fetching all sellers with filters","outputType":"count","page":"1","sortBy":"createdAt","sortOrder":"desc","status":"PENDING","timestamp":"2026-04-10T03:05:54.336Z"}
{"level":"info","limit":"20","message":"Admin fetching all sellers with filters","page":"1","sortBy":"createdAt","sortOrder":"desc","status":"PENDING","timestamp":"2026-04-10T03:05:54.350Z"}
{"level":"info","message":"Admin fetching all sellers with filters","outputType":"count","timestamp":"2026-04-10T03:05:57.432Z"}
{"level":"info","listType":"count","message":"Admin fetching all users with filters","timestamp":"2026-04-10T03:05:57.439Z"}
{"level":"info","message":"Admin fetching all sellers with filters","outputType":"count","timestamp":"2026-04-10T03:05:57.456Z"}
{"level":"info","listType":"count","message":"Admin fetching all users with filters","timestamp":"2026-04-10T03:05:57.515Z"}
{"level":"info","listType":"count","message":"Admin fetching all users with filters","timestamp":"2026-04-10T03:14:44.273Z"}
{"level":"info","message":"Admin fetching all sellers with filters","outputType":"count","timestamp":"2026-04-10T03:14:44.319Z"}
{"level":"info","listType":"count","message":"Admin fetching all users with filters","timestamp":"2026-04-10T03:14:44.491Z"}
{"level":"info","message":"Admin fetching all sellers with filters","outputType":"count","timestamp":"2026-04-10T03:14:44.496Z"}
{"level":"info","listType":"count","message":"Admin fetching all users with filters","timestamp":"2026-04-10T03:15:02.946Z"}
{"level":"info","message":"Admin fetching all sellers with filters","outputType":"count","timestamp":"2026-04-10T03:15:02.954Z"}
{"level":"info","listType":"count","message":"Admin fetching all users with filters","timestamp":"2026-04-10T03:15:03.113Z"}
{"level":"info","message":"Admin fetching all sellers with filters","outputType":"count","timestamp":"2026-04-10T03:15:03.121Z"}
{"level":"info","limit":"20","message":"Admin fetching all sellers with filters","outputType":"count","page":"1","sortBy":"createdAt","sortOrder":"desc","status":"PENDING","timestamp":"2026-04-10T03:15:32.077Z"}
{"level":"info","limit":"20","message":"Admin fetching all sellers with filters","page":"1","sortBy":"createdAt","sortOrder":"desc","status":"PENDING","timestamp":"2026-04-10T03:15:32.085Z"}
{"level":"info","limit":"20","message":"Admin fetching all sellers with filters","outputType":"count","page":"1","sortBy":"createdAt","sortOrder":"desc","status":"PENDING","timestamp":"2026-04-10T03:15:32.284Z"}
{"level":"info","limit":"20","message":"Admin fetching all sellers with filters","page":"1","sortBy":"createdAt","sortOrder":"desc","status":"PENDING","timestamp":"2026-04-10T03:15:32.296Z"}
{"level":"info","listType":"count","message":"Admin fetching all users with filters","timestamp":"2026-04-10T03:35:07.578Z"}
{"level":"info","message":"Admin fetching all sellers with filters","outputType":"count","timestamp":"2026-04-10T03:35:07.595Z"}
{"level":"info","listType":"count","message":"Admin fetching all users with filters","timestamp":"2026-04-10T03:35:07.676Z"}
{"level":"info","message":"Admin fetching all sellers with filters","outputType":"count","timestamp":"2026-04-10T03:35:07.703Z"}
{"level":"info","limit":"20","message":"Admin fetching all sellers with filters","outputType":"count","page":"1","sortBy":"createdAt","sortOrder":"desc","status":"PENDING","timestamp":"2026-04-10T03:35:11.938Z"}
{"level":"info","limit":"20","message":"Admin fetching all sellers with filters","page":"1","sortBy":"createdAt","sortOrder":"desc","status":"PENDING","timestamp":"2026-04-10T03:35:11.945Z"}
{"level":"info","limit":"20","message":"Admin fetching all sellers with filters","outputType":"count","page":"1","sortBy":"createdAt","sortOrder":"desc","status":"PENDING","timestamp":"2026-04-10T03:35:11.954Z"}
{"level":"info","limit":"20","message":"Admin fetching all sellers with filters","page":"1","sortBy":"createdAt","sortOrder":"desc","status":"PENDING","timestamp":"2026-04-10T03:35:11.964Z"}
{"level":"info","limit":"20","message":"Admin fetching all sellers with filters","outputType":"count","page":"1","sortBy":"createdAt","sortOrder":"desc","timestamp":"2026-04-10T03:35:14.382Z"}
{"level":"info","limit":"20","message":"Admin fetching all sellers with filters","page":"1","sortBy":"createdAt","sortOrder":"desc","timestamp":"2026-04-10T03:35:14.387Z"}
{"level":"info","limit":"20","listType":"count","message":"Admin fetching all users with filters","page":"1","timestamp":"2026-04-10T03:35:20.016Z"}
{"level":"info","limit":"20","listType":"count","message":"Admin fetching all users with filters","page":"1","timestamp":"2026-04-10T03:35:20.028Z"}
{"level":"info","limit":"20","message":"Admin fetching all users with filters","page":"1","timestamp":"2026-04-10T03:35:20.091Z"}
{"level":"info","limit":"20","message":"Admin fetching all users with filters","page":"1","timestamp":"2026-04-10T03:35:20.133Z"}
{"level":"info","listType":"count","message":"Admin fetching all users with filters","timestamp":"2026-04-10T04:42:25.120Z"}
{"level":"info","message":"Admin fetching all sellers with filters","outputType":"count","timestamp":"2026-04-10T04:42:25.133Z"}
{"level":"info","listType":"count","message":"Admin fetching all users with filters","timestamp":"2026-04-10T04:42:25.261Z"}
{"level":"info","message":"Admin fetching all sellers with filters","outputType":"count","timestamp":"2026-04-10T04:42:25.286Z"}
{"level":"info","limit":"20","message":"Admin fetching all sellers with filters","outputType":"count","page":"1","sortBy":"createdAt","sortOrder":"desc","status":"PENDING","timestamp":"2026-04-10T04:42:34.028Z"}
{"level":"info","limit":"20","message":"Admin fetching all sellers with filters","page":"1","sortBy":"createdAt","sortOrder":"desc","status":"PENDING","timestamp":"2026-04-10T04:42:34.034Z"}
{"level":"info","limit":"20","message":"Admin fetching all sellers with filters","outputType":"count","page":"1","sortBy":"createdAt","sortOrder":"desc","status":"PENDING","timestamp":"2026-04-10T04:42:34.046Z"}
{"level":"info","limit":"20","message":"Admin fetching all sellers with filters","page":"1","sortBy":"createdAt","sortOrder":"desc","status":"PENDING","timestamp":"2026-04-10T04:42:34.063Z"}
{"level":"info","limit":"20","listType":"count","message":"Admin fetching all users with filters","page":"1","timestamp":"2026-04-10T04:42:36.531Z"}
{"level":"info","limit":"20","listType":"count","message":"Admin fetching all users with filters","page":"1","timestamp":"2026-04-10T04:42:36.541Z"}
{"level":"info","limit":"20","message":"Admin fetching all users with filters","page":"1","timestamp":"2026-04-10T04:42:36.645Z"}
{"level":"info","limit":"20","message":"Admin fetching all users with filters","page":"1","timestamp":"2026-04-10T04:42:36.657Z"}
[2026-04-10 10:31:51] [32minfo[39m: 🚀 Server running on port 5000
[2026-04-10 10:31:51] [32minfo[39m: 📦 Connected to PostgreSQL using Prisma 7 adapter
[2026-04-10 10:34:39] [32minfo[39m: 🚀 Server running on port 5000
[2026-04-10 10:34:40] [32minfo[39m: 📦 Connected to PostgreSQL using Prisma 7 adapter
[2026-04-10 10:34:48] [32minfo[39m: 🚀 Server running on port 5000
[2026-04-10 10:34:48] [32minfo[39m: 📦 Connected to PostgreSQL using Prisma 7 adapter
[2026-04-10 10:38:07] [32minfo[39m: 🚀 Server running on port 5000
[2026-04-10 10:38:07] [32minfo[39m: 📦 Connected to PostgreSQL using Prisma 7 adapter
[2026-04-10 10:38:14] [32minfo[39m: 🚀 Server running on port 5000
[2026-04-10 10:38:14] [32minfo[39m: 📦 Connected to PostgreSQL using Prisma 7 adapter
[2026-04-10 10:40:07] [32minfo[39m: 🚀 Server running on port 5000
[2026-04-10 10:40:08] [32minfo[39m: 📦 Connected to PostgreSQL using Prisma 7 adapter
{"level":"info","message":"Fetching profile for user: fde079a5-9355-4043-be58-a03565432042","timestamp":"2026-04-10T05:10:15.768Z"}
{"level":"info","message":"Fetching profile for user: fde079a5-9355-4043-be58-a03565432042","timestamp":"2026-04-10T05:10:15.806Z"}
[2026-04-10 10:41:51] [32minfo[39m: 🚀 Server running on port 5000
[2026-04-10 10:41:51] [32minfo[39m: 📦 Connected to PostgreSQL using Prisma 7 adapter
[2026-04-10 10:42:08] [32minfo[39m: 🚀 Server running on port 5000
[2026-04-10 10:42:09] [32minfo[39m: 📦 Connected to PostgreSQL using Prisma 7 adapter
[2026-04-10 10:42:45] [32minfo[39m: 🚀 Server running on port 5000
[2026-04-10 10:42:45] [32minfo[39m: 📦 Connected to PostgreSQL using Prisma 7 adapter
{"level":"info","message":"Fetching profile for user: fde079a5-9355-4043-be58-a03565432042","timestamp":"2026-04-10T05:14:17.138Z"}
{"level":"info","message":"Fetching profile for user: fde079a5-9355-4043-be58-a03565432042","timestamp":"2026-04-10T05:14:17.566Z"}
[2026-04-14 13:01:05] [32minfo[39m: 🚀 Server running on port 5000
[2026-04-14 13:01:05] [32minfo[39m: 📦 Connected to PostgreSQL using Prisma 7 adapter
{"level":"info","listType":"count","message":"Admin fetching all users with filters","timestamp":"2026-04-14T07:32:54.043Z"}
{"level":"info","message":"Admin fetching all sellers with filters","outputType":"count","timestamp":"2026-04-14T07:32:54.094Z"}
{"level":"info","listType":"count","message":"Admin fetching all users with filters","timestamp":"2026-04-14T07:32:54.209Z"}
{"level":"info","message":"Admin fetching all sellers with filters","outputType":"count","timestamp":"2026-04-14T07:32:54.217Z"}
{"level":"info","limit":"20","message":"Admin fetching all sellers with filters","outputType":"count","page":"1","sortBy":"createdAt","sortOrder":"desc","status":"PENDING","timestamp":"2026-04-14T07:33:20.800Z"}
{"level":"info","limit":"20","message":"Admin fetching all sellers with filters","page":"1","sortBy":"createdAt","sortOrder":"desc","status":"PENDING","timestamp":"2026-04-14T07:33:20.816Z"}
{"level":"info","limit":"20","message":"Admin fetching all sellers with filters","outputType":"count","page":"1","sortBy":"createdAt","sortOrder":"desc","status":"PENDING","timestamp":"2026-04-14T07:33:20.928Z"}
{"level":"info","limit":"20","message":"Admin fetching all sellers with filters","page":"1","sortBy":"createdAt","sortOrder":"desc","status":"PENDING","timestamp":"2026-04-14T07:33:20.952Z"}
{"level":"info","message":"Admin fetching user: 7b74472e-1de4-4839-b8cc-cfdf1cabd711","timestamp":"2026-04-14T07:33:23.425Z"}
{"level":"info","message":"Admin fetching user: 7b74472e-1de4-4839-b8cc-cfdf1cabd711","timestamp":"2026-04-14T07:33:23.442Z"}
{"level":"info","limit":"20","listType":"count","message":"Admin fetching all users with filters","page":"1","timestamp":"2026-04-14T07:33:26.267Z"}
{"level":"info","limit":"20","listType":"count","message":"Admin fetching all users with filters","page":"1","timestamp":"2026-04-14T07:33:26.278Z"}
{"level":"info","limit":"20","message":"Admin fetching all users with filters","page":"1","timestamp":"2026-04-14T07:33:26.352Z"}
{"level":"info","limit":"20","message":"Admin fetching all users with filters","page":"1","timestamp":"2026-04-14T07:33:26.371Z"}
{"level":"info","message":"Admin fetching user: d60f9bf7-2150-4032-bf8a-b859ec9d96f2","timestamp":"2026-04-14T07:33:28.097Z"}
{"level":"info","message":"Admin fetching user: d60f9bf7-2150-4032-bf8a-b859ec9d96f2","timestamp":"2026-04-14T07:33:28.110Z"}
{"level":"info","limit":"20","listType":"count","message":"Admin fetching all users with filters","page":"1","timestamp":"2026-04-14T07:33:30.873Z"}
{"level":"info","limit":"20","listType":"count","message":"Admin fetching all users with filters","page":"1","timestamp":"2026-04-14T07:33:30.881Z"}
{"level":"info","limit":"20","message":"Admin fetching all users with filters","page":"1","timestamp":"2026-04-14T07:33:30.955Z"}
{"level":"info","limit":"20","message":"Admin fetching all users with filters","page":"1","timestamp":"2026-04-14T07:33:30.966Z"}
{"level":"info","limit":"20","listType":"count","message":"Admin fetching all users with filters","page":"1","timestamp":"2026-04-14T07:54:12.633Z"}
{"level":"info","limit":"20","listType":"count","message":"Admin fetching all users with filters","page":"1","timestamp":"2026-04-14T07:54:12.798Z"}
{"level":"info","limit":"20","message":"Admin fetching all users with filters","page":"1","timestamp":"2026-04-14T07:54:12.821Z"}
{"level":"info","limit":"20","message":"Admin fetching all users with filters","page":"1","timestamp":"2026-04-14T07:54:12.833Z"}
